,Unnamed: 0,word,syll,index,segment,quantity,stressed,ictus,duration,midpoint,f1,f2,euc,fileid,performer
0,0,miks,miks,0,i,3,1,ictus,0.1039651386468509,1.423198698737554,606.8358913693418,1313.8857606141862,707.0498692448444,94,LK
1,1,sa,sa,0,a,3,1,ictus,0.1253408207561972,1.581560716500548,674.8698814840866,1469.8997619127915,795.0298804287052,94,LK
2,2,mullu,mul,0,ul,2,1,off,0.1594804930285427,1.7287565701260483,754.864293864719,1336.4797148509588,581.6154209862398,94,LK
3,3,mullu,lu,1,u,1,0,off,0.1580853657533629,1.8441354795138116,590.1233587428162,1120.7897249706973,530.6663662278811,94,LK
4,4,meile(e)i,mei,0,ei,2,1,ictus,0.2359466430951706,2.0309415213338045,711.5173302110895,1380.4563613846476,668.9390311735581,94,LK
5,5,meile(e)i,le,1,eiː,1,0,ictus,0.1560073310288947,2.097608354036404,799.4531622890729,1443.2690958280564,643.8159335389835,94,LK
6,6,"tulnud,",tul,0,ul,2,1,off,0.1519557547736454,2.212860207869863,808.9166165945924,1412.5467029156314,603.630086321039,94,LK
7,7,"tulnud,","nud,",1,u,2,0,off,0.1313314464297121,2.3075625486116818,812.8397917725954,1427.744656656622,614.9048648840267,94,LK
8,8,murumullu,mu,0,u,1,1,off,0.1056258555423372,2.44557721765304,700.8980799697481,1445.3218504103002,744.4237704405521,94,LK
9,9,murumullu,ru,1,ʊ,1,0,ictus,0.2079560601747934,2.62154242566416,447.55066085959135,1265.17262234087,817.6219614812787,94,LK
10,10,meil,meil,0,eil,3,1,ictus,0.2804660959299614,3.063811504622207,485.5145070864824,1083.5860200526974,598.0715129662151,94,LK
11,11,ei,ei,0,e,3,1,off,0.0824757397467728,3.006054196403999,849.9746438542288,1270.154977640702,420.18033378647306,94,LK
12,12,ei,ei,0,iː,3,1,ictus,0.0980754314193861,3.062891757949999,486.1479673449778,1091.0512341323413,604.9032667873635,94,LK
13,13,"käinud,",käi,0,æi,2,1,ictus,0.2040605300760258,3.2503092962338465,675.4424971054746,1643.5170778021686,968.074580696694,94,LK
14,14,"käinud,","nud,",1,u,2,0,ictus,0.0966424067685647,3.274585150532737,489.6137411671354,1524.0602910262403,1034.446549859105,94,LK
15,15,kui,kui,0,uiː,3,1,off,0.1511553660690285,4.844682860400095,593.8017078634836,1179.8485799608236,586.04687209734,94,LK
16,16,käisid,käi,0,æi,2,1,off,0.1884896639957336,5.000333550818728,557.817924934894,1135.5703376769936,577.7524127420996,94,LK
17,17,käisid,sid,1,i,2,0,ictus,0.0838650761371671,5.050335197088061,452.5387608148472,1232.29655830796,779.7577974931128,94,LK
18,18,käsud,kä,0,æ,1,1,off,0.2206604702149288,5.300044755520977,797.9998713633752,1585.346387482305,787.3465161189299,94,LK
19,19,käsud,sud,1,ʊ,2,0,off,0.1328247490614131,5.368599464713965,492.07180884798737,1206.3409724216413,714.2691635736539,94,LK
20,20,ja,ja,0,a,3,1,off,0.1241099773242631,5.89086507936508,710.1810078986849,1458.255476512402,748.0744686137169,94,LK
21,21,sõitsid,sõit,0,ɵii,2,1,ictus,0.1547510522903206,6.034476645744669,463.3389143467204,1385.697704973539,922.3587906268184,94,LK
22,22,sajad,sa,0,a,1,1,off,0.2301396109096298,6.389151515671534,527.931085323631,1202.689964296478,674.7588789728471,94,LK
23,23,sajad,jad,1,ɑ,2,0,off,0.0570646709945616,6.381015045247847,541.8025328772347,1197.9662817906835,656.1637489134488,94,LK
24,24,"sõnumida,",sõ,0,ɵ,1,1,ictus,0.2681825932633153,6.695194873192172,593.2125911242267,962.4189071780804,369.2063160538538,94,LK
25,25,"sõnumida,",num,1,ʊ,2,0,ictus,0.1472927291945005,6.744966659381831,672.0186033218416,1437.1815905204874,765.1629871986457,94,LK
26,26,Nüüd,nüüd,0,yyː,3,1,off,0.1897011195181335,8.528005321663828,618.6824572384849,1526.8359077865616,908.1534505480768,94,LK
27,27,tul´lid,tul´,0,ul,2,1,off,0.2088607668450564,8.820140303945573,818.3984683094641,1509.7511052787136,691.3526369692495,94,LK
28,28,tul´lid,lid,1,i,2,0,off,0.0811040091185262,8.824805578806371,821.8207686499463,1657.5163319354197,835.6955632854733,94,LK
29,29,san´dil,san´,0,a,2,1,off,0.1582133734057897,9.010201924798135,1067.7245913928996,2028.1512786337116,960.4266872408118,94,LK
30,30,"ajal,",a,0,a,1,0,ictus,0.2495957572863076,9.367490179534087,770.124693032729,1429.593404568102,659.4687115353729,94,LK
31,31,"ajal,","jal,",1,ɑl,3,1,ictus,0.1508348461298538,9.421808680670134,636.0319566689594,1228.6365953407064,592.604638671747,94,LK
32,32,kevadisel,ke,0,e,1,1,off,0.2411791213329053,9.639015233668088,724.1114821114037,1881.8702344480955,1157.758752336692,94,LK
33,33,kevadisel,va,1,ɑ,1,0,off,0.1682298809297435,9.718663894108278,751.1061269993924,1531.129462848733,780.0233358493407,94,LK
34,34,kehval,keh,0,e,2,1,ictus,0.1281654014706177,10.05450932795794,594.4022840897417,1355.2636165980948,760.8613325083531,94,LK
35,35,kehval,val,1,a,2,0,off,0.148898039943802,10.25335417876897,927.4848580462856,1516.360277272785,588.8754192264994,94,LK
36,36,"ajal,",a,0,a,1,0,ictus,0.23224737297841,10.433588784543035,868.7885256215859,1990.8582769047723,1122.0697512831864,94,LK
37,37,"ajal,","jal,",1,ɑl,3,1,ictus,0.1602067518382703,10.51913712683848,512.0006820709312,1134.4245317938876,622.4238497229563,94,LK
38,38,nüüd,nüüd,0,yyː,3,1,off,0.1946601074292999,12.000792193597102,431.2868059688468,1830.176247039032,1398.889441070185,94,LK
39,39,sina,si,0,i,1,1,off,0.0346100269971856,11.996237557758802,419.6997673523096,1659.8282676628985,1240.128500310589,94,LK
40,40,sina,na,1,ɑ,1,0,ictus,0.1006405457549064,12.094405958728196,530.7627210822858,824.3292222718262,293.5665011895404,94,LK
41,41,riisud,rii,0,iː,2,1,off,0.2268571930783238,12.302072020575444,687.1932297353675,1818.028354641452,1130.8351249060847,94,LK
42,42,riisud,sud,1,u,2,0,off,0.1025940085988033,12.332317885190506,769.8438974882375,1607.053303008793,837.2094055205552,94,LK
43,43,"riide'eida,",rii,0,iː,2,1,ictus,0.2212569583034422,12.574837291451448,764.7823451747661,1164.9711785041816,400.1888333294155,94,LK
44,44,kakud,ka,0,a,2,1,off,0.1244413882843851,12.972077405218172,655.0939385692725,1418.9392372245177,763.845298655245,94,LK
45,45,kakud,kud,1,u,2,0,off,0.0807187383466256,13.072975828151456,646.397597852537,1448.2143007792888,801.8167029267518,94,LK
46,46,"kaelakardasida,",kae,0,ae,2,1,off,0.2589726188620957,13.368213652471306,451.8415919022319,1145.6151867380413,693.7735948358095,94,LK
47,47,"kaelakardasida,",la,1,a,2,0,off,0.1530292747821455,13.416981223555725,459.4629239998049,1289.6642567171834,830.2013327173786,94,LK
48,48,Võtke,võt,0,ɵ,2,1,ictus,0.0846832514777524,15.343480006267772,830.3189670497039,1580.5285447804492,750.2095777307453,94,LK
49,49,Võtke,ke,1,e,1,0,off,0.1228800558700804,15.530824904383088,721.0313778369632,1031.740984418306,310.7096065813428,94,LK
50,50,kinni,kin,0,i,2,1,off,0.1633746197363592,15.680954977358615,523.2328108365431,1120.2594264679856,597.0266156314425,94,LK
51,51,kinni,ni,1,i,1,0,off,0.1164701260039926,15.77340096500626,567.8424889043097,1206.108436009302,638.2659471049924,94,LK
52,52,"kuningas,",ku,0,u,1,1,ictus,0.1830979229996217,15.943784595215416,805.7393602454771,1495.7881597633884,690.0487995179113,94,LK
53,53,"kuningas,",nin,1,ɪ,2,0,ictus,0.1511944934308786,16.019804738146448,753.0779504806942,1402.6853100347807,649.6073595540865,94,LK
54,54,võtke,võt,0,ɵ,2,1,off,0.0836631674471419,16.539906321718018,1098.3292687845806,1954.9260991127285,856.5968303281479,94,LK
55,55,võtke,ke,1,e,1,0,ictus,0.127409867798093,16.737810154679906,472.14898554921257,1357.6499866295464,885.5010010803339,94,LK
56,56,kinni,kin,0,i,2,1,ictus,0.1564811094844742,16.866037742970306,304.30568697844654,1060.2164416545336,755.910754676087,94,LK
57,57,kinni,ni,1,i,1,0,off,0.14098793032759,16.987659199351796,974.5150289795546,2251.80563287773,1277.2906038981755,94,LK
58,58,kuningas!,ku,0,u,1,1,off,0.1859181498825322,17.145485127131554,782.8992305782195,1503.9725420997634,721.0733115215438,94,LK
59,59,kuningas!,nin,1,ɪ,2,0,off,0.154931791568778,17.225274999789477,596.9871903377656,1594.7929803164882,997.8057899787226,94,LK
60,0,sissi,sis,0,i,2,1,off,0.182,0.5840233843537415,656.742101574928,2101.72106038569,1444.9789588107622,18,MH
61,1,sissi,si,1,i,1,0,ictus,0.2159530522237467,0.8082247358972161,428.9942297691756,1625.306339584701,1196.3121098155252,18,MH
62,2,"kadrisandi,",kad,0,a,2,1,ictus,0.2619810954886461,1.0122609913384273,843.3314242815272,1887.7943968455504,1044.462972564023,18,MH
63,3,"kadrisandi,",ri,1,i,1,0,off,0.1739597728796991,1.1357503300339538,763.0909845248258,2382.8796792200524,1619.7886946952267,18,MH
64,4,Laske,las,0,a,2,1,off,0.1665572562358281,3.0092942176870747,952.8006662097812,1587.202678110281,634.4020119005,18,MH
65,5,Laske,ke,1,e,1,0,off,0.1766575947314805,3.196718253148053,942.2261511765372,1555.2393515031536,613.0132003266165,18,MH
66,6,sissi,sis,0,i,2,1,off,0.1779999999999999,3.3401401643990933,895.2047909389747,1611.407003048157,716.2022121091824,18,MH
67,7,sissi,si,1,i,1,0,off,0.1772559147827985,3.5300239136490124,819.7879571685054,1552.620660806385,732.8327036378797,18,MH
68,8,"kadrisandi,",kad,0,a,2,1,off,0.2487536050200276,3.739142037770785,471.56930190012383,1998.299048955064,1526.7297470549402,18,MH
69,9,"kadrisandi,",ri,1,i,1,0,off,0.1755475901939691,3.8536497092728967,458.5180243350704,1662.7708012858443,1204.2527769507738,18,MH
70,10,kadril,kad,0,a,2,1,ictus,0.2383753956443701,5.631261819137378,541.1671597922953,1568.5352540162658,1027.3680942239705,18,MH
71,11,kadril,ril,1,il,2,0,ictus,0.1907438249049473,5.79381794622014,896.3877163637077,1687.5348034294984,791.1470870657907,18,MH
72,12,küüdse,küüd,0,yː,2,1,off,0.2572796873951191,5.990682183550167,889.7359076474534,2075.023655682747,1185.2877480352938,18,MH
73,13,küüdse,se,1,e,1,0,off,0.1910232452034055,6.111501444956181,657.9432796992207,2250.030662184197,1592.0873824849762,18,MH
74,14,"külmeteve,",kül,0,yl,2,1,ictus,0.3036591130861659,6.353639939495871,520.6939570127585,1585.3862462151003,1064.6922892023422,18,MH
75,15,"külmeteve,",me,1,e,2,0,ictus,0.1491183144619565,6.387530465509951,542.5094290837442,1868.7457202009607,1326.2362911172163,18,MH
76,16,kadril,kad,0,a,2,1,off,0.2409867400989895,8.263470658881694,1062.9414472987417,2139.091809211688,1076.150361912946,18,MH
77,17,kadril,ril,1,il,2,0,off,0.2089873689058983,8.429952363236964,913.5556197004388,1512.86977839516,599.3141586947213,18,MH
78,18,varba,var,0,a,2,1,off,0.1538863110904742,8.504071906869507,953.7435739246588,1483.4395489950691,529.6959750704104,18,MH
79,19,varba,ba,1,a,1,0,off,0.2303083250661401,8.758112841317086,865.0829622601977,1622.4274178289795,757.3444555687818,18,MH
80,20,valutave!,va,0,a,1,1,off,0.2466126780296029,8.91844059743339,634.3710915083828,1400.0527261834948,765.6816346751119,18,MH
81,21,valutave!,lu,1,ʊ,2,0,off,0.1242927897269225,8.958885076630247,536.0308156727865,1921.1266595572008,1385.095843884414,18,MH
82,22,Kadri,kad,0,a,2,1,off,0.1362520268419871,10.680927461759874,1006.61711210459,2134.248531325319,1127.6314192207292,18,MH
83,23,Kadri,ri,1,i,1,0,ictus,0.0539330939582853,10.730602679879349,857.9527508324487,1876.5866655179063,1018.6339146854576,18,MH
84,24,om,om,0,o,3,1,ictus,0.1816693691226483,10.885305502022852,1185.1371004509506,1416.6010054518702,231.4639050009196,18,MH
85,25,tullu,tul,0,ul,2,1,off,0.2940791829694049,11.16519176552955,605.65614549036,1417.5069777994895,811.8508323091295,18,MH
86,26,tullu,lu,1,u,1,0,off,0.1438357412152662,11.203595768142703,533.1213725651329,2096.1306016081385,1563.0092290430057,18,MH
87,27,kauge,kau,0,auː,2,1,ictus,0.3275760705467938,11.502939392320409,624.9489583210484,2019.480384172091,1394.5314258510425,18,MH
88,28,kauge,ge,1,e,1,0,ictus,0.1856959890360805,11.564490310034614,713.9057925915686,2208.0143797691667,1494.108587177598,18,MH
89,29,ümmert,üm,0,y,2,1,off,0.2108972717905324,13.366873852717877,600.248502294845,2059.8426480251874,1459.5941457303425,18,MH
90,30,ümmert,mert,1,e,2,0,off,0.1573994829869427,13.49197500382028,923.6995582067068,1595.244060416008,671.544502209301,18,MH
91,31,"ilma,",il,0,il,2,1,off,0.3612696388663501,13.836648609679354,952.0639362333076,1539.9253830639834,587.861446830676,18,MH
92,32,"ilma,","ma,",1,a,2,0,off,0.2259643189902824,13.91558356255637,928.077565002458,1615.7106641812672,687.6330991788093,18,MH
93,33,ümmert,üm,0,y,2,1,off,0.2089466623782918,14.01154806543952,765.2996379314253,1541.4779000388155,776.1782621073904,18,MH
94,34,ümmert,mert,1,e,2,0,off,0.1374768544905258,14.117872577802515,536.339952974628,1688.7099830687675,1152.3700300941396,18,MH
95,35,"otsa,",ot,0,o,2,1,off,0.1893505266898607,14.295002939648777,481.3058205123447,1415.2259032792865,933.9200827669416,18,MH
96,36,"otsa,","sa,",1,a,2,0,off,0.2257570932781192,14.52613736923896,557.3650291336281,1239.3548588269443,681.9898296933162,18,MH
97,37,läbi,lä,0,æ,1,1,off,0.1615384732666207,15.874774444966643,958.359083185586,2255.550892779825,1297.191809594239,18,MH
98,38,läbi,bi,1,ɪ,1,0,ictus,0.2073178293412461,16.067299468808947,833.8515537411046,1554.969160835432,721.1176070943274,18,MH
99,39,soo,soo,0,o,3,1,ictus,0.2416896351753479,16.272001067587674,874.1060771220957,1621.1173398287913,747.0112627066956,18,MH
100,40,"sipa-sopa,",si,0,i,2,1,off,0.1633156085490128,16.498883316882345,568.6668994204416,2007.1628704933487,1438.4959710729072,18,MH
101,41,"sipa-sopa,",pa,1,a,1,0,ictus,0.1947704733294131,16.70895294499804,704.1629905534736,980.2874825557684,276.1244920022948,18,MH
102,42,läbi,lä,0,æ,1,1,off,0.19915483482756,18.49181889728401,656.1997586045072,1274.383296949575,618.1835383450677,18,MH
103,43,läbi,bi,1,ɪ,1,0,off,0.2370781515607092,18.6922106319028,1045.3232609474835,1446.3429584247408,401.01969747725707,18,MH
104,44,laane,laa,0,aː,2,1,off,0.267246562330115,18.883557326219,1201.840870311978,1495.5213360926514,293.68046578067333,18,MH
105,45,laane,ne,1,e,1,0,off,0.19915483482756,18.98577529682342,817.6241946578366,1625.6710546395996,808.046859981763,18,MH
106,46,lipa-lapa.,li,0,i,2,1,off,0.1257820009437296,19.040751525480687,879.2604093705684,1627.4070231163362,748.1466137457678,18,MH
107,47,lipa-lapa.,pa,1,a,1,0,off,0.1939139181215736,19.287074610662145,613.1799291067575,1955.2240678327407,1342.0441387259832,18,MH
108,48,Obu,o,0,o,1,1,off,0.1470464934180526,20.88919198977561,1024.7143958811223,2148.2878201377453,1123.573424256623,18,MH
109,49,Obu,bu,1,ʊ,1,0,off,0.100421995505016,20.95195573696625,878.2633893996128,2158.450198994427,1280.186809594814,18,MH
110,50,meil,meil,0,eil,3,1,ictus,0.2036622959982494,21.14165613103226,1012.2207309596404,1514.0518884997823,501.8311575401418,18,MH
111,51,uppus,up,0,u,3,1,ictus,0.1408845900464683,21.180709573079604,1119.4728154415238,1551.6341662004977,432.1613507589736,18,MH
112,52,uppus,pus,1,u,2,0,off,0.1546179925643045,21.372530708481904,424.3254862276328,2223.465284481254,1799.1397982536212,18,MH
113,53,"ojasse,",o,0,o,1,1,off,0.2644979078424256,21.6055888773906,354.95896009363344,1287.949140982756,932.9901808891226,18,MH
114,54,"ojasse,",jas,1,ɑ,2,0,off,0.1338673469387785,21.64470727040817,377.39311135430097,1280.7985623568875,903.4054510025868,18,MH
115,55,mära,mä,0,æ,1,1,off,0.1132343358963012,23.329256836315498,678.1240599659163,2159.9513857802963,1481.82732581438,18,MH
116,56,mära,ra,1,ɑj,1,0,off,0.1749399862795542,23.471378448133706,939.9545930869748,1458.6939968308934,518.7394037439187,18,MH
117,57,jäi,jäi,0,æi,3,1,off,0.1210538914725276,23.53472700655189,950.3280362411264,1433.3297140899451,483.0016778488189,18,MH
118,58,mätaste,mä,0,æ,2,1,off,0.1128645072771306,23.620923920275896,848.581173777794,1585.4492702324146,736.8680964546206,18,MH
119,59,mätaste,tas,1,a,2,0,off,0.0984020455500669,23.713682740462104,796.7500082594448,1529.4921748176314,732.7421665581866,18,MH
120,60,"vahele,",va,0,a,1,1,off,0.239837077963898,24.079278559688643,925.3319646802788,1576.874986728403,651.5430220481242,18,MH
121,61,"vahele,",he,1,ɛ,1,0,off,0.2511235286916147,24.254218545968197,813.6467842413375,1642.724899541092,829.0781152997546,18,MH
122,62,lumi,lu,0,u,1,1,off,0.2048990575630398,25.962970905498118,620.8796166738393,1706.73263926881,1085.8530225949708,18,MH
123,63,lumi,mi,1,ɪ,1,0,off,0.2228336849474956,26.13658924758921,1007.243561935427,2117.652271503233,1110.408709567806,18,MH
124,64,rikkus,rik,0,i,3,1,off,0.1609921166566721,26.21909472745191,838.0958807332363,2086.922109537936,1248.8262288046994,18,MH
125,65,rikkus,kus,1,u,2,0,ictus,0.1463564696878805,26.370939564753087,498.2392483898807,1441.8109391913308,943.57169080145,18,MH
126,66,"loogakirja,",loo,0,oː,2,1,off,0.2707594689225843,26.630722298449083,351.234710691077,1801.3694698490629,1450.134759157986,18,MH
127,67,"loogakirja,",ga,1,a,1,0,off,0.1866044988520485,26.724024547875107,907.5612263099134,2133.022326160578,1225.4610998506646,18,MH
128,68,sadu,sa,0,a,1,1,off,0.2914744209679938,28.545885170684542,914.02693562384,2224.1631739797026,1310.1362383558626,18,MH
129,69,sadu,du,1,ʊ,1,0,off,0.2342569671995278,28.66241921398493,921.3823251501497,1335.7710522531108,414.3887271029613,18,MH
130,70,rikkus,rik,0,i,3,1,off,0.1494095284525798,28.722979262749867,1065.3318059823794,1403.188860632326,337.8570546499466,18,MH
131,71,rikkus,kus,1,u,2,0,off,0.1459161124252475,28.87197609683568,883.5561184898452,1476.1238125659509,592.5676940761057,18,MH
132,72,"saaniteki,",saa,0,aː,2,1,off,0.3148272206679365,29.1765439026952,989.5210904647232,1280.8625062869555,291.3414158222323,18,MH
133,73,"saaniteki,",ni,1,i,1,0,off,0.1787578286843327,29.22056635304283,1176.5693234135215,1479.2809811226678,302.71165770914604,18,MH
134,74,ärmätus,är,0,æ,2,1,off,0.1814258559781336,30.93136169314114,430.57478967945536,2153.99598906139,1723.421199381935,18,MH
135,75,ärmätus,mä,1,æ,2,0,off,0.1257351245413644,31.05159184222844,900.5978786584324,2217.506397721033,1316.9085190626006,18,MH
136,76,sei,sei,0,eiː,3,1,ictus,0.3127267738961876,31.55062781556285,934.5330583840736,1520.6942402588595,586.1611818747862,18,MH
137,77,ää,ää,0,æː,3,1,ictus,0.570957840872353,31.96522226948711,378.1384490298595,2385.041690995956,2006.9032419660964,18,MH
138,78,obese.,o,0,o,1,1,off,0.1307333373960091,31.810476686446943,341.57548004660686,2186.3462793788467,1844.77079933224,18,MH
139,79,obese.,be,1,ɛ,1,0,off,0.1411612548634266,31.920955627431717,426.7365406560726,2375.897290389791,1949.1607497337184,18,MH
140,80,tõsta,tõs,0,ɵ,2,1,off,0.1887187589396433,33.77209683695281,916.9756662846831,1379.5346630800186,462.5589967953355,18,MH
141,81,"usselinki,",us,0,u,2,1,off,0.1852415707564176,34.087448910378214,923.1162527054036,1530.9878775469103,607.8716248415067,18,MH
142,82,"usselinki,",se,1,el,1,0,off,0.3014870841989534,34.37178014332991,823.769071865431,1496.2673548761304,672.4982830106994,18,MH
143,83,"Anna,",an,0,a,2,1,off,0.1825261086643479,36.0181745126655,489.24280418301214,1672.0321409649366,1182.7893367819245,18,MH
144,84,"Anna,","na,",1,a,2,0,off,0.1682001111513216,36.17671779122212,482.6976161482849,2217.2407845002126,1734.5431683519278,18,MH
145,85,sina,si,0,i,1,1,off,0.2748068112610013,36.4275868908803,1146.3144225234048,2281.7961097651346,1135.4816872417298,18,MH
146,86,sina,na,1,ɑ,1,0,ictus,0.1911073293239695,36.51730918304001,805.338915349743,1877.3242362841247,1071.985320934382,18,MH
147,87,anna,an,0,a,2,1,ictus,0.2674155138419252,36.68917103221995,958.6919821658132,1535.9184458144507,577.2264636486376,18,MH
148,88,anna,na,1,a,1,0,off,0.1979490398312435,36.83078510665032,840.387952832905,1575.8253715731066,735.4374187402017,18,MH
149,89,penki!,pen,0,e,2,1,off,0.1775440907648828,36.94778356321446,341.8988354985454,2024.3199156390424,1682.4210801404972,18,MH
150,90,penki!,ki!,1,i,2,0,ictus,0.1887264438168898,37.15045701246005,392.6503844379086,1653.6154688213874,1260.9650843834788,18,MH
151,91,"Perenaine,",pe,0,e,1,0,off,0.2859933815868487,38.6363210146887,915.9459468957234,1543.4929650546385,627.5470181589151,18,MH
152,92,"Perenaine,",re,1,ɛ,1,0,off,0.2215811822397881,38.75892795648269,846.655450805705,1466.9615170888248,620.3060662831199,18,MH
153,93,"linnukene,",lin,0,i,2,1,off,0.1932399296818943,39.19776058984094,1147.4075385762212,1420.8723240247623,273.4647854485411,18,MH
154,94,"linnukene,",nu,1,u,2,0,off,0.1414054465711842,39.326017949061466,1051.04197809093,1210.6439957693117,159.60201767838157,18,MH
155,95,tagant,ta,0,a,1,0,off,0.2343210541359042,41.16936207971911,674.0444009076823,1321.1528236253434,647.1084227176611,18,MH
156,96,tagant,gant,1,ɑ,3,1,off,0.1374971677080196,41.22964722178785,927.1223498075252,2289.8426047523903,1362.7202549448652,18,MH
157,97,laudjas,laud,0,au,2,1,ictus,0.2434071482398678,41.48141568428024,645.2757347209572,900.832345299174,255.5566105782168,18,MH
158,98,laudjas,jas,1,a,2,0,ictus,0.0891873520268262,41.52136418570892,652.8103479496508,929.9407055411524,277.1303575915016,18,MH
159,99,"tasane,",ta,0,a,1,1,off,0.2463521399945136,41.78744151784306,545.5763591911011,842.5405568420407,296.9641976509396,18,MH
160,100,"tasane,",sa,1,ɑ,1,0,ictus,0.2223712231526491,41.938417743844255,804.6882536865867,2201.5009264146,1396.812672728013,18,MH
161,101,puhu,pu,0,u,1,1,off,0.2894618922157264,43.70468216018744,669.922626351729,1702.7535331545596,1032.830906802831,18,MH
162,102,puhu,hu,1,ʊ,1,0,off,0.2093429756203022,43.81064588858784,617.1747116259143,1929.263276688915,1312.0885650630007,18,MH
163,103,tuli,tu,0,u,1,1,off,0.268786042771751,44.02257334538864,928.1731111168818,1511.806685501268,583.6335743843862,18,MH
164,104,tuli,li,1,ɪ,1,0,off,0.197004466185362,44.115652301361095,943.7255988684304,1605.8826472234698,662.1570483550395,18,MH
165,105,"tubadesse,",tu,0,u,1,1,off,0.2539179432987737,44.31003688406435,929.9790128279484,1641.462583014932,711.4835701869833,18,MH
166,106,"tubadesse,",ba,1,ɑ,1,0,off,0.2087736334336227,44.42771488857055,650.1140173675465,1611.9175356262972,961.8035182587508,18,MH
167,107,lõõtsu,lõõt,0,ɵː,2,1,off,0.219680900342297,46.21843968990382,1019.4536779385476,2150.191378047648,1130.7377001091004,18,MH
168,108,lõõtsu,su,1,u,1,0,off,0.1757447202738404,46.34895598951895,816.6272489246062,2089.535534712724,1272.9082857881176,18,MH
169,109,lõke,lõ,0,ɵ,2,1,ictus,0.1886671261763126,46.48076452972431,909.7368404941692,1613.5410378881404,703.8041973939712,18,MH
170,110,lõke,ke,1,e,1,0,off,0.1877125842747915,46.672353835769854,881.0714326641539,1854.0129223548229,972.941489690669,18,MH
171,111,"põrmandulle,",põr,0,ɵ,2,1,off,0.1654067955518456,46.77984614519281,849.236747078176,1967.188809396837,1117.9520623186615,18,MH
172,112,"põrmandulle,",man,1,a,2,0,off,0.1343840703826231,46.916814696755935,750.7670381218969,2436.2401668978937,1685.4731287759969,18,MH
173,113,võta,võ,0,ɵ,2,1,off,0.0982102848589079,48.595089372266,770.2151604997906,1787.9281000158242,1017.7129395160335,18,MH
174,114,võta,ta,1,a,1,0,off,0.1843386824717754,48.82982543775747,721.1687347275621,1924.151330058076,1202.982595330514,18,MH
175,115,pirdu,pir,0,i,2,1,off,0.1395619837468587,48.92518476190045,787.7330170265649,1641.1171454266494,853.3841284000845,18,MH
176,116,pirdu,du,1,u,1,0,off,0.190070932539669,49.1554102536848,1148.8146364766094,1262.590163367254,113.77552689064464,18,MH
177,117,"pistussesta,",pis,0,i,2,1,off,0.1640298748802422,49.25466027474171,1155.699246253425,1412.8472117816384,257.1479655282135,18,MH
178,118,"pistussesta,",tus,1,u,2,0,off,0.1524843896493593,49.41498278801392,837.6310197936797,1561.7798066645337,724.148786870854,18,MH
179,119,võta,võ,0,ɵ,2,1,off,0.1240550966638949,51.16182876618261,942.0018327761132,2126.104067594839,1184.1022348187255,18,MH
180,120,võta,ta,1,a,1,0,off,0.2531552673822119,51.43953660477954,638.648360130249,1775.4686955852155,1136.8203354549664,18,MH
181,121,halgu,hal,0,al,2,1,ictus,0.2620863592116222,51.61334761217011,699.3096237023477,1088.7588293604358,389.4492056580881,18,MH
182,122,halgu,gu,1,u,1,0,ictus,0.1634105721839915,51.69452601827143,581.0590292881811,1053.0581893468702,471.9991600586891,18,MH
183,123,ahju,ah,0,a,2,1,off,0.2196809003422828,51.83250163252171,454.4890268255899,1687.6958303115084,1233.2068034859185,18,MH
184,124,ahju,ju,1,u,1,0,off,0.1186091897149452,51.94981858164642,340.6851394398,2295.446651983425,1954.7615125436253,18,MH
185,125,päälta!,pääl,0,æːl,3,1,ictus,0.2455257121472698,52.1701286185311,616.5624095944268,1904.352122851505,1287.7897132570783,18,MH
186,126,päälta!,ta!,1,a,2,0,ictus,0.2091979580339682,52.31213006587213,703.6429969509333,2532.1286496207968,1828.485652669864,18,MH
187,127,ole,o,0,ol,1,1,off,0.1717219422999392,53.76645068203432,916.937374076799,1837.9496379659115,921.0122638891124,18,MH
188,128,ole,le,1,ɛ,1,0,off,0.070399965228816,53.75098967611317,809.3468695166425,1821.3504956515712,1012.0036261349288,18,MH
189,129,pirdu,pir,0,i,2,1,off,0.1451267006802652,53.89277083333333,907.6781190844456,1631.596839532643,723.9187204481972,18,MH
190,130,pirdu,du,1,u,1,0,off,0.1573133417379608,54.078408566570495,965.4210557227932,1324.0477425598071,358.62668683701384,18,MH
191,131,"pistussenna,",pis,0,i,2,1,off,0.1689909605342023,54.20881191309023,983.5022519884226,1526.087371933663,542.5851199452404,18,MH
192,132,"pistussenna,",tus,1,u,2,0,off,0.1643572227113026,54.38144917976309,904.043921014084,1588.6142747300182,684.5703537159342,18,MH
193,133,võta,võ,0,ɵ,2,1,off,0.0765573681194382,56.02398717962737,537.103881786068,2113.444604507376,1576.340722721308,18,MH
194,134,võta,ta,1,a,1,0,off,0.1946361993977348,56.26604524680771,855.7273363864257,2189.219758432327,1333.4924220459015,18,MH
195,135,lõmmu,lõm,0,ɵ,2,1,off,0.2136643895246948,56.42477707623927,704.7550239423205,2051.674343929448,1346.919319987127,18,MH
196,136,lõmmu,mu,1,u,1,0,ictus,0.1595298273961276,56.55737109723739,843.9883965797734,1634.8983406282073,790.9099440484339,18,MH
197,137,lõhna,lõh,0,ɵ,2,1,ictus,0.2160123498491373,56.73648646183344,1113.0509415327865,1497.2631701652638,384.21222863247726,18,MH
198,138,lõhna,na,1,a,1,0,off,0.1878368259557845,56.87501612097583,716.9960416636352,1561.7618027607436,844.7657610971085,18,MH
199,139,"päälta,",pääl,0,æːl,3,1,off,0.2394919530936192,57.0530101943678,616.5432995731206,1217.3827226357716,600.839423062651,18,MH
200,140,"päälta,","ta,",1,a,2,0,ictus,0.1829226168323856,57.177233803089,547.7341596815976,1531.186227698083,983.4520680164854,18,MH
201,141,ole,o,0,o,1,1,ictus,0.086708140426154,58.58290551579131,534.1677392030739,1703.1990766505787,1169.031337447505,18,MH
202,142,ole,le,1,ɛ,1,0,ictus,0.0812499129283708,58.6488013585066,789.1889874238104,2220.0215093181628,1430.8325218943523,18,MH
203,143,lõmmu,lõm,0,ɵ,2,1,off,0.1829602932601233,58.818138239033686,476.39048608319314,1967.3827626945688,1490.9922766113762,18,MH
204,144,lõmmu,mu,1,u,1,0,off,0.1775470706061668,58.99586592168661,716.2601548040633,1764.160462151645,1047.900307347582,18,MH
205,145,lõhna,lõh,0,ɵ,2,1,off,0.1901847862802128,59.13415481976622,1162.8502803440283,1462.4768937450194,299.6266134009909,18,MH
206,146,lõhna,na,1,a,1,0,off,0.160664489347468,59.27766431219328,1159.873937464622,1409.7714503529278,249.89751288830576,18,MH
207,147,"päälta,",pääl,0,æːl,3,1,off,0.2653195166625295,59.50431384974054,828.1156351755069,1550.898127200988,722.7824920254811,18,MH
208,148,"päälta,","ta,",1,a,2,0,off,0.1926065240446348,59.60182798064506,862.6668010828541,1570.0368006060992,707.369999523245,18,MH
209,149,võta,võ,0,ɵ,2,1,off,0.1314857781690364,60.85151932621421,367.480194614566,1104.881285301886,737.40109068732,18,MH
210,150,võta,ta,1,a,1,0,off,0.2315918064362705,61.110112676381625,463.28956987605295,1546.491785922341,1083.202216046288,18,MH
211,151,roogu,roo,0,oː,2,1,off,0.2444429327286599,61.28019949924416,938.3540877612302,2096.4219214894515,1158.067833728221,18,MH
212,152,roogu,gu,1,u,1,0,off,0.2089684688757955,61.40446398262152,945.5846916880728,1761.403355724419,815.8186640363461,18,MH
213,153,räästa,rääs,0,æː,2,1,off,0.1455735401157341,61.47679984141339,1004.318572040944,1791.5122665699628,787.1936945290187,18,MH
214,154,räästa,ta,1,a,1,0,ictus,0.2042725482268963,61.709247913533645,731.6789515728149,1006.8298299198658,275.15087834705093,18,MH
215,155,esta!,es,0,e,2,1,off,0.1987663044929348,61.80587794391313,549.757409062971,1598.252539483438,1048.495130420467,18,MH
216,156,esta!,ta!,1,a,2,0,ictus,0.194880706929112,61.982785291331744,785.2810151562956,1566.288544914616,781.0075297583205,18,MH
217,157,Siin,siin,0,iiː,3,1,off,0.2672428290835853,68.26455239526742,798.4186299180604,2155.1897276226937,1356.7710977046331,18,MH
218,158,om,om,0,o,3,1,off,0.0652960128496147,68.23698144605066,820.4921464122851,1873.8239779476949,1053.3318315354095,18,MH
219,159,siin,siin,0,iiː,3,1,off,0.2438265306122673,70.66770312500002,1035.62781157353,1463.7137200817235,428.0859085081938,18,MH
220,160,om,om,0,o,3,1,off,0.0650398841417541,70.65494241939514,1039.0143558275176,1449.7915264742107,410.7771706466931,18,MH
221,161,siin,siin,0,iiː,3,1,ictus,0.3079070294784571,73.16492825255102,411.2592658398149,1366.3449660294318,955.085700189617,18,MH
222,162,om,om,0,o,3,1,ictus,0.153379413798433,73.21153566379844,393.863381595979,1817.1126439543316,1423.2492623583523,18,MH
223,163,Kui,kui,0,uiː,3,1,off,0.2736936479315943,77.92796665353153,652.7852294528504,1899.6876704366675,1246.9024409838169,18,MH
224,164,sa,sa,0,a,3,1,off,0.0804981317445765,77.92635669089663,654.4892169530275,1877.5612323495184,1223.0720153964908,18,MH
225,165,"tää,","tää,",0,æ:,3,1,ictus,0.2761768725336253,78.25244240511189,345.00254086433785,1132.760169677084,787.7576288127461,18,MH
226,166,ma,ma,0,a,3,1,ictus,0.103304353157057,78.26619217912076,335.6421091170168,1241.6848217776492,906.0427126606324,18,MH
227,167,juhate:,ju,0,u,1,1,off,0.1822181678356287,78.46181546204453,611.2488782104771,1059.7144853260954,448.4656071156184,18,MH
228,168,juhate:,ha,1,ɑ,2,0,ictus,0.1704059394182877,78.58470635862719,587.1281621338956,1055.2375443091123,468.1093821752168,18,MH
229,169,karask,ka,0,a,1,0,off,0.1004034547784726,80.13192958311485,598.7877471026768,2171.580612716847,1572.7928656141703,18,MH
230,170,karask,rask,1,ɑ,3,1,off,0.1124753239654978,80.20629751784055,627.4153757470935,2397.0638541804974,1769.648478433404,18,MH
231,171,om,om,0,o,3,1,off,0.0909320974481886,80.31504389027738,741.0121637036023,2406.855933589726,1665.8437698861244,18,MH
232,172,kambren,kamb,0,a,2,1,off,0.1812534688134235,80.50854359810073,425.25316273839655,2329.0741988089467,1903.8210360705505,18,MH
233,173,kambren,ren,1,e,2,0,off,0.0999696967166698,80.61692196089638,733.5890970893245,1646.188985723723,912.5998886343982,18,MH
234,174,kapi,ka,0,a,2,1,off,0.1663047291174564,80.80429084286929,1016.2545352115504,1437.07751655486,420.8229813433096,18,MH
235,175,kapi,pi,1,i,1,0,off,0.2285066379161264,81.03530156421996,404.15593424104776,1093.834731257337,689.6787970162889,18,MH
236,176,pääl.,pääl.,0,æ,3,1,off,0.2286146941546007,81.19008937376417,408.2302293821408,1155.981847814746,747.7516184326053,18,MH
237,177,taha,ta,0,a,1,1,off,0.2368891857537107,82.95213909837646,792.9126294670308,1800.924938714997,1008.0123092479664,18,MH
238,178,taha,ha,1,ɑ,1,0,ictus,0.1446183433016301,83.02752574302471,813.9767028944782,1632.1590703862137,818.1823674917355,18,MH
239,179,kanaliha –,ka,0,a,1,1,ictus,0.2668150742482567,83.27653367091096,908.6083232503522,1326.8536667547482,418.245343504396,18,MH
240,180,kanaliha –,na,1,ɑ,1,0,off,0.2230505333624535,83.41015083357466,803.2643664908703,1578.3553036372964,775.0909371464261,18,MH
241,181,kana,ka,0,a,1,1,off,0.279749261988286,85.44571858902695,474.2102643076125,2110.495233972859,1636.2849696652463,18,MH
242,182,kana,na,1,ɑ,1,0,off,0.167003697190978,85.50916126134726,629.0686839456304,2195.776901717459,1566.708217771829,18,MH
243,183,kannustenu.,kan,0,a,2,1,off,0.2055129028213684,85.67813045934719,917.290756613206,1418.0485788860472,500.7578222728412,18,MH
244,184,kannustenu.,nus,1,u,2,0,off,0.0994465318362358,85.74959727385462,1069.4393057748923,1447.3146382229995,377.8753324481074,18,MH
245,185,"Saagu,",saa,0,aː,2,1,ictus,0.2443943211013106,87.61464952943464,431.1456368117839,1088.2964553263962,657.1508185146123,18,MH
246,186,"Saagu,","gu,",1,u,2,0,ictus,0.1671274462761403,87.71214603116975,483.0276420737397,1085.428450556949,602.4008084832092,18,MH
247,187,"saagu,",saa,0,aː,2,1,off,0.2150364583333441,87.88044791666667,420.0497683080744,1862.4813613294336,1442.4315930213595,18,MH
248,188,"saagu,","gu,",1,u,2,0,off,0.0356381125488951,87.85863397532387,446.5019671402581,1980.6197010071885,1534.1177338669304,18,MH
249,189,ma,ma,0,a,3,1,off,0.1001689265501966,87.9721671940799,363.4487478561462,1807.4880995529372,1444.0393516967913,18,MH
250,190,sajatan:,sa,0,a,1,1,ictus,0.2616289438570902,88.22043840179832,468.1557745010457,987.0468513666028,518.8910768655572,18,MH
251,191,sajatan:,ja,1,ɑ,2,0,ictus,0.1100396659282978,88.23378282777637,455.8575866904679,978.24423089423,522.386644203762,18,MH
252,192,"Saagu,",saa,0,aː,2,1,off,0.2814183673469301,90.00893484268707,876.1747849293351,1808.4999004157164,932.3251154863812,18,MH
253,193,"Saagu,","gu,",1,u,2,0,off,0.1419082643145373,90.03885501176352,654.9136741464135,1172.686292034561,517.7726178881471,18,MH
254,194,"saagu,",saa,0,aː,2,1,off,0.2460867346938755,90.24907281037416,683.604161247061,2318.690640569671,1635.08647932261,18,MH
255,195,"saagu,","gu,",1,u,2,0,off,0.0959058834085624,90.26644661344253,675.6370756703801,2319.083750645402,1643.4466749750218,18,MH
256,196,ma,ma,0,a,3,1,off,0.0785889069476297,90.31966288870144,643.884968929061,2329.19903482018,1685.3140658911188,18,MH
257,197,sajatan:,sa,0,a,1,1,off,0.1993719560520617,90.53154156347836,424.2233327819475,1971.6553325474752,1547.4319997655275,18,MH
258,198,sajatan:,ja,1,ɑ,2,0,off,0.1377090749589342,90.62360239868627,442.8314961093929,2098.868134668426,1656.0366385590332,18,MH
259,199,siia,sii,0,iː,2,1,ictus,0.1140282784770931,92.18069519082584,760.2179233743137,1887.7321156113812,1127.5141922370676,18,MH
260,200,siia,a,1,a,1,0,ictus,0.0640789064185582,92.20984725959316,565.8513531717416,1476.4528023214025,910.6014491496608,18,MH
261,201,sinu,si,0,i,1,1,off,0.0528518373862141,92.28139796376112,725.4399016054897,2358.5851636970788,1633.145262091589,18,MH
262,202,sinu,nu,1,ʊ,1,0,off,0.085626858275873,92.3635989033439,624.0885185884564,1799.4616548972351,1175.373136308779,18,MH
263,203,tütar,tü,0,y,2,1,off,0.1586089268741375,92.5152245113344,706.2829344459292,1243.953593685202,537.6706592392727,18,MH
264,204,tütar,tar,1,a,2,0,ictus,0.1242709117776428,92.6582995742363,925.9422307294624,1824.8955746672852,898.953343937823,18,MH
265,205,"seenetagu,",see,0,eː,2,1,off,0.2947904677824908,92.9617354042064,617.5754576599675,2117.873475810714,1500.2980181507464,18,MH
266,206,"seenetagu,",ne,1,e,2,0,off,0.1159509173278081,92.95977013442122,642.1874933566396,1971.670951961828,1329.4834586051882,18,MH
267,207,aia,ai,0,ai,2,1,off,0.2941656326632937,94.82317277408826,1101.2245006191365,1460.4161340577173,359.1916334385808,18,MH
268,208,hääre,hää,0,æː,2,1,off,0.2984207933976677,95.14442425724306,704.4568895934058,1809.8853915154327,1105.428501922027,18,MH
269,209,hääre,re,1,e,1,0,off,0.1659928344190007,95.19820669496322,563.9304522949237,2169.032396365149,1605.1019440702255,18,MH
270,210,"allitagu,",al,0,aʎ,2,1,off,0.2994932197786113,95.41470349753232,499.3651646311709,2171.764772990477,1672.3996083593065,18,MH
271,211,"allitagu,",li,1,i,2,0,off,0.0784994278504314,95.39251845789995,445.7073532073985,2302.02191231646,1856.3145591090613,18,MH
272,212,vennal,ven,0,e,2,1,ictus,0.1473316326530778,97.05623703231292,766.358425059158,1298.3219059333717,531.9634808742135,18,MH
273,213,vennal,nal,1,al,2,0,off,0.1744512944066798,97.24102251039308,809.4683356043284,1725.9976473513668,916.5293117470384,18,MH
274,214,vii,vii,0,i,3,1,ictus,0.2887550967941763,97.48961947135014,815.2896892062291,1520.3721982490567,705.0825090428276,18,MH
275,215,vii,vii,0,iː,3,1,ictus,0.1514780835641715,97.49672000651722,933.3725690087466,1512.1768792093844,578.8043102006378,18,MH
276,216,"kandijaksa,",kan,0,a,2,1,ictus,0.2309271977003391,97.70172847980254,693.2690686597045,2250.836285558112,1557.5672168984072,18,MH
277,217,"kandijaksa,",di,1,i,1,0,off,0.2087958739636803,97.88110329412469,579.7989772218574,2078.244966431624,1498.445989209766,18,MH
278,218,õel,õel,0,ɵ,3,1,off,0.272123709127527,99.55969027956358,889.8815756305963,1483.5815062810868,593.6999306504905,18,MH
279,219,õel,õel,0,el,3,1,off,0.2864591880858143,99.71008761308563,924.2735613846246,1531.4050217950426,607.131460410418,18,MH
280,220,õvve,õv,0,ɵ,2,1,off,0.2536749362818398,99.82053295532457,929.4840334220568,1536.981332350947,607.4972989288902,18,MH
281,221,õvve,ve,1,e,1,0,off,0.1714303511043624,99.92801458042268,743.8731197924106,1589.5500282945038,845.6769085020932,18,MH
282,222,"pühkijaksa,",püh,0,y,2,1,off,0.1668611857690507,100.04512205308976,665.8043704730106,1547.2159908800504,881.4116204070398,18,MH
283,223,"pühkijaksa,",ki,1,i,1,0,off,0.1815855775120667,100.25458766793156,599.7199890178549,2373.118612555668,1773.398623537813,18,MH
284,224,õel,õel,0,ɵ,3,1,off,0.2940893911969624,101.9408737418003,955.051542254408,1857.465335440984,902.4137931865762,18,MH
285,225,õel,õel,0,el,3,1,ictus,0.3213856820767375,102.11521472827856,748.1711031483617,1585.0026866995618,836.8315835512001,18,MH
286,226,õvve,õv,0,ɵ,2,1,ictus,0.1888146438869569,102.14333653112716,775.2844708722332,1721.5672832744049,946.2828124021715,18,MH
287,227,õvve,ve,1,e,1,0,off,0.1710662758553667,102.29224548503905,760.3529439345521,1678.235083404854,917.882139470302,18,MH
288,228,"pühkijaksa,",püh,0,y,2,1,off,0.1849212969124209,102.4366058468207,1007.020254030962,1511.5596219146296,504.5393678836675,18,MH
289,229,"pühkijaksa,",ki,1,i,1,0,ictus,0.1520193012415518,102.60081330634358,999.5462969450148,1284.8656558739508,285.3193589289359,18,MH
290,230,vennanaistel,ven,0,e,2,1,off,0.1553788001027101,104.19451942510273,860.0847694455852,1879.305807569979,1019.2210381243938,18,MH
291,231,vennanaistel,na,1,a,1,0,off,0.1800212167653967,104.37677445443242,941.7194209540498,1473.8351176003878,532.1156966463379,18,MH
292,232,vemmeldada!,vem,0,e,2,1,off,0.1538164310281615,104.76716473234336,1144.738204587121,1396.7733367332355,252.03513214611485,18,MH
293,233,vemmeldada!,mel,1,e,2,0,off,0.1241325583735886,104.886574856431,841.2719365234706,1529.2680909815456,687.996154458075,18,MH
294,234,Ega,e,0,e,1,1,off,0.1240202203320848,106.41621403061431,506.3439889647701,2133.9871999805027,1627.6432110157325,18,MH
295,235,Ega,ga,1,ɑ,1,0,off,0.1291282542695739,106.50773540025892,720.3721672918615,2348.34842440078,1627.9762571089186,18,MH
296,236,ole,o,0,o,1,1,ictus,0.2845359616090945,106.87180596391332,1010.3934922157888,2227.926495267847,1217.533003052058,18,MH
297,237,ole,le,1,ɛ,1,0,ictus,0.178647748177724,106.93712957136776,445.0873079472034,816.0876369738886,371.0003290266852,18,MH
298,238,"näl´lasandi,",näl´,0,æl,2,1,ictus,0.2515119896715987,107.13761763520108,489.1533790089786,2077.950288678387,1588.7969096694085,18,MH
299,239,"näl´lasandi,",la,1,a,1,0,off,0.1756591673896537,107.22145496509158,592.6637881333814,1780.445358538335,1187.7815704049535,18,MH
300,240,me,me,0,e,3,1,ictus,0.1912693034950621,108.84293965412316,717.2608271507895,1649.840694622,932.5798674712104,18,MH
301,241,olem,o,0,o,1,1,ictus,0.0728974357249399,108.82020243810057,699.164714888263,1521.6522768237162,822.4875619354532,18,MH
302,242,olem,lem,1,ɛ,2,0,ictus,0.0500000000000113,108.8572418154762,720.4865899193943,1772.4321442317812,1051.9455543123868,18,MH
303,243,pal´lalt,pal´,0,al,2,1,off,0.2439971196924943,109.14570491148504,1004.9927676887156,1486.451769305067,481.4590016163514,18,MH
304,244,pal´lalt,lalt,1,al,2,0,off,0.1521457133608521,109.205585638488,950.8843851862384,1415.093507742257,464.2091225560189,18,MH
305,245,nal,nal,0,al,3,1,off,0.2249740949503405,109.42026215812685,924.1668985746549,1524.4117294926991,600.2448309180443,18,MH
306,246,lasandi.,las,0,a,3,1,off,0.1778640000981113,109.50932918834974,926.3781022182852,1500.961658718954,574.5835565006686,18,MH
307,247,lasandi.,an,1,ɑ,2,1,off,0.1834222501011879,109.64365356342384,968.0910536205364,1552.2276583207176,584.1366047001814,18,MH
308,0,sain,sain,0,ai,3,1,ictus,0.2175000000000002,2.2946261337868488,668.8538235689277,985.4227562731736,316.5689327042457,41,LK
309,1,"mal´lika,",mal´,0,al,2,1,off,0.2695677783866728,2.5321729130845885,453.1704191028246,1073.7314752452,620.5610561423755,41,LK
310,2,"mal´lika,",li,1,i,2,0,off,0.1307604895159233,2.5663718103425994,473.08383870221417,1086.608163757179,613.5243250549648,41,LK
311,3,mal´likast,mal´,0,al,2,1,off,0.2454273803221953,3.1430169801627152,525.5007125607489,1077.278300653572,551.7775880928231,41,LK
312,4,mal´likast,li,1,i,2,0,off,0.1227136901610972,3.1852626767755514,524.9241067922687,971.51823546659,446.59412867432127,41,LK
313,5,sain,sain,0,ai,3,1,ictus,0.1598390022675726,3.541631519274376,911.9718052813938,1330.894195840944,418.9223905595501,41,LK
314,6,"man´nipil´li,",man´,0,a,2,1,off,0.2405921612725414,3.7960965341510096,476.4619315965128,1342.7999070407584,866.3379754442456,41,LK
315,7,"man´nipil´li,",ni,1,i,2,0,off,0.1307700443513821,3.863540477350614,542.9780447393792,969.010727942274,426.0326832028948,41,LK
316,8,petsariinist,pet,0,e,2,0,ictus,0.1829709949562641,7.273967560367835,906.5090026149704,1990.516572723539,1084.0075701085684,41,LK
317,9,petsariinist,sa,1,a,1,0,off,0.2079421661640239,7.4927047254189585,492.3802220892268,1107.2085876076233,614.8283655183965,41,LK
318,10,sain,sain,0,ai,3,1,off,0.2079421661640257,7.996020449257312,600.2328120089596,951.698080456333,351.4652684473733,41,LK
319,11,"riimuka,",rii,0,iː,2,1,ictus,0.2755656348352513,8.25117926405062,506.5959679211313,1163.6439871393538,657.0480192182225,41,LK
320,12,"riimuka,",mu,1,u,2,0,ictus,0.2062515794472439,8.36543897021688,818.6357878680727,1233.9769944778766,415.3412066098039,41,LK
321,13,riimukast,rii,0,iː,2,1,ictus,0.2556622535714545,8.955495533751803,1046.4691223331208,1955.596253835565,909.1271315024442,41,LK
322,14,riimukast,mu,1,u,1,0,ictus,0.1510895691609945,9.029958616780045,973.4135585809572,1654.9519692201477,681.5384106391905,41,LK
323,15,sain,sain,0,ai,3,1,off,0.1756288524534355,9.351788670917554,973.6291240822826,1617.7920489518265,644.1629248695439,41,LK
324,16,"rindasõl´ge,",rin,0,i,2,1,off,0.167928757759423,9.506333055607673,896.00624452354,1994.224482309329,1098.218237785789,41,LK
325,17,"rindasõl´ge,",da,1,a,1,0,ictus,0.2165495809068716,9.74503320641042,720.2726307073028,1496.7160471863947,776.4434164790919,41,LK
326,18,rindasõlesta,rin,0,i,2,1,off,0.188967752639769,10.419448748216308,561.4148371249854,1554.6291273607048,993.2142902357194,41,LK
327,19,rindasõlesta,da,1,a,1,0,ictus,0.2312076032298371,10.682892026896456,560.9083778550697,1027.6692995434064,466.7609216883367,41,LK
328,20,"sõmera,",sõ,0,ɵ,1,1,ictus,0.4246216559317197,11.641360365607548,561.5541425069816,1459.32547459914,897.7713320921582,41,LK
329,21,"sõmera,",me,1,ɛ,1,0,ictus,0.2467696534472274,11.72584006678768,506.9333401543477,1413.7143745697651,906.7810344154176,41,LK
330,22,sõmerast,sõ,0,ɵ,1,0,ictus,0.3745239740458785,12.304753282435904,836.3373682719124,1681.284357837246,844.9469895653336,41,LK
331,23,sõmerast,me,1,ɛ,1,0,ictus,0.1898140672117918,12.351369342513207,934.6339150074938,1445.7271583606262,511.0932433531324,41,LK
332,24,sain,sain,0,ai,3,1,off,0.1464999999999996,12.634416666666668,929.3162114232672,1655.528681193593,726.2124697703259,41,LK
333,25,"soolavakka,",soo,0,oː,2,1,ictus,0.3324733390461567,12.990446411608517,565.6394794949806,1395.6218957537908,829.9824162588102,41,LK
334,26,"soolavakka,",la,1,a,1,0,ictus,0.2135408256132649,13.075035473758165,600.2620859509032,1342.3342427659782,742.072156815075,41,LK
335,27,soolavakast,soo,0,oː,3,1,ictus,0.3505759410407876,13.689205381579493,490.1619537069241,1145.722019003137,655.5600652962125,41,LK
336,28,soolavakast,la,1,a,1,1,ictus,0.237711081421402,13.776323199915389,432.8304249302967,1582.0434282693457,1149.213003339049,41,LK
337,29,"vaisiküisi,",vai,0,ai,2,1,ictus,0.2624918823233599,14.28574051819824,580.201258511674,1226.769748184359,646.568489672685,41,LK
338,30,"vaisiküisi,",si,1,i,2,0,ictus,0.2050717830651223,14.423548756418002,705.6681767017453,1150.0659952199308,444.39781851818543,41,LK
339,31,vaisiküisist,vai,0,ai,2,1,ictus,0.3326511042271676,15.036809699816269,403.50194817030393,2196.827609055223,1793.3256608849192,41,LK
340,32,vaisiküisist,si,1,i,2,0,ictus,0.2102354978715723,15.112654151580063,418.2410562705357,1612.534770357894,1194.2937140873582,41,LK
341,33,kübara,kü,0,y,1,1,ictus,0.3419678362293759,15.730631689440514,898.0460396082091,1171.926065717479,273.88002610927003,41,LK
342,34,kübara,ba,1,ɑ,1,0,ictus,0.2381561716597424,15.84054992251424,612.1801415840513,1498.1289213298935,885.9487797458422,41,LK
343,35,ja,ja,0,a,3,1,off,0.1199077240659818,16.09070477622018,765.8439085128246,1269.5670657630542,503.7231572502296,41,LK
344,36,kübarast,kü,0,y,1,0,ictus,0.4127729891509162,16.517291135982184,812.9910938206823,903.3201731568428,90.3290793361606,41,LK
345,37,kübarast,ba,1,ɑ,1,0,ictus,0.1129990723503411,16.472610210459802,602.0792658551458,861.5913528925241,259.5120870373784,41,LK
346,38,sain,sain,0,ai,3,1,off,0.1979075324986539,16.830035115455672,720.9380651343657,1333.0407373636322,612.1026722292664,41,LK
347,39,"künnirauda,",kün,0,y,2,1,off,0.2276084246143028,17.031610450348648,816.4428325914503,1392.8817762538924,576.4389436624422,41,LK
348,40,"künnirauda,",ni,1,i,1,0,ictus,0.2796883183819858,17.28911659175551,789.9988937342556,1160.5678419516366,370.568948217381,41,LK
349,41,künnirauast,kün,0,y,2,1,off,0.2626724457485991,17.951089057341424,721.2667987220883,1047.0807867267436,325.81398800465524,41,LK
350,42,künnirauast,ni,1,i,1,0,ictus,0.2196989619006899,18.09920395340286,815.5944894467298,1579.783160569271,764.1886711225413,41,LK
351,43,sain,sain,0,ai,3,1,off,0.1155862987248781,18.49756815813531,808.5560684548274,1000.5749153133062,192.0188468584788,41,LK
352,44,ranitsa,ra,0,a,1,1,ictus,0.3617193185422493,18.923250554011084,479.7239975029184,1008.01996141759,528.2959639146717,41,LK
353,45,ranitsa,nit,1,ɪ,2,0,ictus,0.1098680173142341,18.87761306989594,529.5765716361998,1096.5319643551024,566.9553927189027,41,LK
354,46,ja,ja,0,a,3,1,off,0.1164597969322187,19.24951393525421,723.4262828516165,1235.9425381374122,512.5162552857956,41,LK
355,47,ranitsast,ra,0,a,1,1,ictus,0.3579029135600038,19.62360322155981,486.78988729360543,1194.1509876354282,707.3611003418227,41,LK
356,48,ranitsast,nit,1,ɪ,2,0,ictus,0.1058938809528484,19.574794015762404,460.2317459487992,2370.3095106854425,1910.0777647366435,41,LK
357,49,sain,sain,0,ai,3,1,off,0.1907242590254867,19.987833220049623,656.5846889590306,2159.2157307534617,1502.631041794431,41,LK
358,50,rapsuvitsa,rap,0,a,2,1,off,0.1603037605720132,20.12649630230617,1055.0112742645508,2231.1428767502566,1176.1316024857058,41,LK
359,51,rapsuvitsa,su,1,u,1,0,ictus,0.2369793156918547,20.39727778507961,1024.6427831621145,2025.819512669062,1001.1767295069478,41,LK
360,52,lapse,lap,0,a,2,1,ictus,0.1752854710439777,20.78884944188413,516.573723809499,1185.853450765745,669.279726956246,41,LK
361,53,lapse,se,1,e,1,0,off,0.2121876754742899,21.014875444019783,831.390455459225,1500.7657957055071,669.3753402462821,41,LK
362,54,puksu,puk,0,u,2,1,ictus,0.1900463528160969,21.13983011343848,849.2540508881939,1300.984002003226,451.7299511150322,41,LK
363,55,puksu,su,1,u,1,0,ictus,0.2527801003476284,21.38430721778929,596.2474157124897,1410.5287095429803,814.2812938304907,41,LK
364,56,pihta,pih,0,i,2,1,ictus,0.1506351454404111,21.44143747067939,587.1676111444574,1450.9366583709848,863.7690472265274,41,LK
365,57,pihta,ta,1,a,1,0,off,0.1778246773970551,21.667898906559717,576.144631465915,1543.3356680331117,967.1910365671964,41,LK
366,58,peks(a) –,peks,0,e,2,1,off,0.1616455472673692,21.77408148831045,516.2600507182217,1458.1753708343872,941.9153201161656,41,LK
367,59,peks(a) –,(a) –,1,a,2,0,off,0.1015526821248187,21.88967363403783,620.5521937274488,1992.7506356106865,1372.1984418832376,41,LK
368,0,pandi,pan,0,a,2,1,off,0.1770264394799134,3.606533713230247,573.1809227425911,989.590104113264,416.40918137067285,65,LK
369,1,pandi,di,1,i,1,0,off,0.1290391054167869,3.697866409871952,552.0437984432056,995.7388935868458,443.6950951436403,65,LK
370,2,mind(e),mind,0,i,2,1,ictus,0.0852095252893585,3.74592541565666,550.604532162798,923.7839706667272,373.1794385039293,65,LK
371,3,mind(e),(e),1,e,2,0,ictus,0.0677368533412554,3.814565383148604,559.4320509858421,889.6181161026562,330.1860651168141,65,LK
372,4,paju,pa,0,a,1,1,off,0.3866169768428902,4.233735598695146,565.8746365620035,1092.536073751702,526.6614371896986,65,LK
373,5,paju,ju,1,ʊ,1,0,off,0.2699159379879798,4.356542355221539,568.7582195290371,1009.1161121596166,440.3578926305795,65,LK
374,6,"raiumaie,",rai,0,ai,2,1,ictus,0.291411765833784,4.569959374730413,602.0937219692717,963.0695419972548,360.9758200279832,65,LK
375,7,"raiumaie,",u,1,u,1,0,off,0.3494418144413771,4.833617639056217,1048.8256940395308,2579.920772310121,1531.09507827059,65,LK
376,8,saare,saa,0,aː,2,1,off,0.401021531643881,7.282181962482883,519.2395231619329,1113.7366875143716,594.4971643524387,65,LK
377,9,saare,re,1,e,1,0,off,0.2190923328085201,7.336323093841901,750.1635016843467,916.1259251364584,165.9624234521117,65,LK
378,10,juuri,juu,0,uː,2,1,ictus,0.3297794497162059,7.647817162499826,688.2599372063066,1739.861978584065,1051.602041377758,65,LK
379,11,juuri,ri,1,i,1,0,ictus,0.2512264213793855,7.777392172695805,803.4522081526424,1401.109456618745,597.6572484661027,65,LK
380,12,"juksimaie,",juk,0,u,2,0,ictus,0.2117315353673312,7.897329850897467,857.3070515111099,1368.8257377487298,511.51868623761993,65,LK
381,13,"juksimaie,",si,1,i,1,0,off,0.2697655103865592,8.168506904853142,507.0866713661333,1532.6698588865906,1025.5831875204574,65,LK
382,14,tamme,tam,0,a,2,1,ictus,0.2628181345509759,10.342285224785211,795.1949368598978,1374.2864738258927,579.0915369659949,65,LK
383,15,tamme,me,1,e,1,0,off,0.2255855654895882,10.53173329677404,871.5471399969551,1449.209921004839,577.6627810078842,65,LK
384,16,tüve,tü,0,y,1,1,off,0.4314597708878516,10.90624913850918,860.9371844069863,1371.7717210714547,510.8345366644685,65,LK
385,17,tüve,ve,1,ɛ,1,0,off,0.2006939008591075,10.92954079854638,1025.602073724834,1130.543421623869,104.94134789903524,65,LK
386,18,tampimaie.,tam,0,a,2,0,ictus,0.1686416363368756,11.06181555220354,1044.406337177945,1527.065772610008,482.659435432063,65,LK
387,19,tampimaie.,pi,1,i,1,0,off,0.2821269118532932,11.399791317648916,547.6402084538884,1510.9752086050885,963.3350001512,65,LK
388,20,Leidsine,leid,0,ei,2,1,off,0.3558264925726853,14.209132321910472,656.2230777991766,1382.1845686422969,725.96149084312,65,LK
389,21,Leidsine,si,1,i,1,0,ictus,0.0476705348901198,14.16231304657196,863.4817725837308,1591.8017244038303,728.3199518200995,65,LK
390,22,ma,ma,0,a,3,1,ictus,0.4140109153676796,14.674914740534904,407.115972339771,1037.9035528993538,630.7875805595828,65,LK
391,23,siis,siis,0,iiː,3,1,ictus,0.1785943757411878,14.684479296376107,403.183183945868,1050.0882707052838,646.9050867594158,65,LK
392,24,"kogemata,",ko,0,o,1,1,off,0.3727984522744521,15.063650333608871,435.4676774052416,2008.2890020872087,1572.821324681967,65,LK
393,25,"kogemata,",ge,1,ɛ,1,0,off,0.3085228570547187,15.231838141100509,475.2043801668742,1023.6116963198658,548.4073161529916,65,LK
394,26,kus,kus,0,u,3,1,off,0.2632812391709649,17.555233023213596,576.0180067820647,926.9545340309036,350.93652724883896,65,LK
395,27,aga,a,0,a,1,1,off,0.1031082785795334,17.61707993294056,572.3052657103486,911.0941655017688,338.78889979142,65,LK
396,28,aga,ga,1,ɑ,1,0,off,0.1336037414966071,17.7208795351474,572.5813684052964,909.733834379386,337.1524659740895,65,LK
397,29,salk,salk,0,al,3,1,ictus,0.3136258144549657,18.006704612640906,1050.1327503398247,2550.8812930420145,1500.7485427021898,65,LK
398,30,oli,o,0,o,1,1,off,0.1281928342656542,18.05575231282444,706.0333616947207,1045.5537082543644,339.5203465596437,65,LK
399,31,oli,li,1,ɪ,1,0,off,0.1392535629256386,18.165202259070767,540.2116817571894,1057.118651035331,516.9069692781413,65,LK
400,32,"sarapuida,",sa,0,a,1,0,off,0.3795034017322365,18.529089002639267,932.0332118022944,1468.6044030080782,536.5711912057839,65,LK
401,33,"sarapuida,",ra,1,ɑ,2,0,ictus,0.2155676968932596,18.602456696510508,967.3165034939184,1443.8853534849636,476.5688499910452,65,LK
402,34,teine,tei,0,ei,2,1,off,0.4216250542176993,21.536055157821963,823.3598322902836,1406.8943873687354,583.5345550784517,65,LK
403,35,teine,ne,1,e,1,0,off,0.2398163783707332,21.60310036735913,771.3480863963856,1623.4999088137054,852.1518224173197,65,LK
404,36,salk,salk,0,al,3,1,ictus,0.3240065023062328,21.846988929913103,967.1452564515108,1492.570044736494,525.4247882849832,65,LK
405,37,oli,o,0,o,1,1,ictus,0.1106884089249362,21.865416577856276,955.979113625468,1499.9579505038687,543.9788368784008,65,LK
406,38,oli,li,1,ɪ,1,0,ictus,0.1151330992235699,21.95746019672924,928.562043932098,1271.2178264945571,342.6557825624592,65,LK
407,39,"türnapuida,",tür,0,y,2,0,off,0.2631193947373589,22.214394581424315,911.6008580583964,1570.4555371912638,658.8546791328674,65,LK
408,40,"türnapuida,",na,1,a,2,0,off,0.2504389419789419,22.41886688215396,558.1015429736333,1553.9503293694768,995.8487863958436,65,LK
409,41,kolmas,kol,0,ol,2,1,off,0.3801031485869544,24.9949081502572,815.653232389131,1476.054714341478,660.4014819523471,65,LK
410,42,kolmas,mas,1,a,2,0,off,0.1968736028228406,25.051066913480437,824.9153699040809,1408.447327834355,583.5319579302742,65,LK
411,43,salk,salk,0,al,3,1,off,0.3294225677462989,25.36356191482665,894.0910087162896,1518.3200807361934,624.2290720199038,65,LK
412,44,oli,o,0,o,1,1,off,0.1133627266702106,25.37910738374327,869.2120008811913,1565.1141909711282,695.9021900899369,65,LK
413,45,oli,li,1,ɪ,1,0,ictus,0.1358772197866997,25.495623062568257,841.9172396080492,1502.9730248676185,661.0557852595693,65,LK
414,46,"kohlapuida,",koh,0,o,2,0,off,0.2798164988964657,25.759456121796102,872.5960949028848,1144.5238047516382,271.9277098487533,65,LK
415,47,"kohlapuida,",la,1,a,2,0,off,0.2183933649923588,25.95510017793509,919.2173909408872,1427.7860148385455,508.56862389765865,65,LK
416,48,neljas,nel,0,e,2,1,ictus,0.2872646603340314,28.894830798085017,987.7507551358328,1479.8436384347697,492.09288329893695,65,LK
417,49,neljas,jas,1,a,2,0,off,0.2289614203133396,29.109476159542364,379.3735636252792,1779.4499939930138,1400.0764303677347,65,LK
418,50,noori,noo,0,oː,2,1,ictus,0.4157777978518808,29.49770860497024,794.0037315792856,1243.5696237543302,449.5658921750446,65,LK
419,51,noori,ri,1,i,1,0,ictus,0.2230080915751031,29.580864164540618,759.4888227267481,1251.6224844231474,492.13366169639926,65,LK
420,52,"neidusida,",nei,0,ei,2,1,off,0.3288424401192173,29.85867932946892,692.8023504164087,1381.614249908255,688.8118994918464,65,LK
421,53,punapõs ki,pu,0,u,1,1,off,0.4190134389523194,32.60776988971396,828.6942447453602,1418.8101607475835,590.1159160022236,65,LK
422,54,punapõs ki,na,1,ɑ,2,0,off,0.291285654427142,32.716925295945686,890.4859864663383,1410.3479917232996,519.8620052569613,65,LK
423,55,piigakesi.,pii,0,iː,2,1,off,0.3898409510378258,33.454374394249555,707.0267193679565,1079.9398140149603,372.9130946470039,65,LK
424,56,piigakesi.,ga,1,a,2,0,off,0.2847153013197641,33.582496279843454,661.1037137866756,1069.148208199564,408.0444944128883,65,LK
425,57,Ööd,ööd,0,øøː,3,1,ictus,0.5013352468684076,36.397900049738055,941.4725164399488,1289.5350536649732,348.0625372250244,65,LK
426,58,neil,neil,0,eil,3,1,ictus,0.3444481645915402,36.55208822296862,936.9330436034794,1495.826007396991,558.8929637935115,65,LK
427,59,ööles,öö,0,øː,2,1,off,0.4602053346591788,36.84006947533203,835.5314094463212,1431.2960412348311,595.76463178851,65,LK
428,60,ööles,les,1,e,2,0,off,0.2428077225809204,36.88524300511453,835.9828310918119,1423.9997790565249,588.0169479647129,65,LK
429,61,"virvekirja,",vir,0,i,2,1,ictus,0.22304430330108,37.11918065322682,840.3420468681126,1422.965692110936,582.6236452428235,65,LK
430,62,"virvekirja,",ve,1,e,1,0,ictus,0.2738645243063899,37.39728019595032,533.7498245465468,1565.2910776694562,1031.5412531229094,65,LK
431,63,sukad,su,0,u,2,1,off,0.2724000902198185,39.89113251652367,823.9867420657711,1406.9487023616452,582.9619602958742,65,LK
432,64,sukad,kad,1,a,2,0,off,0.2059308390022636,40.06869784580498,832.3123716496451,1418.007708599736,585.6953369500908,65,LK
433,65,jalas,ja,0,a,1,1,off,0.3462285444129236,40.44161913398208,916.9865873436348,1531.3795107874184,614.3929234437835,65,LK
434,66,jalas,las,1,ɑ,2,0,off,0.1826035165731099,40.49023770332868,898.8436685602188,1381.8713450136786,483.0276764534598,65,LK
435,67,saarekirja.,saa,0,aː,2,1,off,0.4079060766801632,40.91152550945066,920.716725599867,1435.6957709128362,514.9790453129692,65,LK
436,68,saarekirja.,re,1,e,1,0,off,0.3065130456762972,41.05973639593015,921.4920886324322,1424.2203423405836,502.7282537081513,65,LK
437,69,Ei,ei,0,eiː,3,1,ictus,0.525799793940223,43.93844730330781,750.5688667219814,1689.1719585801177,938.603091858136,65,LK
438,70,olnd,olnd,0,ol,3,1,ictus,0.2652356861908345,43.94078309252853,769.7406873106345,1752.476283717695,982.7355964070604,65,LK
439,71,julgust,jul,0,ul,2,1,ictus,0.3300307640080717,44.27802342123596,547.5886110450741,1770.8595236662993,1223.2709126212253,65,LK
440,72,julgust,gust,1,u,2,0,ictus,0.1815972559237764,44.33202905397783,551.6331584899918,1649.7125683367194,1098.0794098467277,65,LK
441,73,juure,juu,0,uː,2,1,ictus,0.3781477904400816,44.74422582153455,943.6532231152612,1444.8697665407572,501.21654342549607,65,LK
442,74,juure,re,1,e,1,0,ictus,0.3277866210361679,44.91232549421154,547.352784907333,945.5549751956238,398.2021902882908,65,LK
443,75,"minna,",min,0,i,2,1,ictus,0.1879442750489204,44.9943521418589,516.3108101208786,1293.8395012018318,777.5286910809532,65,LK
444,76,"minna,","na,",1,a,2,0,off,0.1431267940757123,45.15916481382488,450.5405615599456,1274.2905532343104,823.7499916743649,65,LK
445,77,südant,sü,0,y,1,0,ictus,0.3855766164496117,47.52123500558054,924.8044725676052,1529.491576529913,604.6871039623078,65,LK
446,78,südant,dant,1,ɑ,3,1,ictus,0.1721324180578705,47.535005599025176,968.1277167245152,1529.9532678809685,561.8255511564532,65,LK
447,79,sülle,sül,0,yl,2,1,off,0.3369525984482067,47.9186474208216,674.7009554927848,1097.968160810124,423.2672053173391,65,LK
448,80,sülle,le,1,e,1,0,off,0.3085789686169136,48.10350451890945,652.7903749412654,1074.8951378962524,422.104762954987,65,LK
449,81,rabadaie.,ra,0,a,1,0,ictus,0.3337833711123039,48.33858141509528,748.5424512744432,1077.5183137696226,328.9758624951794,65,LK
450,82,rabadaie.,ba,1,ɑ,1,0,ictus,0.3198757306493007,48.54893447709836,686.9167582027869,1132.2559553492547,445.33919714646777,65,LK
451,0,"Lõpe,",lõ,0,ɵ,2,1,ictus,0.2930817813158489,0.4221453329433576,748.7152568393128,1597.3670281603831,848.6517713210703,9,MH
452,1,"Lõpe,","pe,",1,e,2,0,off,0.2907509959489728,0.6619255843156611,660.9583279907339,1109.8046202392766,448.8462922485427,9,MH
453,2,"linakene,",li,0,i,1,1,ictus,0.2421110367391794,1.209006202345691,814.8866113783112,1673.9399578145628,859.0533464362517,9,MH
454,3,"linakene,",na,1,ɑ,2,0,off,0.3185671536041838,1.427224702564557,854.1053011067995,1797.539641507405,943.4343404006054,9,MH
455,4,kui,kui,0,uiː,3,1,ictus,0.3822805843250201,3.0185280111391624,699.3848803289767,1774.5653123997251,1075.1804320707483,9,MH
456,5,siia,sii,0,iː,2,1,off,0.2878182779998228,3.7451607184977886,529.0672937698051,1842.441343430407,1313.374049660602,9,MH
457,6,siia,a,1,ja,1,0,off,0.373815847454753,3.9750674269526303,683.3669798366899,1703.8634677474504,1020.4964879107604,9,MH
458,7,"jätan,",jä,0,æ,2,1,off,0.219520359737249,4.076476920894702,664.3202098039197,1953.014478767437,1288.694268963517,9,MH
459,8,"jätan,","tan,",1,a,2,0,off,0.3279892433721247,4.381222832059353,691.6455645780336,1816.3775512565212,1124.7319866784878,9,MH
460,9,siia,sii,0,iː,2,1,ictus,0.4574198947030243,5.573178957177664,383.6778063048216,2078.699668353998,1695.0218620491762,9,MH
461,10,siia,a,1,a,1,0,ictus,0.2102073885109607,5.601343065003779,356.37969162555913,2014.048402263372,1657.6687106378126,9,MH
462,11,jätan,jä,0,æ,2,1,off,0.1709462992459709,5.739241934166605,719.5494245991521,2149.998456296374,1430.449031697222,9,MH
463,12,jätan,tan,1,a,2,0,off,0.2269446870304516,5.978433916055394,725.9939696292532,2110.78479465122,1384.7908250219666,9,MH
464,13,tsirgu,tsir,0,i,2,1,ictus,0.268398882666105,6.210549351001504,776.1254492047445,1733.1184091361113,956.9929599313668,9,MH
465,14,tsirgu,gu,1,u,1,0,off,0.2782015180980739,6.440289959729308,806.7685694553685,1055.645240967047,248.8766715116784,9,MH
466,15,"süia,",süi,0,yi,2,1,ictus,0.4603699984393952,6.821958808743507,673.9739998333388,2191.745674869995,1517.7716750366562,9,MH
467,16,"süia,","a,",1,a,2,0,ictus,0.2880562661573176,6.909887257609043,519.1099275359466,1163.4701051386417,644.3601776026951,9,MH
468,17,pääsukesel,pää,0,æː,2,1,off,0.4127551124110677,8.037573674568172,978.8994895731508,1998.8621521866207,1019.9626626134705,9,MH
469,18,pääsukesel,su,1,u,2,0,off,0.2047525360779314,8.084699258268648,808.2877736542397,1221.8210258111335,413.5332521568938,9,MH
470,19,pääle,pää,0,æː,2,1,off,0.382602439738779,8.826922535062133,640.1468311958951,2066.368573467989,1426.2217422720937,9,MH
471,20,pääle,le,1,e,1,0,off,0.2742276686718661,8.933050420838768,682.0044882572255,1998.881163354732,1316.8766750975064,9,MH
472,21,tulla.,tul,0,ul,2,1,off,0.4248011134831273,9.270501180324333,671.7284161331039,1881.5163733682225,1209.7879572351185,9,MH
473,22,tulla.,la.,1,a,2,0,off,0.3600490444473578,9.447877110301354,685.0274838857124,1641.7729682697195,956.7454843840072,9,MH
474,23,Jätän,jä,0,æ,2,1,ictus,0.1677190770112133,10.31097701351915,429.8834352390512,1757.1439137786945,1327.2604785396434,9,MH
475,24,Jätän,tän,1,æ,2,0,ictus,0.2144479675435135,10.51520590405145,353.4301388938971,2025.426156298853,1671.996017404956,9,MH
476,25,päivä,päi,0,æi,2,1,ictus,0.3964152225011546,11.057111847125332,654.2282378173234,1075.92726012882,421.6990223114965,9,MH
477,26,päivä,vä,1,æ,1,0,ictus,0.2185460377089469,11.102226224990025,853.0769581663064,2174.5664507899,1321.4894926235936,9,MH
478,27,"palada,",pa,0,a,1,1,ictus,0.327042558563452,11.366811239704358,773.8999573032256,1246.438075985544,472.5381186823183,9,MH
479,28,"palada,",la,1,ɑ,1,0,off,0.2328939432194268,11.463437450189012,808.770847417187,1597.0933999493898,788.3225525322027,9,MH
480,29,jätän,jä,0,æ,2,1,ictus,0.2059753464462197,12.802649050724218,466.2674081851304,2023.8169380007237,1557.5495298155931,9,MH
481,30,jätän,tän,1,æ,2,0,ictus,0.1975864166433005,12.969981541359855,429.0706484733263,1880.480184933188,1451.4095364598616,9,MH
482,31,vihma,vih,0,i,2,1,off,0.2965757428416538,13.39802961196262,1032.4011912130509,1501.0452933619697,468.6441021489191,9,MH
483,32,vihma,ma,1,a,1,0,off,0.2566555840269053,13.5818842610472,663.3218072490218,1900.7143161265203,1237.3925088774986,9,MH
484,33,"valada,",va,0,a,1,1,off,0.2774700751335395,13.778914715789185,536.3964870156962,2056.5482936437397,1520.1518066280432,9,MH
485,34,"valada,",la,1,ɑ,1,0,off,0.2623353437626186,13.935306939955362,640.4254436533607,2009.633574141084,1369.208130487723,9,MH
486,35,ligi,li,0,i,1,1,ictus,0.360679842228027,15.46212853569633,979.4094087048026,1842.0972907367984,862.6878820319959,9,MH
487,36,ligi,gi,1,ɪ,1,0,ictus,0.3056405556103811,15.628415515900429,759.0248311185202,1565.6092342746117,806.5844031560915,9,MH
488,37,maada,maa,0,aː,2,1,off,0.289636843001297,15.798216570499722,706.6020596092718,1453.0312578468884,746.4291982376166,9,MH
489,38,maada,da,1,a,1,0,ictus,0.2844661355763342,16.003442437707776,739.4189446676862,1398.4602195063328,659.0412748386466,9,MH
490,39,ligunema.,li,0,i,1,1,ictus,0.3060313812843844,16.21627729671857,784.6448240738827,1987.1261749105065,1202.4813508366235,9,MH
491,40,ligunema.,gu,1,ʊ,1,0,off,0.3099859818956005,16.425163625868436,807.189989356172,2108.927744751584,1301.7377553954118,9,MH
492,41,"Perenaine,",pe,0,e,1,0,ictus,0.3774150602144175,18.05416221673327,447.42342072613417,1655.8277628101848,1208.4043420840508,9,MH
493,42,"Perenaine,",re,1,ɛ,1,0,off,0.2878589442313384,18.170905010782647,513.4916866796821,1679.2756000029913,1165.7839133233092,9,MH
494,43,"linnukene,",lin,0,i,2,1,off,0.2712072045488227,18.7158297927506,645.6936555483035,1881.3271064705173,1235.6334509222138,9,MH
495,44,"linnukene,",nu,1,u,2,0,off,0.2472149071814016,18.883307864670737,594.086230606339,2005.6820443743616,1411.5958137680227,9,MH
496,45,tule,tu,0,u,1,1,ictus,0.3447123340063172,20.396155077770487,921.2010286401636,1619.6449485156948,698.443919875531,9,MH
497,46,tule,le,1,ɛ,1,0,ictus,0.2426931045700655,20.490143169168363,731.877480231431,1414.1602060784437,682.2827258470124,9,MH
498,47,talu,ta,0,a,1,1,off,0.333481269016687,20.750037083506427,991.6653087791232,1715.0661159542494,723.4008071751263,9,MH
499,48,talu,lu,1,ʊ,1,0,off,0.2431482139447993,20.85488120714208,390.1828192741952,1217.8230419842344,827.6402227100391,9,MH
500,49,"tuastagi,",tuas,0,u,3,1,ictus,0.3177146663072463,21.10118556444614,705.6008132015769,1117.2602133292007,411.6594001276238,9,MH
501,50,"tuastagi,",ta,1,a,1,1,ictus,0.2759292948501226,21.21825752614264,690.417011375994,1088.552883796325,398.135872420331,9,MH
502,51,orjal,or,0,o,2,1,off,0.3150068050450656,23.0556962660428,934.021344682748,1209.053890119335,275.03254543658693,9,MH
503,52,orjal,jal,1,al,2,0,off,0.2991644686307495,23.30330080649923,940.3405988774222,1342.6688334732523,402.32823459583017,9,MH
504,53,oodakuta!,ood,0,oː,3,1,off,0.3617517965885071,23.515470368772363,747.8219195351899,1430.450514005141,682.6285944699512,9,MH
505,54,oodakuta!,a,1,a,2,1,off,0.235329773398881,23.613503831543447,661.1902654150983,1750.5427400003125,1089.3524745852142,9,MH
506,0,mis,mis,0,i,3,1,ictus,0.1625982234707996,1.5375771729598895,516.3135519329262,1134.9039035142496,618.5903515813234,92,LK
507,1,see,see,0,eeː,3,1,off,0.2002483612435299,1.7494740993398157,335.9035826684925,2327.364302481218,1991.4607198127253,92,LK
508,2,kul´li,kul´,0,ul,2,1,off,0.2697718597819918,1.970760929890996,331.6868749668249,1789.3215702736773,1457.6346953068523,92,LK
509,3,kul´li,li,1,i,1,0,ictus,0.2098455948817839,2.0869550749808568,841.6836540015181,1835.0923111046852,993.4086571031672,92,LK
510,4,talu,ta,0,a,1,1,ictus,0.3648689539549643,4.942881112282341,496.5435111957484,1596.375205812324,1099.8316946165758,92,LK
511,5,talu,lu,1,ʊ,1,0,ictus,0.2326004178176717,5.054229347230832,302.74326135403726,1695.979745385168,1393.2364840311309,92,LK
512,6,"anisida,",a,0,a,1,1,off,0.3704565308313441,5.30838566915334,1104.569045825274,2220.3407333840614,1115.7716875587876,92,LK
513,7,"anisida,",ni,1,ɪ,1,0,off,0.2359334271602975,5.394687802015523,902.6644021604296,1834.505644078326,931.8412419178964,92,LK
514,8,mõisa,mõi,0,ɵi,2,1,off,0.3025825605985268,5.952162492571317,678.7908473239381,1315.8749474214478,637.0841000975097,92,LK
515,9,mõisa,sa,1,a,1,0,off,0.2000111814868894,6.037346577138003,680.1761481519691,1617.6166609266106,937.4405127746415,92,LK
516,10,paari,paa,0,aː,2,1,ictus,0.3056045845102186,6.293461763307963,645.1467754478587,1689.17150601851,1044.0247305706512,92,LK
517,11,paari,ri,1,i,1,0,ictus,0.146967921930555,6.325827966047187,650.7354936923645,1842.6890710308924,1191.9535773385278,92,LK
518,12,"partisida,",par,0,a,2,1,off,0.1302292263537854,6.445211321826822,566.2236153956399,1823.810280586544,1257.5866651909043,92,LK
519,13,"partisida,",ti,1,i,1,0,off,0.1922142554285866,6.686912683269848,486.187533230404,1723.3899758654404,1237.2024426350365,92,LK
520,14,kõrtsi,kõrt,0,ɵ,2,1,off,0.139796754567774,7.122174454381391,874.6237431638124,1401.2672483602598,526.6435051964474,92,LK
521,15,kõrtsi,si,1,i,1,0,off,0.1775486458553405,7.353754711614977,799.9659535925452,1385.040496011664,585.0745424191189,92,LK
522,16,kirju,kir,0,i,2,1,off,0.156404878278435,7.476287841745516,838.7453788381471,1394.5280024718772,555.7826236337302,92,LK
523,17,kirju,ju,1,u,1,0,ictus,0.1755307947535698,7.697093732842843,684.6056527250956,1121.3389735854423,436.7333208603467,92,LK
524,18,kul´li,kul´,0,ul,2,1,ictus,0.2777319367283546,9.188300775620416,791.6147995569913,1475.2000478642822,683.5852483072908,92,LK
525,19,kul´li,li,1,i,1,0,ictus,0.189822386020559,9.280722491632154,782.3370288368595,1287.5095227445152,505.1724939076556,92,LK
526,20,piakene?,pia,0,i,3,1,off,0.3040579195076205,9.552731421215832,749.9823633670384,1183.652674460065,433.6703110930267,92,LK
527,21,piakene?,ke,1,a,1,0,off,0.1881120035685697,9.588814465030593,642.9141872217265,1238.9691801246906,596.0549929029642,92,LK
528,22,Nii,nii,0,iiː,3,1,ictus,0.2886728990320364,10.200064324452992,936.1632056665072,1483.6877925386248,547.5245868721174,92,LK
529,23,kui,kui,0,uiː,3,1,off,0.2291941598704809,10.32084527670136,819.4219464055914,1373.7467876551168,554.3248412495254,92,LK
530,24,mõisa,mõi,0,ɵi,2,1,off,0.2925341118564297,10.54294902871733,493.8330504917946,1372.1235845373064,878.2905340455118,92,LK
531,25,mõisa,sa,1,a,1,0,ictus,0.2290125966296798,10.66838476216256,468.2230100152198,1598.4202144059327,1130.1972043907128,92,LK
532,26,mõõduvakk.,mõõ,0,ɵː,2,1,ictus,0.3640256352485167,10.95849848322434,478.4377209160669,1995.681039797548,1517.243318881481,92,LK
533,27,mõõduvakk.,du,1,u,1,0,off,0.205293526855268,11.016700256301863,775.9705559709915,1661.7871337194968,885.8165777485052,92,LK
534,0,"Laula,",lau,0,a,2,1,ictus,0.1569722222222223,0.4120773809523811,441.4564096857044,1674.7557247751868,1233.2993150894824,55,LO
535,1,"Laula,",lau,0,u,2,1,ictus,0.0769999999999998,0.4105912698412698,438.83333561341584,1640.9447986046523,1202.1114629912367,55,LO
536,2,"Laula,","la,",1,a,2,0,ictus,0.1623195084471751,0.575410778288445,563.9189627863968,1033.169459740238,469.2504969538411,55,LO
537,3,"laula,",lau,0,a,2,1,ictus,0.1111448469372058,0.6511709240347116,521.2549332034656,977.5497786489644,456.2948454454987,55,LO
538,4,"laula,",lau,0,u,2,1,ictus,0.0994526587317283,0.695051159297837,546.9320424487624,933.3679965969284,386.4359541481661,55,LO
539,5,"laula,","la,",1,a,2,0,off,0.1639464216762827,0.8489724987737884,636.3351799429403,1581.678966087896,945.3437861449556,55,LO
540,6,"suukene,",suu,0,uː,2,1,ictus,0.3112791166791182,1.1756005452505467,598.6461522739585,1067.2363447501411,468.59019247618266,55,LO
541,7,"suukene,",ke,1,e,1,0,off,0.306745577646788,1.41837765672808,544.6161435699757,1043.1377646717915,498.521621101816,55,LO
542,8,"liigu,",lii,0,iː,2,1,off,0.1988027210884357,2.272068027210885,566.6491617164017,1015.3237674921612,448.67460577575935,55,LO
543,9,"liigu,","gu,",1,u,2,0,off,0.1343104843868978,2.350727151053565,537.1008493107659,1028.6159462203,491.5150969095341,55,LO
544,10,linnu,lin,0,i,2,1,off,0.0789605064247922,2.4141664777021927,610.1810963047247,1063.9007031743429,453.7196068696181,55,LO
545,11,linnu,nu,1,u,1,0,ictus,0.165421686834895,2.6181348817393646,605.9167722999722,757.299077816632,151.3823055166598,55,LO
546,12,"keelekene,",kee,0,eː,2,1,ictus,0.26196254430611,2.844675354860467,641.860023046071,794.919270320579,153.05924727450804,55,LO
547,13,"keelekene,",le,1,e,2,0,ictus,0.1482806854562888,2.896573594770168,676.8483565433447,752.8818029920413,76.03344644869662,55,LO
548,14,"mõlgu,",mõl,0,ɵ,2,1,ictus,0.1235672378802412,4.114246991470808,391.561666156951,1154.5101955547293,762.9485293977783,55,LO
549,15,"mõlgu,",mõl,0,l,2,1,ictus,0.103936223647155,4.156399596177843,392.9432001891568,1954.5047464928089,1561.561546303652,55,LO
550,16,"mõlgu,","gu,",1,u,2,0,ictus,0.0914404953452621,4.269836991478574,390.2251641713713,2311.3595524739294,1921.134388302558,55,LO
551,17,marja,mar,0,a,2,1,off,0.1348285786943392,4.386767935933655,381.3375655781571,1394.4218994367452,1013.084333858588,55,LO
552,18,marja,ja,1,a,1,0,ictus,0.1637581056487089,4.575896994537597,416.7671339095835,1444.1833695382795,1027.4162356286963,55,LO
553,19,"meelekene,",mee,0,eː,2,1,ictus,0.2736973466698842,4.813183804518072,376.8202913014642,983.4779437030292,606.657652401565,55,LO
554,20,"meelekene,",le,1,e,2,0,ictus,0.1492894618199365,4.860684996915324,391.4286397795896,841.0017607685727,449.5731209889831,55,LO
555,21,"ilutse,",i,0,i,1,1,ictus,0.2719832913176283,5.912390585121291,542.956589972689,873.9889518790063,331.0323619063173,55,LO
556,22,"ilutse,",lut,1,ʊ,2,0,ictus,0.1217299539150378,5.922887528072098,527.0378771883549,889.615339215165,362.57746202681017,55,LO
557,23,südämekene!,sü,0,y,1,1,off,0.0652479498736422,6.182285364839628,324.8665926845424,1103.8669462522294,779.000353567687,55,LO
558,24,südämekene!,dä,1,æ,1,0,off,0.2341261189775796,6.427876193622918,639.8272893212601,677.662785732912,37.83549641165189,55,LO
559,25,Küll,küll,0,y,3,1,off,0.0654999999999983,7.326679421768706,808.2282261896589,2148.548214810107,1340.319988620448,55,LO
560,26,Küll,küll,0,i,3,1,off,0.0257636054421777,7.319693027210884,735.8850386342498,1914.9632168914984,1179.0781782572485,55,LO
561,27,Küll,küll,0,ʎ,3,1,off,0.0400000000000009,7.346811224489796,719.5078294999233,2038.45632898948,1318.9484994895563,55,LO
562,28,Küll,küll,0,ʎ,3,1,off,0.0773212438643025,7.404132468354098,745.2076792570215,1468.3564734324198,723.1487941753983,55,LO
563,29,vait,vait,0,a,3,1,ictus,0.2246113275194741,8.03280194965362,616.5034276282887,1404.6202277575285,788.1168001292398,55,LO
564,30,valge,val,0,a,2,1,off,0.1197641051833997,10.798431962501487,620.2688529556209,767.119018830433,146.8501658748121,55,LO
565,31,valge,val,0,l,2,1,off,0.0961949418296868,10.834744851739476,550.9910824806849,887.260741651715,336.26965917103007,55,LO
566,32,valge,ge,1,e,1,0,off,0.1529837412631778,10.999584209880137,738.5167785382322,1752.945388164895,1014.4286096266628,55,LO
567,33,lauade,lau,0,a,2,1,off,0.1426470019886387,11.109700069225696,802.0985590552181,2055.030646975157,1252.932087919939,55,LO
568,34,lauade,lau,0,u,2,1,off,0.1013000448904826,11.13967661312186,684.4987642931454,1707.2678611107842,1022.7690968176388,55,LO
569,35,lauade,a,1,a,1,0,ictus,0.183305283570565,11.315746179200248,396.3979563552153,814.443268572537,418.04531221732174,55,LO
570,36,"vahele,",va,0,a,1,1,off,0.2067347854907808,11.645982995926708,446.19289932644807,1175.178447600496,728.9855482740479,55,LO
571,37,"vahele,",he,1,ɛ,1,0,ictus,0.2956307432518166,11.8816606513862,755.8299108584403,1873.749477943468,1117.9195670850272,55,LO
572,0,vaesed,vae,0,a,2,1,off,0.089154612301098,0.3449741984688984,425.0176313786745,1333.8951581946642,908.8775268159898,69,LO
573,1,vaesed,vae,0,e,2,1,ictus,0.1538453876989021,0.4542422800172515,489.7527367534906,810.7939275280416,321.04119077455107,69,LO
574,2,vaesed,sed,1,e,2,0,ictus,0.1090868415232083,0.5303630069294045,886.5703819153457,1662.625092266596,776.0547103512502,69,LO
575,3,öösed,öö,0,øː,2,1,off,0.2435467884019853,0.7584876189008514,474.7984199030353,1938.2431247751688,1463.4447048721331,69,LO
576,4,öösed,sed,1,e,2,0,off,0.1132522675736962,0.7919200680272108,640.6929502508139,2295.0488339402627,1654.355883689449,69,LO
577,5,"orjad,",or,0,o,2,1,off,0.1171667862928693,0.902808863957268,508.5764609655136,1940.3258571926856,1431.7493962271722,69,LO
578,6,"orjad,","jad,",1,a,2,0,ictus,0.1175618105547224,1.047572571944028,443.5335727780283,1999.3432465707956,1555.8096737927672,69,LO
579,7,kinnikiilutud,kin,0,i,2,1,off,0.1324256053835402,3.8146265622040816,355.76303791264706,1911.976960562729,1556.2139226500822,69,LO
580,8,kinnikiilutud,ni,1,i,1,0,off,0.1806722582448996,3.995298820448981,436.9322197857836,1979.1654749896572,1542.2332552038738,69,LO
581,9,"sulased,",su,0,u,1,0,ictus,0.1338055871181094,4.525840293559054,762.4455535699899,1415.383882092118,652.9383285221281,69,LO
582,10,"sulased,",la,1,ɑ,1,0,ictus,0.152364583333334,4.639619791666666,534.6353923460498,1701.7177622581032,1167.0823699120533,69,LO
583,0,olid,o,0,o,1,1,ictus,0.0795482672962322,4.349508650371472,372.6201599721953,1035.5220318250888,662.9018718528935,77,LO
584,1,olid,o,0,ʎ,1,1,ictus,0.0453564536577708,4.355090970381126,383.965816890812,1036.3945283414378,652.4287114506258,77,LO
585,2,olid,lid,1,ɪ,2,0,ictus,0.0823328680771897,4.414745611629431,402.3440256411791,814.2980548354358,411.9540291942567,77,LO
586,3,olid,o,0,o,1,1,ictus,0.0901101952995642,6.985994688069283,635.9746408612453,1298.9903786973896,663.0157378361442,77,LO
587,4,olid,o,0,ʎ,1,1,ictus,0.0430238041444024,6.983963394563904,638.8579885918073,1288.6240083386087,649.7660197468015,77,LO
588,5,olid,lid,1,ɪ,2,0,ictus,0.0770775786254525,7.039529071117155,704.8936782480863,1504.3177331067257,799.4240548586394,77,LO
589,6,oli,o,0,o,1,1,ictus,0.0916158026641653,9.474518821116664,537.2117864911445,1305.51769422669,768.3059077355456,77,LO
590,7,oli,o,0,ʎ,1,1,ictus,0.068999999999999,9.49771091978458,555.6074038283297,1208.8888229108136,653.2814190824839,77,LO
591,8,oli,li,1,ɪ,1,0,ictus,0.0811654110839192,9.5443763308685,537.8519940166161,1023.1694643901642,485.3174703735481,77,LO
592,9,neede,nee,0,eː,2,1,off,0.1023758292446856,10.966843918995156,673.2602493273594,1779.1850463352478,1105.9247970078884,77,LO
593,10,neede,de,1,e,1,0,off,0.1383412361871272,11.079046645587896,800.8586037048501,1923.6355514967468,1122.7769477918966,77,LO
594,11,tõusis,tõu,0,ɵ,2,1,off,0.0717733073357074,14.575396857749489,713.2328452937455,1448.6082870039138,735.3754417101683,77,LO
595,12,tõusis,tõu,0,u,2,1,off,0.0491558248299313,14.588666028911565,690.1180890882376,1396.1464667899234,706.0283777016857,77,LO
596,13,tõusis,sis,1,i,2,0,off,0.0805649181139074,14.669153034610506,682.3339323163548,1247.4681992736255,565.1342669572709,77,LO
597,14,oli,o,0,o,1,1,ictus,0.0868795882936481,19.669570994543648,514.0373009178351,1270.043017065526,756.005716147691,77,LO
598,15,oli,li,1,ɪ,1,0,ictus,0.0762373196502963,19.71556475238909,524.2244125375549,1262.2676438881083,738.0432313505534,77,LO
599,16,akkas,ak,0,a,3,1,off,0.0866593510890609,23.698745680372998,391.2034996011772,1425.760071518836,1034.5565719176589,77,LO
600,17,akkas,kas,1,a,2,0,off,0.0452480048749208,23.730556329534963,762.0224156887772,1547.209634566581,785.1872188778037,77,LO
601,18,korjama.,kor,0,o,2,1,off,0.1796518427681377,25.492602830107515,397.0340617515899,1652.3039081510378,1255.269846399448,77,LO
602,19,korjama.,ja,1,a,1,0,ictus,0.1491347169764907,25.658633437002983,648.1654387244226,877.4835863440717,229.31814761964904,77,LO
603,20,neede,nee,0,eː,2,1,off,0.0755578323814489,34.83479507472676,609.9813550431743,1006.971493587414,396.9901385442396,77,LO
604,21,neede,de,1,e,1,0,off,0.0888915675075878,34.91368634088975,580.4080704940957,979.5242938932184,399.1162233991228,77,LO
605,22,pani,pa,0,a,1,1,ictus,0.1138421312305695,37.2443935768088,660.363936741826,1572.385980538832,912.022043797006,77,LO
606,23,pani,ni,1,ɪ,1,0,ictus,0.0534855785552537,37.26003702413348,837.7062316221175,1943.857180297583,1106.1509486754655,77,LO
607,24,"taevudes,",tae,0,a,2,1,ictus,0.1929100132209669,39.048550283912576,1061.3962678919636,1371.303952673759,309.9076847817957,77,LO
608,25,"taevudes,",tae,0,e,2,1,ictus,0.1393611744207703,39.09145645172286,1053.9745145495292,1800.9788531645374,747.0043386150082,77,LO
609,26,"taevudes,",vu,1,u,1,0,off,0.1374779240465926,39.18875378855907,560.6336702076089,1325.6605119854898,765.0268417778809,77,LO
