,word,syll,foot,segment,quantity,stressed,ictus,duration,f1,f2,song,performer,qual_id,euclid
0,miks,miks,0,i,3,1,ictus,0.1039651386468509,606.8358913693418,1313.8857606141862,94,LK,i,152.0341151769708
1,sa,sa,0,a,3,1,ictus,0.1253408207561972,674.8698814840866,1469.8997619127915,94,LK,a,36.5437242107085
3,mullu,lu,1,u,1,0,off,0.1580853657533629,590.1233587428162,1120.7897249706973,94,LK,u,334.2992636523234
7,"tulnud,","nud,",1,u,2,0,off,0.1313314464297121,812.8397917725954,1427.744656656622,94,LK,u,119.57315330169476
8,murumullu,mu,0,u,1,1,off,0.1056258555423372,700.8980799697481,1445.3218504103002,94,LK,u,9.790807729984264
9,murumullu,ru,1,ʊ,1,0,ictus,0.2079560601747934,447.55066085959135,1265.17262234087,94,LK,ʊ,301.17016752354925
11,ei,ei,0,e,3,1,off,0.0824757397467728,849.9746438542288,1270.154977640702,94,LK,e,229.74390802310973
12,ei,ei,0,iː,3,1,ictus,0.0980754314193861,486.1479673449778,1091.0512341323413,94,LK,i,404.85367132055563
14,"käinud,","nud,",1,u,2,0,ictus,0.0966424067685647,489.6137411671354,1524.0602910262403,94,LK,u,221.3071922152338
17,käisid,sid,1,i,2,0,ictus,0.0838650761371671,452.5387608148472,1232.29655830796,94,LK,i,317.42299189347676
18,käsud,kä,0,æ,1,1,off,0.2206604702149288,797.9998713633752,1585.346387482305,94,LK,æ,179.98512348007532
19,käsud,sud,1,ʊ,2,0,off,0.1328247490614131,492.07180884798737,1206.3409724216413,94,LK,ʊ,307.6227049452721
20,ja,ja,0,a,3,1,off,0.1241099773242631,710.1810078986849,1458.255476512402,94,LK,a,25.596862382200133
22,sajad,sa,0,a,1,1,off,0.2301396109096298,527.931085323631,1202.689964296478,94,LK,a,288.37840598821737
23,sajad,jad,1,ɑ,2,0,off,0.0570646709945616,541.8025328772347,1197.9662817906835,94,LK,ɑ,284.61395744542875
24,"sõnumida,",sõ,0,ɵ,1,1,ictus,0.2681825932633153,593.2125911242267,962.4189071780804,94,LK,ɵ,486.69916473047215
25,"sõnumida,",num,1,ʊ,2,0,ictus,0.1472927291945005,672.0186033218416,1437.1815905204874,94,LK,ʊ,21.790887291657768
26,Nüüd,nüüd,0,yyː,3,1,off,0.1897011195181335,618.6824572384849,1526.8359077865616,94,LK,y,115.84166941725223
28,tul´lid,lid,1,i,2,0,off,0.0811040091185262,821.8207686499463,1657.5163319354197,94,LK,i,253.604750978134
29,san´dil,san´,0,a,2,1,off,0.1582133734057897,1067.7245913928996,2028.151278633712,94,LK,a,698.1382927695421
30,"ajal,",a,0,a,1,0,ictus,0.2495957572863076,770.124693032729,1429.593404568102,94,LK,a,76.89407255716824
32,kevadisel,ke,0,e,1,1,off,0.2411791213329053,724.1114821114037,1881.8702344480955,94,LK,e,444.2897124636551
33,kevadisel,va,1,ɑ,1,0,off,0.1682298809297435,751.1061269993924,1531.129462848733,94,LK,ɑ,108.84232770139837
34,kehval,keh,0,e,2,1,ictus,0.1281654014706177,594.4022840897417,1355.2636165980948,94,LK,e,129.69338564089614
35,kehval,val,1,a,2,0,off,0.148898039943802,927.4848580462856,1516.360277272785,94,LK,a,246.31311658441174
36,"ajal,",a,0,a,1,0,ictus,0.23224737297841,868.7885256215859,1990.8582769047723,94,LK,a,579.3127232223396
38,nüüd,nüüd,0,yyː,3,1,off,0.1946601074292999,431.2868059688468,1830.176247039032,94,LK,y,471.3924899200596
39,sina,si,0,i,1,1,off,0.0346100269971856,419.6997673523096,1659.8282676628985,94,LK,i,352.19879465763154
40,sina,na,1,ɑ,1,0,ictus,0.1006405457549064,530.7627210822858,824.3292222718262,94,LK,ɑ,635.5469154508664
41,riisud,rii,0,iː,2,1,off,0.2268571930783238,687.1932297353675,1818.028354641452,94,LK,i,379.46689740909363
42,riisud,sud,1,u,2,0,off,0.1025940085988033,769.8438974882375,1607.053303008793,94,LK,u,184.82096218562256
43,"riide'eida,",rii,0,iː,2,1,ictus,0.2212569583034422,764.7823451747661,1164.9711785041816,94,LK,i,282.712990900788
44,kakud,ka,0,a,2,1,off,0.1244413882843851,655.0939385692725,1418.9392372245177,94,LK,a,43.38768268279726
45,kakud,kud,1,u,2,0,off,0.0807187383466256,646.397597852537,1448.2143007792888,94,LK,u,48.32676949383593
46,"kaelakardasida,",kae,0,ae,2,1,off,0.2589726188620957,451.8415919022319,1145.6151867380413,94,LK,a,379.96888674128996
47,"kaelakardasida,",la,1,a,2,0,off,0.1530292747821455,459.4629239998049,1289.6642567171834,94,LK,a,277.63898243407147
48,Võtke,võt,0,ɵ,2,1,ictus,0.0846832514777524,830.3189670497039,1580.5285447804492,94,LK,ɵ,196.94237049544577
49,Võtke,ke,1,e,1,0,off,0.1228800558700804,721.0313778369632,1031.740984418306,94,LK,e,407.7901161095637
50,kinni,kin,0,i,2,1,off,0.1633746197363592,523.2328108365431,1120.2594264679856,94,LK,i,361.154556184621
51,kinni,ni,1,i,1,0,off,0.1164701260039926,567.8424889043097,1206.108436009302,94,LK,i,264.41744868253306
52,"kuningas,",ku,0,u,1,1,ictus,0.1830979229996217,805.7393602454771,1495.7881597633884,94,LK,u,125.72709803262708
53,"kuningas,",nin,1,ɪ,2,0,ictus,0.1511944934308786,753.0779504806942,1402.6853100347807,94,LK,ɪ,69.3509482430371
54,võtke,võt,0,ɵ,2,1,off,0.0836631674471419,1098.3292687845806,1954.9260991127285,94,LK,ɵ,655.9331821660161
55,võtke,ke,1,e,1,0,ictus,0.127409867798093,472.14898554921257,1357.6499866295464,94,LK,e,235.94116263807092
56,kinni,kin,0,i,2,1,ictus,0.1564811094844742,304.30568697844654,1060.2164416545336,94,LK,i,543.0140495857114
57,kinni,ni,1,i,1,0,off,0.14098793032759,974.5150289795546,2251.80563287773,94,LK,i,860.2882256490798
58,kuningas!,ku,0,u,1,1,off,0.1859181498825322,782.8992305782195,1503.9725420997634,94,LK,u,110.52876147161007
59,kuningas!,nin,1,ɪ,2,0,off,0.154931791568778,596.9871903377656,1594.7929803164882,94,LK,ɪ,183.727798124589
60,sissi,sis,0,i,2,1,off,0.182,656.742101574928,2101.72106038569,18,MH,i,434.41606483541375
61,sissi,si,1,i,1,0,ictus,0.2159530522237467,428.9942297691756,1625.306339584701,18,MH,i,333.47819355299026
62,"kadrisandi,",kad,0,a,2,1,ictus,0.2619810954886461,843.3314242815272,1887.7943968455504,18,MH,a,225.26303981383347
63,"kadrisandi,",ri,1,i,1,0,off,0.1739597728796991,763.0909845248258,2382.8796792200524,18,MH,i,703.6088978499026
64,Laske,las,0,a,2,1,off,0.1665572562358281,952.8006662097812,1587.202678110281,18,MH,a,215.4024920232036
65,Laske,ke,1,e,1,0,off,0.1766575947314805,942.2261511765372,1555.2393515031536,18,MH,e,222.0364405808562
66,sissi,sis,0,i,2,1,off,0.1779999999999999,895.2047909389747,1611.407003048157,18,MH,i,153.01217143390105
67,sissi,si,1,i,1,0,off,0.1772559147827985,819.7879571685054,1552.620660806385,18,MH,i,140.9020013066344
68,"kadrisandi,",kad,0,a,2,1,off,0.2487536050200276,471.56930190012383,1998.299048955064,18,MH,a,428.78044424674374
69,"kadrisandi,",ri,1,i,1,0,off,0.1755475901939691,458.5180243350704,1662.7708012858443,18,MH,i,300.01121734871936
70,kadril,kad,0,a,2,1,ictus,0.2383753956443701,541.1671597922953,1568.5352540162658,18,MH,a,243.54665679812766
72,küüdse,küüd,0,yː,2,1,off,0.2572796873951191,889.7359076474534,2075.023655682747,18,MH,y,417.06233571110585
73,küüdse,se,1,e,1,0,off,0.1910232452034055,657.9432796992207,2250.030662184197,18,MH,e,579.458905030118
75,"külmeteve,",me,1,e,2,0,ictus,0.1491183144619565,542.5094290837442,1868.7457202009607,18,MH,e,286.9880435155668
76,kadril,kad,0,a,2,1,off,0.2409867400989895,1062.9414472987417,2139.091809211688,18,MH,a,551.6910187893766
78,varba,var,0,a,2,1,off,0.1538863110904742,953.7435739246588,1483.4395489950691,18,MH,a,276.84542344162173
79,varba,ba,1,a,1,0,off,0.2303083250661401,865.0829622601977,1622.4274178289795,18,MH,a,121.17788997524865
80,valutave!,va,0,a,1,1,off,0.2466126780296029,634.3710915083828,1400.0527261834948,18,MH,a,305.4098307527546
81,valutave!,lu,1,ʊ,2,0,off,0.1242927897269225,536.0308156727865,1921.1266595572008,18,MH,ʊ,328.3121541947048
82,Kadri,kad,0,a,2,1,off,0.1362520268419871,1006.61711210459,2134.248531325319,18,MH,a,518.4226723893003
83,Kadri,ri,1,i,1,0,ictus,0.0539330939582853,857.9527508324487,1876.5866655179063,18,MH,i,221.1384840728647
84,om,om,0,o,3,1,ictus,0.1816693691226483,1185.1371004509506,1416.6010054518702,18,MH,o,501.38562510394627
86,tullu,lu,1,u,1,0,off,0.1438357412152662,533.1213725651329,2096.1306016081385,18,MH,u,473.66756740592257
88,kauge,ge,1,e,1,0,ictus,0.1856959890360805,713.9057925915686,2208.0143797691667,18,MH,e,530.5673624321088
89,ümmert,üm,0,y,2,1,off,0.2108972717905324,600.248502294845,2059.8426480251874,18,MH,y,411.98334594213117
90,ümmert,mert,1,e,2,0,off,0.1573994829869427,923.6995582067068,1595.244060416008,18,MH,e,185.729000479961
92,"ilma,","ma,",1,a,2,0,off,0.2259643189902824,928.077565002458,1615.7106641812672,18,MH,a,181.5029288412379
93,ümmert,üm,0,y,2,1,off,0.2089466623782918,765.2996379314253,1541.4779000388155,18,MH,y,138.00005312032764
94,ümmert,mert,1,e,2,0,off,0.1374768544905258,536.339952974628,1688.7099830687675,18,MH,e,221.93428943435123
95,"otsa,",ot,0,o,2,1,off,0.1893505266898607,481.3058205123447,1415.2259032792865,18,MH,o,382.5308721017297
96,"otsa,","sa,",1,a,2,0,off,0.2257570932781192,557.3650291336281,1239.3548588269443,18,MH,a,483.55549710431745
97,läbi,lä,0,æ,1,1,off,0.1615384732666207,958.359083185586,2255.550892779825,18,MH,æ,610.0755653237454
98,läbi,bi,1,ɪ,1,0,ictus,0.2073178293412461,833.8515537411046,1554.969160835432,18,MH,ɪ,145.59378372660174
99,soo,soo,0,o,3,1,ictus,0.2416896351753479,874.1060771220957,1621.1173398287913,18,MH,o,129.79716609758015
100,"sipa-sopa,",si,0,i,2,1,off,0.1633156085490128,568.6668994204416,2007.1628704933487,18,MH,i,378.6510419524594
101,"sipa-sopa,",pa,1,a,1,0,ictus,0.1947704733294131,704.1629905534736,980.2874825557684,18,MH,a,701.0770798687194
102,läbi,lä,0,æ,1,1,off,0.19915483482756,656.1997586045072,1274.383296949575,18,MH,æ,417.5245577524061
103,läbi,bi,1,ɪ,1,0,off,0.2370781515607092,1045.3232609474835,1446.3429584247408,18,MH,ɪ,369.8320392970978
104,laane,laa,0,aː,2,1,off,0.267246562330115,1201.840870311978,1495.5213360926514,18,MH,a,480.3116767989327
105,laane,ne,1,e,1,0,off,0.19915483482756,817.6241946578366,1625.6710546395996,18,MH,e,80.13147024862316
106,lipa-lapa.,li,0,i,2,1,off,0.1257820009437296,879.2604093705684,1627.4070231163362,18,MH,i,131.82491051395493
107,lipa-lapa.,pa,1,a,1,0,off,0.1939139181215736,613.1799291067575,1955.2240678327407,18,MH,a,311.6643862079433
108,Obu,o,0,o,1,1,off,0.1470464934180526,1024.7143958811223,2148.2878201377453,18,MH,o,539.4971829039523
109,Obu,bu,1,ʊ,1,0,off,0.100421995505016,878.2633893996128,2158.450198994427,18,MH,ʊ,494.00528329435446
111,uppus,up,0,u,3,1,ictus,0.1408845900464683,1119.4728154415238,1551.6341662004977,18,MH,u,383.2814173699881
112,uppus,pus,1,u,2,0,off,0.1546179925643045,424.3254862276328,2223.465284481254,18,MH,u,638.3700981044166
113,"ojasse,",o,0,o,1,1,off,0.2644979078424256,354.95896009363344,1287.949140982756,18,MH,o,561.8260454142637
114,"ojasse,",jas,1,ɑ,2,0,off,0.1338673469387785,377.39311135430097,1280.7985623568875,18,MH,ɑ,551.1011156432564
115,mära,mä,0,æ,1,1,off,0.1132343358963012,678.1240599659163,2159.9513857802963,18,MH,æ,487.2665299561005
118,mätaste,mä,0,æ,2,1,off,0.1128645072771306,848.581173777794,1585.4492702324146,18,MH,æ,130.373878464451
119,mätaste,tas,1,a,2,0,off,0.0984020455500669,796.7500082594448,1529.4921748176314,18,MH,a,154.70878661974453
120,"vahele,",va,0,a,1,1,off,0.239837077963898,925.3319646802788,1576.874986728403,18,MH,a,196.12171794609515
121,"vahele,",he,1,ɛ,1,0,off,0.2511235286916147,813.6467842413375,1642.724899541092,18,MH,ɛ,66.5223523914524
122,lumi,lu,0,u,1,1,off,0.2048990575630398,620.8796166738393,1706.73263926881,18,MH,u,139.9125439390276
123,lumi,mi,1,ɪ,1,0,off,0.2228336849474956,1007.243561935427,2117.652271503233,18,MH,ɪ,504.2301365844261
124,rikkus,rik,0,i,3,1,off,0.1609921166566721,838.0958807332363,2086.922109537936,18,MH,i,415.41364468166705
125,rikkus,kus,1,u,2,0,ictus,0.1463564696878805,498.2392483898807,1441.8109391913308,18,MH,u,352.0083280287496
126,"loogakirja,",loo,0,oː,2,1,off,0.2707594689225843,351.234710691077,1801.3694698490629,18,MH,o,424.7611995234625
127,"loogakirja,",ga,1,a,1,0,off,0.1866044988520485,907.5612263099134,2133.022326160578,18,MH,a,477.7244085827879
128,sadu,sa,0,a,1,1,off,0.2914744209679938,914.02693562384,2224.1631739797026,18,MH,a,566.7534653327838
129,sadu,du,1,ʊ,1,0,off,0.2342569671995278,921.3823251501497,1335.7710522531108,18,MH,ʊ,380.36022611483975
130,rikkus,rik,0,i,3,1,off,0.1494095284525798,1065.3318059823794,1403.188860632326,18,MH,i,413.0839520058046
131,rikkus,kus,1,u,2,0,off,0.1459161124252475,883.5561184898452,1476.1238125659509,18,MH,u,238.79211620124764
132,"saaniteki,",saa,0,aː,2,1,off,0.3148272206679365,989.5210904647232,1280.8625062869555,18,MH,a,460.77226209459167
133,"saaniteki,",ni,1,i,1,0,off,0.1787578286843327,1176.5693234135215,1479.2809811226678,18,MH,i,463.83322327638035
134,ärmätus,är,0,æ,2,1,off,0.1814258559781336,430.57478967945536,2153.99598906139,18,MH,æ,576.7173421932599
135,ärmätus,mä,1,æ,2,0,off,0.1257351245413644,900.5978786584324,2217.506397721033,18,MH,æ,556.7686507642853
137,ää,ää,0,æː,3,1,ictus,0.570957840872353,378.1384490298595,2385.041690995956,18,MH,æ,801.522608046334
138,obese.,o,0,o,1,1,off,0.1307333373960091,341.57548004660686,2186.3462793788467,18,MH,o,656.18487481329
139,obese.,be,1,ɛ,1,0,off,0.1411612548634266,426.7365406560726,2375.897290389791,18,MH,ɛ,771.3936777307164
140,tõsta,tõs,0,ɵ,2,1,off,0.1887187589396433,916.9756662846831,1379.5346630800186,18,MH,ɵ,339.2670702123003
141,"usselinki,",us,0,u,2,1,off,0.1852415707564176,923.1162527054036,1530.9878775469103,18,MH,u,221.88287383814176
143,"Anna,",an,0,a,2,1,off,0.1825261086643479,489.24280418301214,1672.0321409649366,18,MH,a,268.92929558193697
144,"Anna,","na,",1,a,2,0,off,0.1682001111513216,482.6976161482849,2217.2407845002126,18,MH,a,604.338260524835
145,sina,si,0,i,1,1,off,0.2748068112610013,1146.3144225234048,2281.7961097651346,18,MH,i,716.760562846923
146,sina,na,1,ɑ,1,0,ictus,0.1911073293239695,805.338915349743,1877.3242362841247,18,MH,ɑ,203.59774547484832
147,anna,an,0,a,2,1,ictus,0.2674155138419252,958.6919821658132,1535.9184458144507,18,MH,a,246.58167536873512
148,anna,na,1,a,1,0,off,0.1979490398312435,840.387952832905,1575.8253715731066,18,MH,a,132.21274741322014
149,penki!,pen,0,e,2,1,off,0.1775440907648828,341.8988354985454,2024.3199156390424,18,MH,e,540.6001113862205
150,penki!,ki!,1,i,2,0,ictus,0.1887264438168898,392.6503844379086,1653.6154688213874,18,MH,i,366.32453340004145
151,"Perenaine,",pe,0,e,1,0,off,0.2859933815868487,915.9459468957234,1543.4929650546385,18,MH,e,208.24016723266664
152,"Perenaine,",re,1,ɛ,1,0,off,0.2215811822397881,846.655450805705,1466.9615170888248,18,MH,ɛ,230.06403445548847
153,"linnukene,",lin,0,i,2,1,off,0.1932399296818943,1147.4075385762212,1420.8723240247623,18,MH,i,467.2894926687945
154,"linnukene,",nu,1,u,2,0,off,0.1414054465711842,1051.04197809093,1210.6439957693117,18,MH,u,552.6825111367224
155,tagant,ta,0,a,1,0,off,0.2343210541359042,674.0444009076823,1321.1528236253434,18,MH,a,367.86177565323993
156,tagant,gant,1,ɑ,3,1,off,0.1374971677080196,927.1223498075252,2289.8426047523903,18,MH,ɑ,633.5245810256511
158,laudjas,jas,1,a,2,0,ictus,0.0891873520268262,652.8103479496508,929.9407055411524,18,MH,a,756.7052539900624
159,"tasane,",ta,0,a,1,1,off,0.2463521399945136,545.5763591911011,842.5405568420407,18,MH,a,863.3091702792447
160,"tasane,",sa,1,ɑ,1,0,ictus,0.2223712231526491,804.6882536865867,2201.5009264146,18,MH,ɑ,524.2885807985983
161,puhu,pu,0,u,1,1,off,0.2894618922157264,669.922626351729,1702.7535331545596,18,MH,u,91.22114032070908
162,puhu,hu,1,ʊ,1,0,off,0.2093429756203022,617.1747116259143,1929.263276688915,18,MH,ʊ,286.94941351606343
163,tuli,tu,0,u,1,1,off,0.268786042771751,928.1731111168818,1511.806685501268,18,MH,u,238.712924383586
164,tuli,li,1,ɪ,1,0,off,0.197004466185362,943.7255988684304,1605.8826472234698,18,MH,ɪ,199.63690258159687
165,"tubadesse,",tu,0,u,1,1,off,0.2539179432987737,929.9790128279484,1641.462583014932,18,MH,u,176.01728327936357
166,"tubadesse,",ba,1,ɑ,1,0,off,0.2087736334336227,650.1140173675465,1611.9175356262972,18,MH,ɑ,127.25669380978036
167,lõõtsu,lõõt,0,ɵː,2,1,off,0.219680900342297,1019.4536779385476,2150.191378047648,18,MH,ɵ,538.5801752871324
168,lõõtsu,su,1,u,1,0,off,0.1757447202738404,816.6272489246062,2089.535534712724,18,MH,u,414.4043369614813
169,lõke,lõ,0,ɵ,2,1,ictus,0.1886671261763126,909.7368404941692,1613.5410378881404,18,MH,ɵ,165.30067501382712
170,lõke,ke,1,e,1,0,off,0.1877125842747915,881.0714326641539,1854.0129223548229,18,MH,e,213.67472838155055
171,"põrmandulle,",põr,0,ɵ,2,1,off,0.1654067955518456,849.236747078176,1967.188809396837,18,MH,ɵ,301.988585357449
172,"põrmandulle,",man,1,a,2,0,off,0.1343840703826231,750.7670381218969,2436.2401668978937,18,MH,a,756.9867686327746
173,võta,võ,0,ɵ,2,1,off,0.0982102848589079,770.2151604997906,1787.9281000158242,18,MH,ɵ,109.31573470687387
174,võta,ta,1,a,1,0,off,0.1843386824717754,721.1687347275621,1924.151330058076,18,MH,a,247.6282209250666
175,pirdu,pir,0,i,2,1,off,0.1395619837468587,787.7330170265649,1641.1171454266494,18,MH,i,48.339545191515846
176,pirdu,du,1,u,1,0,off,0.190070932539669,1148.8146364766094,1262.590163367254,18,MH,u,571.2405331581649
177,"pistussesta,",pis,0,i,2,1,off,0.1640298748802422,1155.699246253425,1412.8472117816384,18,MH,i,478.6405142721279
178,"pistussesta,",tus,1,u,2,0,off,0.1524843896493593,837.6310197936797,1561.7798066645337,18,MH,u,141.90709246190616
179,võta,võ,0,ɵ,2,1,off,0.1240550966638949,942.0018327761132,2126.104067594839,18,MH,ɵ,483.19083571352655
180,võta,ta,1,a,1,0,off,0.2531552673822119,638.648360130249,1775.4686955852155,18,MH,a,153.33989858742888
182,halgu,gu,1,u,1,0,ictus,0.1634105721839915,581.0590292881811,1053.0581893468702,18,MH,u,650.7679882870203
183,ahju,ah,0,a,2,1,off,0.2196809003422828,454.4890268255899,1687.6958303115084,18,MH,a,303.70154080728787
184,ahju,ju,1,u,1,0,off,0.1186091897149452,340.6851394398,2295.446651983425,18,MH,u,744.220581743474
186,päälta!,ta!,1,a,2,0,ictus,0.2091979580339682,703.6429969509333,2532.1286496207968,18,MH,a,854.5752103213848
188,ole,le,1,ɛ,1,0,off,0.070399965228816,809.3468695166425,1821.3504956515712,18,MH,ɛ,151.03129435050897
189,pirdu,pir,0,i,2,1,off,0.1451267006802652,907.6781190844456,1631.596839532643,18,MH,i,157.02181009374772
190,pirdu,du,1,u,1,0,off,0.1573133417379608,965.4210557227932,1324.0477425598071,18,MH,u,411.32571147685684
191,"pistussenna,",pis,0,i,2,1,off,0.1689909605342023,983.5022519884226,1526.087371933663,18,MH,i,272.5590801704815
192,"pistussenna,",tus,1,u,2,0,off,0.1643572227113026,904.043921014084,1588.6142747300182,18,MH,u,171.84007255694056
193,võta,võ,0,ɵ,2,1,off,0.0765573681194382,537.103881786068,2113.444604507376,18,MH,ɵ,487.1542375490458
194,võta,ta,1,a,1,0,off,0.1946361993977348,855.7273363864257,2189.219758432327,18,MH,a,519.1973200229373
195,lõmmu,lõm,0,ɵ,2,1,off,0.2136643895246948,704.7550239423205,2051.674343929448,18,MH,ɵ,376.18349911626376
196,lõmmu,mu,1,u,1,0,ictus,0.1595298273961276,843.9883965797734,1634.8983406282073,18,MH,u,96.70446520595351
197,lõhna,lõh,0,ɵ,2,1,ictus,0.2160123498491373,1113.0509415327865,1497.2631701652638,18,MH,ɵ,398.92578549624216
198,lõhna,na,1,a,1,0,off,0.1878368259557845,716.9960416636352,1561.7618027607436,18,MH,a,124.49890460094488
200,"päälta,","ta,",1,a,2,0,ictus,0.1829226168323856,547.7341596815976,1531.186227698083,18,MH,a,257.24940580295817
201,ole,o,0,o,1,1,ictus,0.086708140426154,534.1677392030739,1703.1990766505787,18,MH,o,225.17948868506846
202,ole,le,1,ɛ,1,0,ictus,0.0812499129283708,789.1889874238104,2220.0215093181628,18,MH,ɛ,541.6273056557371
203,lõmmu,lõm,0,ɵ,2,1,off,0.1829602932601233,476.39048608319314,1967.3827626945688,18,MH,ɵ,402.9192372823296
204,lõmmu,mu,1,u,1,0,off,0.1775470706061668,716.2601548040633,1764.160462151645,18,MH,u,94.61307727599677
205,lõhna,lõh,0,ɵ,2,1,off,0.1901847862802128,1162.8502803440283,1462.4768937450194,18,MH,ɵ,459.18518702132116
206,lõhna,na,1,a,1,0,off,0.160664489347468,1159.873937464622,1409.7714503529278,18,MH,a,483.8208084544565
208,"päälta,","ta,",1,a,2,0,off,0.1926065240446348,862.6668010828541,1570.0368006060992,18,MH,a,151.2467736963162
209,võta,võ,0,ɵ,2,1,off,0.1314857781690364,367.480194614566,1104.881285301886,18,MH,ɵ,694.6275992452945
210,võta,ta,1,a,1,0,off,0.2315918064362705,463.28956987605295,1546.491785922341,18,MH,a,323.31560151224335
211,roogu,roo,0,oː,2,1,off,0.2444429327286599,938.3540877612302,2096.4219214894515,18,MH,o,454.4238078991018
212,roogu,gu,1,u,1,0,off,0.2089684688757955,945.5846916880728,1761.403355724419,18,MH,u,204.70225688790748
213,räästa,rääs,0,æː,2,1,off,0.1455735401157341,1004.318572040944,1791.5122665699628,18,MH,æ,270.6112280612745
214,räästa,ta,1,a,1,0,ictus,0.2042725482268963,731.6789515728149,1006.8298299198658,18,MH,a,672.9766677641994
215,esta!,es,0,e,2,1,off,0.1987663044929348,549.757409062971,1598.252539483438,18,MH,e,223.52344655046167
216,esta!,ta!,1,a,2,0,ictus,0.194880706929112,785.2810151562956,1566.288544914616,18,MH,a,116.22925360476037
217,Siin,siin,0,iiː,3,1,off,0.2672428290835853,798.4186299180604,2155.1897276226937,18,MH,i,477.608097012296
218,om,om,0,o,3,1,off,0.0652960128496147,820.4921464122851,1873.8239779476949,18,MH,o,204.30367048808688
219,siin,siin,0,iiː,3,1,off,0.2438265306122673,1035.62781157353,1463.7137200817235,18,MH,i,351.43786904218695
220,om,om,0,o,3,1,off,0.0650398841417541,1039.0143558275176,1449.7915264742107,18,MH,o,362.762070167807
221,siin,siin,0,iiː,3,1,ictus,0.3079070294784571,411.2592658398149,1366.3449660294318,18,MH,i,467.13418287677274
222,om,om,0,o,3,1,ictus,0.153379413798433,393.863381595979,1817.112643954332,18,MH,o,389.41617156593
224,sa,sa,0,a,3,1,off,0.0804981317445765,654.4892169530275,1877.5612323495184,18,MH,a,223.7003686251399
225,"tää,","tää,",0,æ:,3,1,ictus,0.2761768725336253,345.00254086433785,1132.760169677084,18,MH,æ,685.0704909289178
226,ma,ma,0,a,3,1,ictus,0.103304353157057,335.6421091170168,1241.6848217776492,18,MH,a,608.2318472596473
227,juhate:,ju,0,u,1,1,off,0.1822181678356287,611.2488782104771,1059.7144853260954,18,MH,u,636.733724311448
228,juhate:,ha,1,ɑ,2,0,ictus,0.1704059394182877,587.1281621338956,1055.2375443091123,18,MH,ɑ,647.0412232677096
229,karask,ka,0,a,1,0,off,0.1004034547784726,598.7877471026768,2171.580612716847,18,MH,a,517.420069086525
230,karask,rask,1,ɑ,3,1,off,0.1124753239654978,627.4153757470935,2397.0638541804974,18,MH,ɑ,729.5703824262768
231,om,om,0,o,3,1,off,0.0909320974481886,741.0121637036023,2406.855933589726,18,MH,o,727.7672980922038
232,kambren,kamb,0,a,2,1,off,0.1812534688134235,425.25316273839655,2329.0741988089467,18,MH,a,730.0623723177836
233,kambren,ren,1,e,2,0,off,0.0999696967166698,733.5890970893245,1646.188985723723,18,MH,e,41.17169162384538
234,kapi,ka,0,a,2,1,off,0.1663047291174564,1016.2545352115504,1437.07751655486,18,MH,a,354.010362672691
235,kapi,pi,1,i,1,0,off,0.2285066379161264,404.15593424104776,1093.834731257337,18,MH,i,684.1158056831613
236,pääl.,pääl.,0,æ,3,1,off,0.2286146941546007,408.2302293821408,1155.981847814746,18,MH,æ,629.4766213637217
237,taha,ta,0,a,1,1,off,0.2368891857537107,792.9126294670308,1800.924938714997,18,MH,a,126.52707293532005
238,taha,ha,1,ɑ,1,0,ictus,0.1446183433016301,813.9767028944782,1632.1590703862137,18,MH,ɑ,73.11833472114728
239,kanaliha –,ka,0,a,1,1,ictus,0.2668150742482567,908.6083232503522,1326.8536667547482,18,MH,a,383.2374686602791
240,kanaliha –,na,1,ɑ,1,0,off,0.2230505333624535,803.2643664908703,1578.3553036372964,18,MH,ɑ,110.58795914555805
241,kana,ka,0,a,1,1,off,0.279749261988286,474.2102643076125,2110.495233972859,18,MH,a,516.253645490194
242,kana,na,1,ɑ,1,0,off,0.167003697190978,629.0686839456304,2195.776901717459,18,MH,ɑ,532.3556282879044
243,kannustenu.,kan,0,a,2,1,off,0.2055129028213684,917.290756613206,1418.0485788860472,18,MH,a,305.93512653026545
244,kannustenu.,nus,1,u,2,0,off,0.0994465318362358,1069.4393057748923,1447.3146382229995,18,MH,u,388.2784969546378
245,"Saagu,",saa,0,aː,2,1,ictus,0.2443943211013106,431.1456368117839,1088.2964553263962,18,MH,a,675.3917874922487
246,"Saagu,","gu,",1,u,2,0,ictus,0.1671274462761403,483.0276420737397,1085.428450556949,18,MH,u,654.4620345404663
247,"saagu,",saa,0,aː,2,1,off,0.2150364583333441,420.0497683080744,1862.4813613294336,18,MH,a,384.473752724063
248,"saagu,","gu,",1,u,2,0,off,0.0356381125488951,446.5019671402581,1980.6197010071885,18,MH,u,433.44853938350786
249,ma,ma,0,a,3,1,off,0.1001689265501966,363.4487478561462,1807.4880995529368,18,MH,a,414.9268930820889
250,sajatan:,sa,0,a,1,1,ictus,0.2616289438570902,468.1557745010457,987.0468513666028,18,MH,a,750.500774870036
251,sajatan:,ja,1,ɑ,2,0,ictus,0.1100396659282978,455.8575866904679,978.24423089423,18,MH,ɑ,763.4121891841648
252,"Saagu,",saa,0,aː,2,1,off,0.2814183673469301,876.1747849293351,1808.4999004157164,18,MH,a,175.05226558043978
253,"Saagu,","gu,",1,u,2,0,off,0.1419082643145373,654.9136741464135,1172.686292034561,18,MH,u,516.999087172806
254,"saagu,",saa,0,aː,2,1,off,0.2460867346938755,683.604161247061,2318.690640569671,18,MH,a,643.7240618969244
255,"saagu,","gu,",1,u,2,0,off,0.0959058834085624,675.6370756703801,2319.083750645402,18,MH,u,645.0842003966302
256,ma,ma,0,a,3,1,off,0.0785889069476297,643.884968929061,2329.19903482018,18,MH,a,659.8656397567817
257,sajatan:,sa,0,a,1,1,off,0.1993719560520617,424.2233327819475,1971.6553325474752,18,MH,a,443.7732030419008
258,sajatan:,ja,1,ɑ,2,0,off,0.1377090749589342,442.8314961093929,2098.868134668426,18,MH,ɑ,524.8093748269089
259,siia,sii,0,iː,2,1,ictus,0.1140282784770931,760.2179233743137,1887.7321156113808,18,MH,i,208.4544722513389
260,siia,a,1,a,1,0,ictus,0.0640789064185582,565.8513531717416,1476.4528023214025,18,MH,a,279.4494645252498
261,sinu,si,0,i,1,1,off,0.0528518373862141,725.4399016054897,2358.5851636970788,18,MH,i,680.0799415519439
262,sinu,nu,1,ʊ,1,0,off,0.085626858275873,624.0885185884564,1799.4616548972351,18,MH,ʊ,179.98251208535166
263,tütar,tü,0,y,2,1,off,0.1586089268741375,706.2829344459292,1243.953593685202,18,MH,y,438.4050170931302
264,tütar,tar,1,a,2,0,ictus,0.1242709117776428,925.9422307294624,1824.8955746672848,18,MH,a,222.21848244540678
265,"seenetagu,",see,0,eː,2,1,off,0.2947904677824908,617.5754576599675,2117.873475810714,18,MH,e,460.5393857508048
266,"seenetagu,",ne,1,e,2,0,off,0.1159509173278081,642.1874933566396,1971.670951961828,18,MH,e,314.51092976108737
268,hääre,hää,0,æː,2,1,off,0.2984207933976677,704.4568895934058,1809.8853915154327,18,MH,æ,141.17477959195702
269,hääre,re,1,e,1,0,off,0.1659928344190007,563.9304522949237,2169.032396365149,18,MH,e,526.8213244158193
271,"allitagu,",li,1,i,2,0,off,0.0784994278504314,445.7073532073985,2302.02191231646,18,MH,i,696.6848138630363
272,vennal,ven,0,e,2,1,ictus,0.1473316326530778,766.358425059158,1298.3219059333717,18,MH,e,381.05682196508036
274,vii,vii,0,i,3,1,ictus,0.2887550967941763,815.2896892062291,1520.3721982490567,18,MH,i,168.90251155427376
275,vii,vii,0,iː,3,1,ictus,0.1514780835641715,933.3725690087466,1512.1768792093844,18,MH,i,242.18974911677105
276,"kandijaksa,",kan,0,a,2,1,ictus,0.2309271977003391,693.2690686597045,2250.836285558112,18,MH,a,575.2098600180716
277,"kandijaksa,",di,1,i,1,0,off,0.2087958739636803,579.7989772218574,2078.244966431624,18,MH,i,436.97617455026796
278,õel,õel,0,ɵ,3,1,off,0.272123709127527,889.8815756305963,1483.5815062810868,18,MH,ɵ,235.95440681019153
280,õvve,õv,0,ɵ,2,1,off,0.2536749362818398,929.4840334220568,1536.981332350947,18,MH,ɵ,222.7840100406746
281,õvve,ve,1,e,1,0,off,0.1714303511043624,743.8731197924106,1589.5500282945038,18,MH,e,90.85534303199151
282,"pühkijaksa,",püh,0,y,2,1,off,0.1668611857690507,665.8043704730106,1547.2159908800504,18,MH,y,161.11148172813841
283,"pühkijaksa,",ki,1,i,1,0,off,0.1815855775120667,599.7199890178549,2373.118612555668,18,MH,i,711.6713030723939
284,õel,õel,0,ɵ,3,1,off,0.2940893911969624,955.051542254408,1857.465335440984,18,MH,ɵ,265.6068642410407
286,õvve,õv,0,ɵ,2,1,ictus,0.1888146438869569,775.2844708722332,1721.5672832744049,18,MH,ɵ,45.64729467530897
287,õvve,ve,1,e,1,0,off,0.1710662758553667,760.3529439345521,1678.235083404854,18,MH,e,2.510537989466218
288,"pühkijaksa,",püh,0,y,2,1,off,0.1849212969124209,1007.020254030962,1511.5596219146296,18,MH,y,300.1785802592654
289,"pühkijaksa,",ki,1,i,1,0,ictus,0.1520193012415518,999.5462969450148,1284.8656558739508,18,MH,i,462.4697769286775
290,vennanaistel,ven,0,e,2,1,off,0.1553788001027101,860.0847694455852,1879.305807569979,18,MH,e,224.52843224771408
291,vennanaistel,na,1,a,1,0,off,0.1800212167653967,941.7194209540498,1473.8351176003878,18,MH,a,275.5662084331251
292,vemmeldada!,vem,0,e,2,1,off,0.1538164310281615,1144.738204587121,1396.7733367332355,18,MH,e,478.8778333544525
293,vemmeldada!,mel,1,e,2,0,off,0.1241325583735886,841.2719365234706,1529.2680909815456,18,MH,e,171.54602815744718
294,Ega,e,0,e,1,1,off,0.1240202203320848,506.3439889647701,2133.9871999805027,18,MH,e,519.729588734229
295,Ega,ga,1,ɑ,1,0,off,0.1291282542695739,720.3721672918615,2348.34842440078,18,MH,ɑ,670.1211838801967
296,ole,o,0,o,1,1,ictus,0.2845359616090945,1010.3934922157888,2227.926495267847,18,MH,o,603.8778866342475
297,ole,le,1,ɛ,1,0,ictus,0.178647748177724,445.0873079472034,816.0876369738886,18,MH,ɛ,918.1921368517957
299,"näl´lasandi,",la,1,a,1,0,off,0.1756591673896537,592.6637881333814,1780.445358538335,18,MH,a,193.88985061384923
300,me,me,0,e,3,1,ictus,0.1912693034950621,717.2608271507895,1649.840694622,18,MH,e,50.32805250771546
301,olem,o,0,o,1,1,ictus,0.0728974357249399,699.164714888263,1521.6522768237162,18,MH,o,168.28415422634384
302,olem,lem,1,ɛ,2,0,ictus,0.0500000000000113,720.4865899193943,1772.4321442317812,18,MH,ɛ,100.44169629916429
306,lasandi.,las,0,a,3,1,off,0.1778640000981113,926.3781022182852,1500.961658718954,18,MH,a,245.20752820183253
307,lasandi.,an,1,ɑ,2,1,off,0.1834222501011879,968.0910536205364,1552.2276583207176,18,MH,ɑ,245.46198665084503
310,"mal´lika,",li,1,i,2,0,off,0.1307604895159233,473.08383870221417,1086.608163757179,41,LK,i,415.463635435858
312,mal´likast,li,1,i,2,0,off,0.1227136901610972,524.9241067922687,971.51823546659,41,LK,i,496.67770845641894
314,"man´nipil´li,",man´,0,a,2,1,off,0.2405921612725414,476.4619315965128,1342.7999070407584,41,LK,a,237.48793716760142
315,"man´nipil´li,",ni,1,i,2,0,off,0.1307700443513821,542.9780447393792,969.010727942274,41,LK,i,493.22115918046933
316,petsariinist,pet,0,e,2,0,ictus,0.1829709949562641,906.5090026149704,1990.516572723539,41,LK,e,591.4836763529742
317,petsariinist,sa,1,a,1,0,off,0.2079421661640239,492.3802220892268,1107.2085876076233,41,LK,a,387.797704730976
319,"riimuka,",rii,0,iː,2,1,ictus,0.2755656348352513,506.5959679211313,1163.6439871393538,41,LK,i,332.6289735680304
320,"riimuka,",mu,1,u,2,0,ictus,0.2062515794472439,818.6357878680727,1233.9769944778766,41,LK,u,239.73217347375484
321,riimukast,rii,0,iː,2,1,ictus,0.2556622535714545,1046.4691223331208,1955.596253835565,41,LK,i,625.8342015113973
322,riimukast,mu,1,u,1,0,ictus,0.1510895691609945,973.4135585809572,1654.9519692201477,41,LK,u,353.56074575300073
324,"rindasõl´ge,",rin,0,i,2,1,off,0.167928757759423,896.00624452354,1994.224482309329,41,LK,i,591.2705933479398
325,"rindasõl´ge,",da,1,a,1,0,ictus,0.2165495809068716,720.2726307073028,1496.7160471863947,41,LK,a,63.860439715396126
326,rindasõlesta,rin,0,i,2,1,off,0.188967752639769,561.4148371249854,1554.6291273607048,41,LK,i,175.9951692302068
327,rindasõlesta,da,1,a,1,0,ictus,0.2312076032298371,560.9083778550697,1027.6692995434064,41,LK,a,431.89026398857817
328,"sõmera,",sõ,0,ɵ,1,1,ictus,0.4246216559317197,561.5541425069816,1459.32547459914,41,LK,ɵ,133.81974417468834
329,"sõmera,",me,1,ɛ,1,0,ictus,0.2467696534472274,506.9333401543477,1413.7143745697651,41,LK,ɛ,188.48125300974172
330,sõmerast,sõ,0,ɵ,1,0,ictus,0.3745239740458785,836.3373682719124,1681.284357837246,41,LK,ɵ,281.45074410412207
331,sõmerast,me,1,ɛ,1,0,ictus,0.1898140672117918,934.6339150074938,1445.7271583606262,41,LK,ɛ,240.97671808094114
333,"soolavakka,",soo,0,oː,2,1,ictus,0.3324733390461567,565.6394794949806,1395.6218957537908,41,LK,o,135.14470719855908
334,"soolavakka,",la,1,a,1,0,ictus,0.2135408256132649,600.2620859509032,1342.3342427659782,41,LK,a,134.21203765896152
335,soolavakast,soo,0,oː,3,1,ictus,0.3505759410407876,490.1619537069241,1145.722019003137,41,LK,o,356.70891653147544
336,soolavakast,la,1,a,1,1,ictus,0.237711081421402,432.8304249302967,1582.0434282693457,41,LK,a,297.75172339274417
338,"vaisiküisi,",si,1,i,2,0,ictus,0.2050717830651223,705.6681767017453,1150.0659952199308,41,LK,i,288.79784933009057
340,vaisiküisist,si,1,i,2,0,ictus,0.2102354978715723,418.2410562705357,1612.534770357894,41,LK,i,325.82014171304957
341,kübara,kü,0,y,1,1,ictus,0.3419678362293759,898.0460396082091,1171.926065717479,41,LK,y,335.9415052907206
342,kübara,ba,1,ɑ,1,0,ictus,0.2381561716597424,612.1801415840513,1498.1289213298935,41,LK,ɑ,100.98080982928106
343,ja,ja,0,a,3,1,off,0.1199077240659818,765.8439085128246,1269.5670657630542,41,LK,a,183.77735513622883
344,kübarast,kü,0,y,1,0,ictus,0.4127729891509162,812.9910938206823,903.3201731568428,41,LK,y,548.4155922603738
345,kübarast,ba,1,ɑ,1,0,ictus,0.1129990723503411,602.0792658551458,861.5913528925241,41,LK,ɑ,584.2652267263773
347,"künnirauda,",kün,0,y,2,1,off,0.2276084246143028,816.4428325914503,1392.8817762538924,41,LK,y,130.92898580365363
348,"künnirauda,",ni,1,i,1,0,ictus,0.2796883183819858,789.9988937342556,1160.5678419516366,41,LK,i,294.2339068996465
349,künnirauast,kün,0,y,2,1,off,0.2626724457485991,721.2667987220883,1047.0807867267436,41,LK,y,392.50241729578767
350,künnirauast,ni,1,i,1,0,ictus,0.2196989619006899,815.5944894467298,1579.783160569271,41,LK,i,186.46889839413365
352,ranitsa,ra,0,a,1,1,ictus,0.3617193185422493,479.7239975029184,1008.01996141759,41,LK,a,480.86093923763616
353,ranitsa,nit,1,ɪ,2,0,ictus,0.1098680173142341,529.5765716361998,1096.5319643551024,41,LK,ɪ,379.4469034266844
354,ja,ja,0,a,3,1,off,0.1164597969322187,723.4262828516165,1235.9425381374122,41,LK,a,204.83514498683363
355,ranitsast,ra,0,a,1,1,ictus,0.3579029135600038,486.78988729360543,1194.1509876354282,41,LK,a,320.3150979193252
356,ranitsast,nit,1,ɪ,2,0,ictus,0.1058938809528484,460.2317459487992,2370.3095106854425,41,LK,ɪ,960.5128290800327
358,rapsuvitsa,rap,0,a,2,1,off,0.1603037605720132,1055.0112742645508,2231.1428767502566,41,LK,a,870.9742596725193
359,rapsuvitsa,su,1,u,1,0,ictus,0.2369793156918547,1024.6427831621145,2025.819512669062,41,LK,u,674.0083727897638
360,lapse,lap,0,a,2,1,ictus,0.1752854710439777,516.573723809499,1185.853450765745,41,LK,a,308.6839641353622
361,lapse,se,1,e,1,0,off,0.2121876754742899,831.390455459225,1500.7657957055071,41,LK,e,151.0095362321983
362,puksu,puk,0,u,2,1,ictus,0.1900463528160969,849.2540508881939,1300.984002003226,41,LK,u,207.65586703705202
363,puksu,su,1,u,1,0,ictus,0.2527801003476284,596.2474157124897,1410.5287095429803,41,LK,u,101.47972677562255
364,pihta,pih,0,i,2,1,ictus,0.1506351454404111,587.1676111444574,1450.9366583709848,41,LK,i,107.3038739956406
365,pihta,ta,1,a,1,0,off,0.1778246773970551,576.144631465915,1543.3356680331117,41,LK,a,157.47884530265299
366,peks(a) –,peks,0,e,2,1,off,0.1616455472673692,516.2600507182217,1458.1753708343872,41,LK,e,178.57616630414063
367,peks(a) –,(a) –,1,a,2,0,off,0.1015526821248187,620.5521937274488,1992.7506356106865,41,LK,a,558.9475047628745
368,pandi,pan,0,a,2,1,off,0.1770264394799134,573.1809227425911,989.590104113264,65,LK,a,464.93671675351123
369,pandi,di,1,i,1,0,off,0.1290391054167869,552.0437984432056,995.7388935868458,65,LK,i,465.0013483333532
370,mind(e),mind,0,i,2,1,ictus,0.0852095252893585,550.604532162798,923.7839706667272,65,LK,i,534.367370474839
371,mind(e),(e),1,e,2,0,ictus,0.0677368533412554,559.4320509858421,889.6181161026562,65,LK,e,565.1953435183142
372,paju,pa,0,a,1,1,off,0.3866169768428902,565.8746365620035,1092.536073751702,65,LK,a,368.9554394529351
373,paju,ju,1,ʊ,1,0,off,0.2699159379879798,568.7582195290371,1009.1161121596166,65,LK,ʊ,447.3232703305536
375,"raiumaie,",u,1,u,1,0,off,0.3494418144413771,1048.8256940395308,2579.920772310121,65,LK,u,1195.2579082144405
376,saare,saa,0,aː,2,1,off,0.401021531643881,519.2395231619329,1113.7366875143716,65,LK,a,368.790176958071
377,saare,re,1,e,1,0,off,0.2190923328085201,750.1635016843467,916.1259251364584,65,LK,e,525.5277544111746
378,juuri,juu,0,uː,2,1,ictus,0.3297794497162059,688.2599372063066,1739.861978584065,65,LK,u,301.29390474525695
379,juuri,ri,1,i,1,0,ictus,0.2512264213793855,803.4522081526424,1401.109456618745,65,LK,i,115.92601006755031
380,"juksimaie,",juk,0,u,2,0,ictus,0.2117315353673312,857.3070515111099,1368.8257377487298,65,LK,u,177.8144069128974
381,"juksimaie,",si,1,i,1,0,off,0.2697655103865592,507.0866713661333,1532.6698588865906,65,LK,i,209.02966063063454
382,tamme,tam,0,a,2,1,ictus,0.2628181345509759,795.1949368598978,1374.2864738258927,65,LK,a,120.11332742317393
383,tamme,me,1,e,1,0,off,0.2255855654895882,871.5471399969551,1449.209921004839,65,LK,e,178.10028412248982
384,tüve,tü,0,y,1,1,off,0.4314597708878516,860.9371844069863,1371.7717210714547,65,LK,y,180.04439572575095
385,tüve,ve,1,ɛ,1,0,off,0.2006939008591075,1025.602073724834,1130.543421623869,65,LK,ɛ,452.8000946057478
386,tampimaie.,tam,0,a,2,0,ictus,0.1686416363368756,1044.406337177945,1527.065772610008,65,LK,a,361.6273642357007
387,tampimaie.,pi,1,i,1,0,off,0.2821269118532932,547.6402084538884,1510.9752086050885,65,LK,i,163.055572672312
389,Leidsine,si,1,i,1,0,ictus,0.0476705348901198,863.4817725837308,1591.8017244038303,65,LK,i,228.62618351889782
390,ma,ma,0,a,3,1,ictus,0.4140109153676796,407.115972339771,1037.9035528993538,65,LK,a,492.68479867286595
391,siis,siis,0,iiː,3,1,ictus,0.1785943757411878,403.183183945868,1050.0882707052838,65,LK,i,485.1718142100202
392,"kogemata,",ko,0,o,1,1,off,0.3727984522744521,435.4676774052416,2008.2890020872087,65,LK,o,625.4923543225008
393,"kogemata,",ge,1,ɛ,1,0,off,0.3085228570547187,475.2043801668742,1023.6116963198658,65,LK,ɛ,469.0394030493297
394,kus,kus,0,u,3,1,off,0.2632812391709649,576.0180067820647,926.9545340309036,65,LK,u,525.0366584963837
395,aga,a,0,a,1,1,off,0.1031082785795334,572.3052657103486,911.0941655017688,65,LK,a,541.3256758277267
396,aga,ga,1,ɑ,1,0,off,0.1336037414966071,572.5813684052964,909.733834379386,65,LK,ɑ,542.5896792066295
398,oli,o,0,o,1,1,off,0.1281928342656542,706.0333616947207,1045.5537082543644,65,LK,o,393.2561141127135
399,oli,li,1,ɪ,1,0,off,0.1392535629256386,540.2116817571894,1057.118651035331,65,LK,ɪ,411.2416792362688
400,"sarapuida,",sa,0,a,1,0,off,0.3795034017322365,932.0332118022944,1468.6044030080782,65,LK,a,240.1505771445495
401,"sarapuida,",ra,1,ɑ,2,0,ictus,0.2155676968932596,967.3165034939184,1443.8853534849636,65,LK,ɑ,273.6051291708697
403,teine,ne,1,e,1,0,off,0.2398163783707332,771.3480863963856,1623.4999088137054,65,LK,e,200.50135157954043
405,oli,o,0,o,1,1,ictus,0.1106884089249362,955.979113625468,1499.9579505038687,65,LK,o,269.2959815117853
406,oli,li,1,ɪ,1,0,ictus,0.1151330992235699,928.562043932098,1271.2178264945571,65,LK,ɪ,288.3642651920713
407,"türnapuida,",tür,0,y,2,0,off,0.2631193947373589,911.6008580583964,1570.4555371912638,65,LK,y,254.62676160529765
408,"türnapuida,",na,1,a,2,0,off,0.2504389419789419,558.1015429736333,1553.9503293694768,65,LK,a,178.05968979422605
410,kolmas,mas,1,a,2,0,off,0.1968736028228406,824.9153699040809,1408.447327834355,65,LK,a,134.57888101700587
412,oli,o,0,o,1,1,off,0.1133627266702106,869.2120008811913,1565.1141909711282,65,LK,o,216.2958214286408
413,oli,li,1,ɪ,1,0,ictus,0.1358772197866997,841.9172396080492,1502.9730248676185,65,LK,ɪ,161.52857650457443
414,"kohlapuida,",koh,0,o,2,0,off,0.2798164988964657,872.5960949028848,1144.5238047516382,65,LK,o,344.19934447526646
415,"kohlapuida,",la,1,a,2,0,off,0.2183933649923588,919.2173909408872,1427.7860148385455,65,LK,a,225.715391598877
416,neljas,nel,0,e,2,1,ictus,0.2872646603340314,987.7507551358328,1479.8436384347697,65,LK,e,296.8650717460104
417,neljas,jas,1,a,2,0,off,0.2289614203133396,379.3735636252792,1779.4499939930138,65,LK,a,463.68779187245804
418,noori,noo,0,oː,2,1,ictus,0.4157777978518808,794.0037315792856,1243.5696237543302,65,LK,o,219.2997547278924
419,noori,ri,1,i,1,0,ictus,0.2230080915751031,759.4888227267481,1251.6224844231474,65,LK,i,198.21061216948573
421,punapõs ki,pu,0,u,1,1,off,0.4190134389523194,828.6942447453602,1418.8101607475835,65,LK,u,136.3783463081561
422,punapõs ki,na,1,ɑ,2,0,off,0.291285654427142,890.4859864663383,1410.3479917232996,65,LK,ɑ,198.74483244308132
423,piigakesi.,pii,0,iː,2,1,off,0.3898409510378258,707.0267193679565,1079.9398140149603,65,LK,i,358.92369584473624
424,piigakesi.,ga,1,a,2,0,off,0.2847153013197641,661.1037137866756,1069.148208199564,65,LK,a,370.9106766543958
425,Ööd,ööd,0,øøː,3,1,ictus,0.5013352468684076,941.4725164399488,1289.5350536649732,65,LK,ø,289.1129225578229
427,ööles,öö,0,øː,2,1,off,0.4602053346591788,835.5314094463212,1431.2960412348311,65,LK,ø,141.95830287032558
428,ööles,les,1,e,2,0,off,0.2428077225809204,835.9828310918119,1423.9997790565249,65,LK,e,142.97008414267873
429,"virvekirja,",vir,0,i,2,1,ictus,0.22304430330108,840.3420468681126,1422.965692110936,65,LK,i,147.4133394883691
430,"virvekirja,",ve,1,e,1,0,ictus,0.2738645243063899,533.7498245465468,1565.2910776694562,65,LK,e,204.08309267592173
431,sukad,su,0,u,2,1,off,0.2724000902198185,823.9867420657711,1406.9487023616452,65,LK,u,134.02025320755362
432,sukad,kad,1,a,2,0,off,0.2059308390022636,832.3123716496451,1418.007708599736,65,LK,a,140.07491471357372
433,jalas,ja,0,a,1,1,off,0.3462285444129236,916.9865873436348,1531.3795107874184,65,LK,a,241.73088691501695
434,jalas,las,1,ɑ,2,0,off,0.1826035165731099,898.8436685602188,1381.8713450136786,65,LK,ɑ,212.78787239640454
435,saarekirja.,saa,0,aː,2,1,off,0.4079060766801632,920.716725599867,1435.6957709128362,65,LK,a,226.9734663959987
436,saarekirja.,re,1,e,1,0,off,0.3065130456762972,921.4920886324322,1424.2203423405836,65,LK,e,228.18470704856355
440,julgust,gust,1,u,2,0,ictus,0.1815972559237764,551.6331584899918,1649.7125683367194,65,LK,u,254.48263579872585
441,juure,juu,0,uː,2,1,ictus,0.3781477904400816,943.6532231152612,1444.8697665407572,65,LK,u,249.9693306004314
442,juure,re,1,e,1,0,ictus,0.3277866210361679,547.352784907333,945.5549751956238,65,LK,e,514.3414621079227
443,"minna,",min,0,i,2,1,ictus,0.1879442750489204,516.3108101208786,1293.8395012018318,65,LK,i,229.01933799900436
444,"minna,","na,",1,a,2,0,off,0.1431267940757123,450.5405615599456,1274.2905532343104,65,LK,a,293.53078014781977
445,südant,sü,0,y,1,0,ictus,0.3855766164496117,924.8044725676052,1529.491576529913,65,LK,y,248.2710987371123
446,südant,dant,1,ɑ,3,1,ictus,0.1721324180578705,968.1277167245152,1529.9532678809685,65,LK,ɑ,289.1687712368464
448,sülle,le,1,e,1,0,off,0.3085789686169136,652.7903749412654,1074.8951378962524,65,LK,e,366.02353945067705
449,rabadaie.,ra,0,a,1,0,ictus,0.3337833711123039,748.5424512744432,1077.5183137696226,65,LK,a,365.231573192511
450,rabadaie.,ba,1,ɑ,1,0,ictus,0.3198757306493007,686.9167582027869,1132.2559553492547,65,LK,ɑ,306.4388277337435
451,"Lõpe,",lõ,0,ɵ,2,1,ictus,0.2930817813158489,748.7152568393128,1597.3670281603831,9,MH,ɵ,82.4544984955308
452,"Lõpe,","pe,",1,e,2,0,off,0.2907509959489728,660.9583279907339,1109.8046202392766,9,MH,e,577.7054336254489
453,"linakene,",li,0,i,1,1,ictus,0.2421110367391794,814.8866113783112,1673.9399578145628,9,MH,i,57.06365741456643
454,"linakene,",na,1,ɑ,2,0,off,0.3185671536041838,854.1053011067995,1797.539641507405,9,MH,ɑ,152.33275802066186
456,siia,sii,0,iː,2,1,off,0.2878182779998228,529.0672937698051,1842.441343430407,9,MH,i,281.181347251375
458,"jätan,",jä,0,æ,2,1,off,0.219520359737249,664.3202098039197,1953.014478767437,9,MH,æ,289.3365292628051
459,"jätan,","tan,",1,a,2,0,off,0.3279892433721247,691.6455645780336,1816.3775512565207,9,MH,a,152.33556136318575
460,siia,sii,0,iː,2,1,ictus,0.4574198947030243,383.6778063048216,2078.699668353998,9,MH,i,547.450265458797
461,siia,a,1,a,1,0,ictus,0.2102073885109607,356.37969162555913,2014.048402263372,9,MH,a,522.8982146164986
462,jätan,jä,0,æ,2,1,off,0.1709462992459709,719.5494245991521,2149.998456296374,9,MH,æ,472.2836676981459
463,jätan,tan,1,a,2,0,off,0.2269446870304516,725.9939696292532,2110.78479465122,9,MH,a,432.6870096357984
464,tsirgu,tsir,0,i,2,1,ictus,0.268398882666105,776.1254492047445,1733.1184091361113,9,MH,i,56.775782410107404
465,tsirgu,gu,1,u,1,0,off,0.2782015180980739,806.7685694553685,1055.645240967047,9,MH,u,625.5415782032628
467,"süia,","a,",1,a,2,0,ictus,0.2880562661573176,519.1099275359466,1163.4701051386417,9,MH,a,568.4828077243137
468,pääsukesel,pää,0,æː,2,1,off,0.4127551124110677,978.8994895731508,1998.8621521866207,9,MH,æ,388.44694585407575
469,pääsukesel,su,1,u,2,0,off,0.2047525360779314,808.2877736542397,1221.8210258111335,9,MH,u,460.21521863416314
470,pääle,pää,0,æː,2,1,off,0.382602439738779,640.1468311958951,2066.368573467989,9,MH,æ,404.6451703312092
471,pääle,le,1,e,1,0,off,0.2742276686718661,682.0044882572255,1998.881163354732,9,MH,e,328.5208698776184
473,tulla.,la.,1,a,2,0,off,0.3600490444473578,685.0274838857124,1641.7729682697195,9,MH,a,82.1172789957402
474,Jätän,jä,0,æ,2,1,ictus,0.1677190770112133,429.8834352390512,1757.1439137786945,9,MH,æ,337.29898416344884
475,Jätän,tän,1,æ,2,0,ictus,0.2144479675435135,353.4301388938971,2025.426156298853,9,MH,æ,532.4922177965061
477,päivä,vä,1,æ,1,0,ictus,0.2185460377089469,853.0769581663064,2174.5664507899,9,MH,æ,504.30706035896253
478,"palada,",pa,0,a,1,1,ictus,0.327042558563452,773.8999573032256,1246.438075985544,9,MH,a,433.13980323915484
479,"palada,",la,1,ɑ,1,0,off,0.2328939432194268,808.770847417187,1597.0933999493898,9,MH,ɑ,96.57232486614369
480,jätän,jä,0,æ,2,1,ictus,0.2059753464462197,466.2674081851304,2023.816938000724,9,MH,æ,451.4985293561019
481,jätän,tän,1,æ,2,0,ictus,0.1975864166433005,429.0706484733263,1880.480184933188,9,MH,æ,385.64407297974304
482,vihma,vih,0,i,2,1,off,0.2965757428416538,1032.4011912130509,1501.0452933619697,9,MH,i,327.14829818580097
483,vihma,ma,1,a,1,0,off,0.2566555840269053,663.3218072490218,1900.7143161265203,9,MH,a,240.8471100505374
484,"valada,",va,0,a,1,1,off,0.2774700751335395,536.3964870156962,2056.54829364374,9,MH,a,437.56808136814124
485,"valada,",la,1,ɑ,1,0,off,0.2623353437626186,640.4254436533607,2009.633574141084,9,MH,ɑ,350.66933583652406
486,ligi,li,0,i,1,1,ictus,0.360679842228027,979.4094087048026,1842.0972907367984,9,MH,i,274.765229450728
487,ligi,gi,1,ɪ,1,0,ictus,0.3056405556103811,759.0248311185202,1565.6092342746117,9,MH,ɪ,113.68340735405084
488,maada,maa,0,aː,2,1,off,0.289636843001297,706.6020596092718,1453.0312578468884,9,MH,a,232.03834663990258
489,maada,da,1,a,1,0,ictus,0.2844661355763342,739.4189446676862,1398.4602195063328,9,MH,a,281.447392260126
490,ligunema.,li,0,i,1,1,ictus,0.3060313812843844,784.6448240738827,1987.1261749105065,9,MH,i,308.9820877106071
491,ligunema.,gu,1,ʊ,1,0,off,0.3099859818956005,807.189989356172,2108.927744751584,9,MH,ʊ,432.43739433722334
492,"Perenaine,",pe,0,e,1,0,ictus,0.3774150602144175,447.42342072613417,1655.8277628101848,9,MH,e,311.535404921609
493,"Perenaine,",re,1,ɛ,1,0,off,0.2878589442313384,513.4916866796821,1679.2756000029913,9,MH,ɛ,244.58249410064235
494,"linnukene,",lin,0,i,2,1,off,0.2712072045488227,645.6936555483035,1881.3271064705173,9,MH,i,231.19021063270222
495,"linnukene,",nu,1,u,2,0,off,0.2472149071814016,594.086230606339,2005.6820443743616,9,MH,u,365.2734381751494
496,tule,tu,0,u,1,1,ictus,0.3447123340063172,921.2010286401636,1619.6449485156948,9,MH,u,173.68863443799756
497,tule,le,1,ɛ,1,0,ictus,0.2426931045700655,731.877480231431,1414.1602060784437,9,MH,ɛ,266.4195333798934
498,talu,ta,0,a,1,1,off,0.333481269016687,991.6653087791232,1715.0661159542494,9,MH,a,236.31513094477444
499,talu,lu,1,ʊ,1,0,off,0.2431482139447993,390.1828192741952,1217.8230419842344,9,MH,ʊ,590.164872274294
500,"tuastagi,",tuas,0,u,3,1,ictus,0.3177146663072463,705.6008132015769,1117.2602133292007,9,MH,u,564.4727068137928
501,"tuastagi,",ta,1,a,1,1,ictus,0.2759292948501226,690.417011375994,1088.552883796325,9,MH,a,594.597559532419
502,orjal,or,0,o,2,1,off,0.3150068050450656,934.021344682748,1209.053890119335,9,MH,o,502.07384892395686
504,oodakuta!,ood,0,oː,3,1,off,0.3617517965885071,747.8219195351899,1430.450514005141,9,MH,o,249.04926243910023
505,oodakuta!,a,1,a,2,1,off,0.235329773398881,661.1902654150983,1750.5427400003125,9,MH,a,120.26485746784506
506,mis,mis,0,i,3,1,ictus,0.1625982234707996,516.3135519329262,1134.9039035142496,92,LK,i,351.75335625266365
507,see,see,0,eeː,3,1,off,0.2002483612435299,335.9035826684925,2327.364302481218,92,LK,e,958.0877450697539
509,kul´li,li,1,i,1,0,ictus,0.2098455948817839,841.6836540015181,1835.0923111046848,92,LK,i,423.16949463595324
510,talu,ta,0,a,1,1,ictus,0.3648689539549643,496.5435111957484,1596.375205812324,92,LK,a,252.5517729705097
511,talu,lu,1,ʊ,1,0,ictus,0.2326004178176717,302.74326135403726,1695.979745385168,92,LK,ʊ,468.11389402068556
512,"anisida,",a,0,a,1,1,off,0.3704565308313441,1104.569045825274,2220.3407333840614,92,LK,a,883.0924655662785
513,"anisida,",ni,1,ɪ,1,0,off,0.2359334271602975,902.6644021604296,1834.505644078326,92,LK,ɪ,447.6236785738893
515,mõisa,sa,1,a,1,0,off,0.2000111814868894,680.1761481519691,1617.6166609266106,92,LK,a,179.51318746076416
516,paari,paa,0,aː,2,1,ictus,0.3056045845102186,645.1467754478587,1689.17150601851,92,LK,a,255.22607198580718
517,paari,ri,1,i,1,0,ictus,0.146967921930555,650.7354936923645,1842.6890710308924,92,LK,i,406.35509204468104
518,"partisida,",par,0,a,2,1,off,0.1302292263537854,566.2236153956399,1823.810280586544,92,LK,a,405.7572026014403
519,"partisida,",ti,1,i,1,0,off,0.1922142554285866,486.187533230404,1723.3899758654404,92,LK,i,352.394790246244
520,kõrtsi,kõrt,0,ɵ,2,1,off,0.139796754567774,874.6237431638124,1401.2672483602598,92,LK,ɵ,184.67822056370892
521,kõrtsi,si,1,i,1,0,off,0.1775486458553405,799.9659535925452,1385.040496011664,92,LK,i,118.95312788292942
522,kirju,kir,0,i,2,1,off,0.156404878278435,838.7453788381471,1394.5280024718772,92,LK,i,151.5391503271118
523,kirju,ju,1,u,1,0,ictus,0.1755307947535698,684.6056527250956,1121.3389735854423,92,LK,u,317.4114395835556
525,kul´li,li,1,i,1,0,ictus,0.189822386020559,782.3370288368595,1287.5095227445152,92,LK,i,175.15533139275772
526,piakene?,pia,0,i,3,1,off,0.3040579195076205,749.9823633670384,1183.652674460065,92,LK,i,261.09040531927565
527,piakene?,ke,1,a,1,0,off,0.1881120035685697,642.9141872217265,1238.9691801246906,92,LK,a,206.02253685824974
528,Nii,nii,0,iiː,3,1,ictus,0.2886728990320364,936.1632056665072,1483.6877925386248,92,LK,i,246.5554004235502
531,mõisa,sa,1,a,1,0,ictus,0.2290125966296798,468.2230100152198,1598.4202144059327,92,LK,a,276.41366904301685
532,mõõduvakk.,mõõ,0,ɵː,2,1,ictus,0.3640256352485167,478.4377209160669,1995.681039797548,92,LK,ɵ,597.2298172298433
533,mõõduvakk.,du,1,u,1,0,off,0.205293526855268,775.9705559709915,1661.7871337194968,92,LK,u,237.8288353132201
534,"Laula,",lau,0,a,2,1,ictus,0.1569722222222223,441.4564096857044,1674.7557247751868,55,LO,a,288.89183046233563
535,"Laula,",lau,0,u,2,1,ictus,0.0769999999999998,438.83333561341584,1640.9447986046523,55,LO,u,260.3332568371151
536,"Laula,","la,",1,a,2,0,ictus,0.1623195084471751,563.9189627863968,1033.169459740238,55,LO,a,382.7252240097979
537,"laula,",lau,0,a,2,1,ictus,0.1111448469372058,521.2549332034656,977.5497786489644,55,LO,a,440.9633818798192
538,"laula,",lau,0,u,2,1,ictus,0.0994526587317283,546.9320424487624,933.3679965969284,55,LO,u,483.01754899380023
539,"laula,","la,",1,a,2,0,off,0.1639464216762827,636.3351799429403,1581.678966087896,55,LO,a,178.74189815494418
540,"suukene,",suu,0,uː,2,1,ictus,0.3112791166791182,598.6461522739585,1067.2363447501411,55,LO,u,349.8215861048492
541,"suukene,",ke,1,e,1,0,off,0.306745577646788,544.6161435699757,1043.1377646717915,55,LO,e,373.552523788884
542,"liigu,",lii,0,iː,2,1,off,0.1988027210884357,566.6491617164017,1015.3237674921612,55,LO,i,400.53942632890346
543,"liigu,","gu,",1,u,2,0,off,0.1343104843868978,537.1008493107659,1028.6159462203,55,LO,u,388.5997209004538
544,linnu,lin,0,i,2,1,off,0.0789605064247922,610.1810963047247,1063.9007031743429,55,LO,i,354.2803014981788
545,linnu,nu,1,u,1,0,ictus,0.165421686834895,605.9167722999722,757.299077816632,55,LO,u,659.5522364939909
546,"keelekene,",kee,0,eː,2,1,ictus,0.26196254430611,641.860023046071,794.919270320579,55,LO,e,625.1202979736727
547,"keelekene,",le,1,e,2,0,ictus,0.1482806854562888,676.8483565433447,752.8818029920413,55,LO,e,671.5849251609164
548,"mõlgu,",mõl,0,ɵ,2,1,ictus,0.1235672378802412,391.561666156951,1154.5101955547293,55,LO,ɵ,316.2380133296654
550,"mõlgu,","gu,",1,u,2,0,ictus,0.0914404953452621,390.2251641713713,2311.3595524739294,55,LO,u,913.300698201138
551,marja,mar,0,a,2,1,off,0.1348285786943392,381.3375655781571,1394.4218994367452,55,LO,a,189.50396735797602
552,marja,ja,1,a,1,0,ictus,0.1637581056487089,416.7671339095835,1444.1833695382795,55,LO,a,155.46209473973937
553,"meelekene,",mee,0,eː,2,1,ictus,0.2736973466698842,376.8202913014642,983.4779437030292,55,LO,e,473.4146635546393
554,"meelekene,",le,1,e,2,0,ictus,0.1492894618199365,391.4286397795896,841.0017607685727,55,LO,e,601.8365351336523
555,"ilutse,",i,0,i,1,1,ictus,0.2719832913176283,542.956589972689,873.9889518790063,55,LO,i,542.5190860213385
556,"ilutse,",lut,1,ʊ,2,0,ictus,0.1217299539150378,527.0378771883549,889.615339215165,55,LO,ʊ,527.9572923499362
557,südämekene!,sü,0,y,1,1,off,0.0652479498736422,324.8665926845424,1103.8669462522294,55,LO,y,396.53735927414226
558,südämekene!,dä,1,æ,1,0,off,0.2341261189775796,639.8272893212601,677.662785732912,55,LO,æ,741.519889009534
559,Küll,küll,0,y,3,1,off,0.0654999999999983,808.2282261896589,2148.548214810107,55,LO,y,770.5677237932955
560,Küll,küll,0,i,3,1,off,0.0257636054421777,735.8850386342498,1914.9632168914984,55,LO,i,526.0741147826286
563,vait,vait,0,a,3,1,ictus,0.2246113275194741,616.5034276282887,1404.6202277575285,55,LO,a,48.204333914720735
564,valge,val,0,a,2,1,off,0.1197641051833997,620.2688529556209,767.119018830433,55,LO,a,650.7068162654617
566,valge,ge,1,e,1,0,off,0.1529837412631778,738.5167785382322,1752.945388164895,55,LO,e,377.03579444225954
567,lauade,lau,0,a,2,1,off,0.1426470019886387,802.0985590552181,2055.030646975157,55,LO,a,680.141682637898
568,lauade,lau,0,u,2,1,off,0.1013000448904826,684.4987642931454,1707.2678611107842,55,LO,u,313.23936658775403
569,lauade,a,1,a,1,0,ictus,0.183305283570565,396.3979563552153,814.443268572537,55,LO,a,625.8598434180741
570,"vahele,",va,0,a,1,1,off,0.2067347854907808,446.19289932644807,1175.178447600496,55,LO,a,270.4801830322323
571,"vahele,",he,1,ɛ,1,0,ictus,0.2956307432518166,755.8299108584403,1873.749477943468,55,LO,ɛ,494.30952945832496
572,vaesed,vae,0,a,2,1,off,0.089154612301098,425.0176313786745,1333.8951581946642,69,LO,a,166.21822526425765
573,vaesed,vae,0,e,2,1,ictus,0.1538453876989021,489.7527367534906,810.7939275280416,69,LO,e,610.3074259825526
574,vaesed,sed,1,e,2,0,ictus,0.1090868415232083,886.5703819153457,1662.625092266596,69,LO,e,401.68482072460995
575,öösed,öö,0,øː,2,1,off,0.2435467884019853,474.7984199030353,1938.2431247751688,69,LO,ø,530.9280562496052
576,öösed,sed,1,e,2,0,off,0.1132522675736962,640.6929502508139,2295.0488339402627,69,LO,e,882.064263551709
577,"orjad,",or,0,o,2,1,off,0.1171667862928693,508.5764609655136,1940.3258571926856,69,LO,o,528.0148886949489
578,"orjad,","jad,",1,a,2,0,ictus,0.1175618105547224,443.5335727780283,1999.343246570796,69,LO,a,596.9599288377137
579,kinnikiilutud,kin,0,i,2,1,off,0.1324256053835402,355.76303791264706,1911.976960562729,69,LO,i,540.2565789543103
580,kinnikiilutud,ni,1,i,1,0,off,0.1806722582448996,436.9322197857836,1979.1654749896568,69,LO,i,578.7309704077529
581,"sulased,",su,0,u,1,0,ictus,0.1338055871181094,762.4455535699899,1415.383882092118,69,LO,u,192.8202171267756
582,"sulased,",la,1,ɑ,1,0,ictus,0.152364583333334,534.6353923460498,1701.7177622581032,69,LO,ɑ,287.99912212957463
583,olid,o,0,o,1,1,ictus,0.0795482672962322,372.6201599721953,1035.5220318250888,77,LO,o,428.3249338149934
585,olid,lid,1,ɪ,2,0,ictus,0.0823328680771897,402.3440256411791,814.2980548354358,77,LO,ɪ,624.3801208540564
586,olid,o,0,o,1,1,ictus,0.0901101952995642,635.9746408612453,1298.9903786973896,77,LO,o,134.38312473480934
588,olid,lid,1,ɪ,2,0,ictus,0.0770775786254525,704.8936782480863,1504.3177331067257,77,LO,ɪ,161.62776060872255
589,oli,o,0,o,1,1,ictus,0.0916158026641653,537.2117864911445,1305.51769422669,77,LO,o,114.99723175495214
591,oli,li,1,ɪ,1,0,ictus,0.0811654110839192,537.8519940166161,1023.1694643901642,77,LO,ɪ,393.966063415509
592,neede,nee,0,eː,2,1,off,0.1023758292446856,673.2602493273594,1779.1850463352478,77,LO,e,377.8238792352066
593,neede,de,1,e,1,0,off,0.1383412361871272,800.8586037048501,1923.6355514967468,77,LO,e,557.9539064530674
594,tõusis,tõu,0,ɵ,2,1,off,0.0717733073357074,713.2328452937455,1448.6082870039138,77,LO,ɵ,147.29534605397683
595,tõusis,tõu,0,u,2,1,off,0.0491558248299313,690.1180890882376,1396.1464667899234,77,LO,u,122.09291413030732
596,tõusis,sis,1,i,2,0,off,0.0805649181139074,682.3339323163548,1247.4681992736255,77,LO,i,202.62341506975946
597,oli,o,0,o,1,1,ictus,0.0868795882936481,514.0373009178351,1270.043017065526,77,LO,o,156.04611818104456
598,oli,li,1,ɪ,1,0,ictus,0.0762373196502963,524.2244125375549,1262.2676438881083,77,LO,ɪ,160.15458347858515
599,akkas,ak,0,a,3,1,off,0.0866593510890609,391.2034996011772,1425.760071518836,77,LO,a,178.6972915499817
600,akkas,kas,1,a,2,0,off,0.0452480048749208,762.0224156887772,1547.209634566581,77,LO,a,232.96182244679267
601,korjama.,kor,0,o,2,1,off,0.1796518427681377,397.0340617515899,1652.3039081510378,77,LO,o,292.7411598029451
602,korjama.,ja,1,a,1,0,ictus,0.1491347169764907,648.1654387244226,877.4835863440717,77,LO,a,544.0672289979315
603,neede,nee,0,eː,2,1,off,0.0755578323814489,609.9813550431743,1006.971493587414,77,LO,e,410.8673010722772
604,neede,de,1,e,1,0,off,0.0888915675075878,580.4080704940957,979.5242938932184,77,LO,e,436.46103799951015
605,pani,pa,0,a,1,1,ictus,0.1138421312305695,660.363936741826,1572.385980538832,77,LO,a,180.93157833270996
606,pani,ni,1,ɪ,1,0,ictus,0.0534855785552537,837.7062316221175,1943.857180297583,77,LO,ɪ,592.1624711142215
607,"taevudes,",tae,0,a,2,1,ictus,0.1929100132209669,1061.3962678919636,1371.303952673759,77,LO,a,493.7839913663247
608,"taevudes,",tae,0,e,2,1,ictus,0.1393611744207703,1053.9745145495292,1800.9788531645374,77,LO,e,618.8022031873439
609,"taevudes,",vu,1,u,1,0,off,0.1374779240465926,560.6336702076089,1325.6605119854898,77,LO,u,90.63878125700049
