,Unnamed: 0,word,syll,index,segment,quantity,stressed,ictus,duration,midpoint,f1,f2,fileid,performer
0,0,"Laula,",lau,0,au,2,1,ictus,0.2880196135338418,0.522161059138217,523.0544759312742,959.09034415714,55,LO
1,1,"Laula,","la,",1,a,2,0,ictus,0.1500317857723632,0.5692669169510391,577.3990275363575,1042.8985405908786,55,LO
2,2,"laula,",lau,0,au,2,1,x,0.2283398737925954,0.7620192470750183,628.0701564336558,1613.3236065616006,55,LO
3,3,"laula,","la,",1,a,2,0,x,0.1210893270112247,0.8139146729369717,367.31197205471807,1389.969470080918,55,LO
4,4,"suukene,",suu,0,uː,2,1,ictus,0.3598082859762108,1.1962890675347286,525.1250224819714,1081.622276943831,55,LO
5,5,"suukene,",ke,1,e,1,0,x,0.2924511441994939,1.411230440004433,528.4032562866854,1055.3449180265284,55,LO
6,6,"liigu,",lii,0,iː,2,1,x,0.2133514841649413,2.268925744481604,566.9149147853349,990.222476350837,55,LO
7,7,"liigu,","gu,",1,u,2,0,x,0.1248924473445942,2.346018132532413,564.3752009058778,1046.5223131002244,55,LO
8,8,linnu,lin,0,i,2,1,x,0.1340733370435423,2.453130851028384,623.344941434749,1041.700936194152,55,LO
9,9,linnu,nu,1,u,1,0,ictus,0.1470985480161708,2.6089733123300025,442.6865868954905,765.0946831018537,55,LO
10,10,"keelekene,",kee,0,eː,2,1,ictus,0.2554255830599166,2.84140687423737,625.7838181943368,810.9314940297938,55,LO
11,11,"keelekene,",le,1,e,2,0,ictus,0.1482806854562888,2.896573594770168,676.8483565433447,752.8818029920413,55,LO
12,12,"mõlgu,",mõl,0,ɵ,2,1,ictus,0.1110618446149844,4.10799429483818,394.74481167963967,885.3608959845304,55,LO
13,13,"mõlgu,",mõl,0,l,2,1,ictus,0.103936223647155,4.156399596177843,392.9432001891568,1954.5047464928089,55,LO
14,14,"mõlgu,","gu,",1,u,2,0,ictus,0.0914404953452621,4.269836991478574,390.2251641713713,2311.3595524739294,55,LO
15,15,marja,mar,0,a,2,1,x,0.0779416149167939,4.358324454044882,382.5254742680379,1271.5288546314723,55,LO
16,16,marja,ja,1,a,1,0,ictus,0.1637581056487089,4.575896994537597,416.7671339095835,1444.1833695382795,55,LO
17,17,"meelekene,",mee,0,eː,2,1,ictus,0.2736973466698842,4.813183804518072,376.8202913014642,983.4779437030292,55,LO
18,18,"meelekene,",le,1,e,2,0,ictus,0.1492894618199365,4.860684996915324,391.4286397795896,841.0017607685727,55,LO
19,19,"ilutse,",i,0,i,1,1,ictus,0.2415479826595046,5.897172930792229,542.5439049082045,791.352831705884,55,LO
20,20,"ilutse,",lut,1,ʊ,2,0,ictus,0.0883097828648882,5.895943373633894,534.4973376114367,803.5224934990721,55,LO
21,21,südämekene!,sü,0,y,1,1,x,0.0978518894233069,6.19858733461446,332.2079282883241,1252.131392719942,55,LO
22,22,südämekene!,dä,1,æ,1,0,x,0.2070212942570304,6.408371983859818,636.3385037479135,646.1409837004064,55,LO
23,23,vait,vait,0,a,3,1,ictus,0.2246113275194741,8.03280194965362,616.5034276282887,1404.6202277575285,55,LO
24,24,musta,mus,0,u,2,1,ictus,0.1480387926508903,9.640645560212231,627.3179401488512,1706.0237591281418,55,LO
25,25,musta,ta,1,a,1,0,ictus,0.1656807213087638,9.82281764961423,561.9482935014646,893.7675236319891,55,LO
26,26,valge,val,0,al,2,1,x,0.2316461936817013,10.897979508641136,656.1423870056915,731.6955938788178,55,LO
27,27,valge,ge,1,e,1,0,x,0.1188912583465686,10.973149465531224,442.010903188792,1934.622547276745,55,LO
28,28,lauade,lau,0,au,2,1,x,0.2439470468791214,11.21100011411618,667.6530646202712,1493.3806871760696,55,LO
29,29,"vahele,",va,0,a,1,1,x,0.1994118637139728,11.642321535038304,457.802060050744,1260.563348654479,55,LO
30,30,"vahele,",he,1,ɛ,1,0,ictus,0.2819326470740115,11.87067822562356,718.8988593139046,1599.362952256791,55,LO
31,31,kena,ke,0,e,1,1,x,0.256958526103876,12.60855492908871,756.267399943949,949.1648542485608,55,LO
32,32,kena,na,1,ɑ,1,0,x,0.1296298236165824,12.653426791109831,390.5235626158171,1500.7296539902684,55,LO
33,33,kirstu,kirs,0,i,2,1,x,0.1135219757115599,12.761687142516228,699.5550611707816,1367.5909034083195,55,LO
34,34,kirstu,tu,1,u,1,0,x,0.1004822893122607,12.917396338931413,593.7106174356426,1553.4356067657843,55,LO
35,35,keske'elle!,kes,0,e,2,1,x,0.1733511250730615,13.094707073709795,526.9398676299785,1594.3886131695867,55,LO
36,36,keske'elle!,ke,1,e,1,0,x,0.1728523283237457,13.296323416149646,324.6714320672377,1249.3004664579566,55,LO
37,0,olid,o,0,o,1,1,ictus,0.0795482672962322,4.349508650371472,372.6201599721953,1035.5220318250888,77,LO
38,1,olid,o,0,ʎ,1,1,ictus,0.0453564536577708,4.355090970381126,383.965816890812,1036.3945283414378,77,LO
39,2,olid,lid,1,ɪ,2,0,ictus,0.0823328680771897,4.414745611629431,402.3440256411791,814.2980548354358,77,LO
40,3,olid,o,0,o,1,1,ictus,0.0901101952995642,6.985994688069283,635.9746408612453,1298.9903786973896,77,LO
41,4,olid,o,0,ʎ,1,1,ictus,0.0430238041444024,6.983963394563904,638.8579885918073,1288.6240083386087,77,LO
42,5,olid,lid,1,ɪ,2,0,ictus,0.0770775786254525,7.039529071117155,704.8936782480863,1504.3177331067257,77,LO
43,6,oli,o,0,o,1,1,ictus,0.0916158026641653,9.474518821116664,537.2117864911445,1305.51769422669,77,LO
44,7,oli,o,0,ʎ,1,1,ictus,0.068999999999999,9.49771091978458,555.6074038283297,1208.8888229108136,77,LO
45,8,oli,li,1,ɪ,1,0,ictus,0.0811654110839192,9.5443763308685,537.8519940166161,1023.1694643901642,77,LO
46,9,neede,nee,0,eː,2,1,off,0.1023758292446856,10.966843918995156,673.2602493273594,1779.1850463352478,77,LO
47,10,neede,de,1,e,1,0,off,0.1383412361871272,11.079046645587896,800.8586037048501,1923.6355514967468,77,LO
48,11,tõusis,tõu,0,ɵ,2,1,off,0.0717733073357074,14.575396857749489,713.2328452937455,1448.6082870039138,77,LO
49,12,tõusis,tõu,0,u,2,1,off,0.0491558248299313,14.588666028911565,690.1180890882376,1396.1464667899234,77,LO
50,13,tõusis,sis,1,i,2,0,off,0.0805649181139074,14.669153034610506,682.3339323163548,1247.4681992736255,77,LO
51,14,oli,o,0,o,1,1,ictus,0.0868795882936481,19.669570994543648,514.0373009178351,1270.043017065526,77,LO
52,15,oli,li,1,ɪ,1,0,ictus,0.0762373196502963,19.71556475238909,524.2244125375549,1262.2676438881083,77,LO
53,16,akkas,ak,0,a,3,1,off,0.0866593510890609,23.698745680372998,391.2034996011772,1425.760071518836,77,LO
54,17,akkas,kas,1,a,2,0,off,0.0452480048749208,23.730556329534963,762.0224156887772,1547.209634566581,77,LO
55,18,korjama.,kor,0,o,2,1,off,0.1796518427681377,25.492602830107515,397.0340617515899,1652.3039081510378,77,LO
56,19,korjama.,ja,1,a,1,0,ictus,0.1491347169764907,25.658633437002983,648.1654387244226,877.4835863440717,77,LO
57,20,neede,nee,0,eː,2,1,off,0.0755578323814489,34.83479507472676,609.9813550431743,1006.971493587414,77,LO
58,21,neede,de,1,e,1,0,off,0.0888915675075878,34.91368634088975,580.4080704940957,979.5242938932184,77,LO
59,22,pani,pa,0,a,1,1,ictus,0.1138421312305695,37.2443935768088,660.363936741826,1572.385980538832,77,LO
60,23,pani,ni,1,ɪ,1,0,ictus,0.0534855785552537,37.26003702413348,837.7062316221175,1943.857180297583,77,LO
61,24,"taevudes,",tae,0,a,2,1,ictus,0.1929100132209669,39.048550283912576,1061.3962678919636,1371.303952673759,77,LO
62,25,"taevudes,",tae,0,e,2,1,ictus,0.1393611744207703,39.09145645172286,1053.9745145495292,1800.9788531645374,77,LO
63,26,"taevudes,",vu,1,u,1,0,off,0.1374779240465926,39.18875378855907,560.6336702076089,1325.6605119854898,77,LO
64,0,Laske,las,0,a,2,1,ictus,0.1945432826169622,0.233161499947067,905.4269299905744,1484.5378695644763,18,MH
65,1,Laske,ke,1,e,1,0,x,0.1901218443756676,0.4336607945364821,865.4733619697087,2212.2621795674354,18,MH
66,2,sissi,sis,0,i,2,1,x,0.1687515595427438,0.573608357244337,651.2664852986346,2079.3329098745094,18,MH
67,3,sissi,si,1,i,1,0,ictus,0.1893241770180587,0.7878011807284707,530.6652492478161,2308.9759360879343,18,MH
68,4,"kadrisandi,",kad,0,a,2,1,ictus,0.2619810954886461,1.0122609913384273,843.3314242815272,1887.7943968455504,18,MH
69,5,"kadrisandi,",ri,1,i,1,0,x,0.1670082467464977,1.1322745669673528,819.5861150916533,2412.3501051336857,18,MH
70,6,Laske,las,0,a,2,1,refrain,0.1665572562358281,3.0092942176870747,952.8006662097812,1587.202678110281,18,MH
71,7,Laske,ke,1,e,1,0,refrain,0.1627626842129625,3.189770797888794,944.2103635557175,1540.6922018325736,18,MH
72,8,sissi,sis,0,i,2,1,refrain,0.1646244063507342,3.326764570749828,897.1515053406237,1613.303570461938,18,MH
73,9,sissi,si,1,i,1,0,refrain,0.1772559147827985,3.5300239136490124,819.7879571685054,1552.620660806385,18,MH
74,10,"kadrisandi,",kad,0,a,2,1,refrain,0.2247564439324749,3.7215649766730583,468.142665445578,2091.0095095221163,18,MH
75,11,"kadrisandi,",ri,1,i,1,0,refrain,0.1644624704972033,3.848107149424514,456.45894755291727,1717.1028754680926,18,MH
76,12,kadril,kad,0,a,2,1,ictus,0.2155274119570354,5.61983782729371,722.1506044835625,1761.1859378230156,18,MH
77,13,kadril,kad,0,i,2,1,ictus,0.1420407943894588,5.740177710403416,912.1169836823012,1550.6294829207166,18,MH
78,14,küüdse,küüd,0,yy,2,1,x,0.2462718180679477,5.979674314222995,815.1732589962991,2141.124262113638,18,MH
79,15,küüdse,se,1,e,1,0,x,0.1821145190119359,6.107047081860446,655.5833321136093,2245.8617728156964,18,MH
80,16,"külmeteve,",kül,0,y,2,1,ictus,0.17557820417586,6.234626561108656,518.5753769335745,2061.9266190216404,18,MH
81,17,"külmeteve,",me,1,e,2,0,ictus,0.1262584839017417,6.373181130017612,526.051837492467,1638.603545236616,18,MH
82,18,kadril,kad,0,a,2,1,refrain,0.2138447200959774,8.249899648880188,437.8392953122133,1719.5601861334733,18,MH
83,19,kadril,ril,1,i,2,0,refrain,0.0985593174767558,8.327454352532767,868.5205889307023,1712.6259309734653,18,MH
84,20,varba,var,0,a,2,1,refrain,0.1339010344051452,8.484086630184178,913.2583979872172,1543.0941215980129,18,MH
85,21,varba,ba,1,a,1,0,refrain,0.1835993299115834,8.72618022254912,871.2514065460431,1409.4774609262738,18,MH
86,22,valutave!,va,0,a,1,1,refrain,0.2381143547194604,8.914191435778319,607.249988802821,1424.9806480998975,18,MH
87,23,valutave!,lu,1,ʊ,2,0,refrain,0.1242927897269225,8.958885076630247,536.0308156727865,1921.1266595572008,18,MH
88,24,tullu,tul,0,u,2,1,ictus,0.1676870489320023,11.047561288342449,860.1132411976406,1620.4063689714071,18,MH
89,25,tullu,lu,1,u,1,0,x,0.1169407093001666,11.190148252185155,554.7009409793072,1981.473175174884,18,MH
90,26,ümmert,üm,0,y,2,1,x,0.1989451529930619,13.360897793319142,651.5449812146256,2102.7307742340577,18,MH
91,27,ümmert,mert,1,e,2,0,refrain,0.1573994829869427,13.49197500382028,923.6995582067068,1595.244060416008,18,MH
92,28,"ilma,",il,0,i,2,1,refrain,0.2122526002306841,13.694749577277214,937.2301907286084,1632.06301551564,18,MH
93,29,"ilma,","ma,",1,a,2,0,refrain,0.2259643189902824,13.91558356255637,928.077565002458,1615.7106641812672,18,MH
94,30,ümmert,üm,0,y,2,1,refrain,0.2089466623782918,14.01154806543952,765.2996379314253,1541.4779000388155,18,MH
95,31,ümmert,mert,1,e,2,0,refrain,0.1144217510359517,14.099098480510044,898.5578718952565,2239.425970883808,18,MH
96,32,"otsa,",ot,0,o,2,1,refrain,0.1646138938934669,14.278038234132731,477.6230088858817,1441.2849331924208,18,MH
97,33,"otsa,","sa,",1,a,2,0,refrain,0.2049937658531533,14.51575570552648,549.1185851538304,1271.9705619581637,18,MH
98,34,läbi,lä,0,æ,1,1,refrain,0.1615384732666207,15.874774444966643,958.359083185586,2255.550892779825,18,MH
99,35,läbi,bi,1,ɪ,1,0,ictus,0.2073178293412461,16.067299468808947,833.8515537411046,1554.969160835432,18,MH
100,36,"sipa-sopa,",si,0,i,2,1,x,0.1633156085490128,16.498883316882345,568.6668994204416,2007.1628704933487,18,MH
101,37,"sipa-sopa,",si,0,o,2,1,ictus,0.1760904469155377,16.84068940524887,877.1120826846709,1501.24526993587,18,MH
102,38,"sipa-sopa,",pa,1,a,1,0,ictus,0.1947704733294131,16.70895294499804,704.1629905534736,980.2874825557684,18,MH
103,39,"sipa-sopa,",pa,1,a,1,0,x,0.1764711583356302,17.046585741668963,640.9126927176915,1580.3118944215971,18,MH
104,40,läbi,lä,0,æ,1,1,x,0.19915483482756,18.49181889728401,656.1997586045072,1274.383296949575,18,MH
105,41,läbi,bi,1,ɪ,1,0,refrain,0.2370781515607092,18.6922106319028,1045.3232609474835,1446.3429584247408,18,MH
106,42,laane,laa,0,aː,2,1,refrain,0.267246562330115,18.883557326219,1201.840870311978,1495.5213360926514,18,MH
107,43,laane,ne,1,e,1,0,refrain,0.19915483482756,18.98577529682342,817.6241946578366,1625.6710546395996,18,MH
108,44,lipa-lapa.,li,0,i,2,1,refrain,0.1257820009437296,19.040751525480687,879.2604093705684,1627.4070231163362,18,MH
109,45,lipa-lapa.,li,0,a,2,1,refrain,0.1418114715012279,19.36977240900123,587.224004295156,2070.713896534308,18,MH
110,46,lipa-lapa.,pa,1,a,1,0,refrain,0.1939139181215736,19.287074610662145,613.1799291067575,1955.2240678327407,18,MH
111,47,lipa-lapa.,pa,1,a,1,0,refrain,0.2031111895353916,19.60289502236708,641.2629677852742,2097.502444601166,18,MH
112,48,uppus,up,0,u,3,1,ambiguous,0.1163945398469152,21.162511410196167,1110.467323065158,1509.3914238977372,18,MH
113,49,uppus,pus,1,u,2,0,ambiguous,0.1392608069850496,21.35717352290265,503.8813610713962,2061.721170276297,18,MH
114,50,ojasse,o,0,o,1,1,ambiguous,0.1953060922855058,21.549706791835856,721.5787425036792,1256.1864353747062,18,MH
115,51,ojasse,jas,1,ɑ,2,0,ambiguous,0.127053457007058,21.637893380476445,368.5728037828338,1315.5917232115412,18,MH
116,52,vahele,va,0,a,1,1,refrain,0.239837077963898,24.079278559688643,925.3319646802788,1576.874986728403,18,MH
117,53,vahele,he,1,ɛ,1,0,refrain,0.2362798951458771,24.239374912422456,816.4898780427789,1178.1060241221105,18,MH
118,54,lumi,lu,0,u,1,1,refrain,0.2048990575630398,25.962970905498118,620.8796166738393,1706.73263926881,18,MH
119,55,lumi,mi,1,ɪ,1,0,refrain,0.2099987304611374,26.12375429310285,1036.4920381535796,2120.144370831563,18,MH
120,56,rikkus,rik,0,i,3,1,refrain,0.1602189348886327,26.20899692083783,847.2018969661289,2111.880098184916,18,MH
121,57,rikkus,kus,1,u,2,0,ictus,0.0901690659373315,26.314752161002534,537.731670053571,1530.2047180305162,18,MH
122,58,"loogakirja,",loo,0,oː,2,1,x,0.2508127089750189,26.6207489184753,348.0392706106664,1768.4098903849522,18,MH
123,59,"loogakirja,",ga,1,a,1,0,x,0.1759632145711123,26.71338326359417,909.9338352167852,2141.5425450982443,18,MH
124,60,sadu,sa,0,a,1,1,x,0.2633673062637953,28.526420281450036,887.7520467786628,1926.720280795628,18,MH
125,61,sadu,du,1,ʊ,1,0,x,0.2251558349119236,28.657868647841127,928.7014661613772,1443.1461569343458,18,MH
126,62,rikkus,rik,0,i,3,1,x,0.1667006545265223,28.726807895072906,1064.7214065581472,1370.6445055630336,18,MH
127,63,rikkus,kus,1,u,2,0,off,0.1355427414509691,28.866789411348535,941.7221293110651,1458.1262071152769,18,MH
128,64,"saaniteki,",saa,0,aː,2,1,off,0.2668321233211017,29.14241461588871,978.6879590678484,1310.276927046763,18,MH
129,65,"saaniteki,",ni,1,i,1,0,off,0.1644798221009367,29.21342734975113,1197.6444066883348,1359.5927358786782,18,MH
130,66,ärmätus,är,0,æ,2,1,off,0.1702111557018994,30.925754343003025,518.0007722349708,1459.4726764447378,18,MH
131,67,ärmätus,mä,1,æ,2,0,off,0.1112601993396111,31.04435437962756,731.5076097402414,1946.2677430875076,18,MH
132,68,tõsta,tõs,0,ɵ,2,1,x,0.1638340347089837,33.753572968863885,899.3274742436981,1353.0347023233792,18,MH
133,69,tõsta,ta,1,a,1,0,refrain,0.1884013314471389,33.96805676614527,800.9285839761154,1444.668625267293,18,MH
134,70,"Anna,",an,0,a,2,1,refrain,0.1825261086643479,36.0181745126655,489.24280418301214,1672.0321409649366,18,MH
135,71,"Anna,","na,",1,a,2,0,refrain,0.1588723955208308,36.17205393340687,469.5718408185654,2075.336639279707,18,MH
136,72,sina,si,0,i,1,1,refrain,0.2512100663549574,36.41071091993361,1020.325969365968,2236.15634504576,18,MH
137,73,anna,an,0,a,2,1,ictus,0.2047887636813783,36.65785765713968,961.820187599944,1499.9889033942247,18,MH
138,74,anna,na,1,a,1,0,x,0.1803816250386347,36.82200139925401,890.8812042070188,1575.127424823566,18,MH
139,75,penki!,pen,0,e,2,1,x,0.1469727664168658,36.92312140515851,369.2855413806682,1983.103617513845,18,MH
140,76,penki!,ki!,1,i,2,0,ictus,0.1801284575092268,37.14615801930622,402.94531196250097,1714.3329938375766,18,MH
141,77,"Perenaine,",pe,0,e,1,0,x,0.2859933815868487,38.6363210146887,915.9459468957234,1543.4929650546385,18,MH
142,78,"Perenaine,",re,1,ɛ,1,0,x,0.2022806358841222,38.74927768330486,861.787159949199,1409.3926677986667,18,MH
143,79,"linnukene,",lin,0,i,2,1,refrain,0.1774004800863622,39.18192114024541,1153.151968024062,1634.0473966728184,18,MH
144,80,"linnukene,",nu,1,u,2,0,refrain,0.1006122293592,39.29839093654255,971.837823852997,1306.5277183215132,18,MH
145,81,tagant,ta,0,a,1,0,refrain,0.2130611915841882,41.15338196830754,865.0697907200285,2375.555338480966,18,MH
146,82,tagant,gant,1,ɑ,3,1,refrain,0.1273958004828301,41.21954585456266,900.6586504422793,2182.77824057953,18,MH
147,83,laudjas,laud,0,au,2,1,ictus?,0.229878220071356,41.47465122019598,828.4873407979328,1278.9936539443677,18,MH
148,84,laudjas,jas,1,a,2,0,ictus?,0.0611564531399011,41.50024915114455,681.8139819279412,1010.8070375173198,18,MH
149,85,"tasane,",ta,0,a,1,1,x?,0.2239115300444893,41.77168030281187,835.8313224545001,2189.8584315632797,18,MH
150,86,"tasane,",sa,1,ɑ,1,0,x?,0.2101312966260167,41.93229778058094,859.6317186934277,2177.2644443563263,18,MH
151,87,puhu,pu,0,u,1,1,x,0.2140475859896611,43.64621582831527,655.3656094526733,1542.9199332803707,18,MH
152,88,puhu,hu,1,ʊ,1,0,x,0.1943836376766086,43.79568655064415,695.130783653325,2072.1535889737893,18,MH
153,89,tuli,tu,0,u,1,1,refrain,0.268786042771751,44.02257334538864,928.1731111168818,1511.806685501268,18,MH
154,90,tuli,li,1,ɪ,1,0,refrain,0.1887291620748215,44.11151464930583,947.403966642454,1614.8337623402444,18,MH
155,91,"tubadesse,",tu,0,u,1,1,refrain,0.2209523468280423,44.28303841709119,934.2616213804898,1633.9775020735572,18,MH
156,92,"tubadesse,",ba,1,ɑ,1,0,refrain,0.1864285426361647,44.41219909829834,768.204499159223,1621.046561934407,18,MH
157,93,lõõtsu,lõõt,0,ɵɵ,2,1,refrain,0.219680900342297,46.21843968990382,1019.4536779385476,2150.191378047648,18,MH
158,94,lõõtsu,su,1,u,1,0,refrain,0.1629521323713021,46.34255969556768,691.3004127976193,2055.475179180756,18,MH
159,95,lõke,lõ,0,ɵ,2,1,ictus,0.1371088223620518,46.4444544610684,852.4903886064075,1622.6448507890532,18,MH
160,96,lõke,ke,1,e,1,0,x,0.1670923165453217,46.65670368083335,1084.7149704116264,1899.4421201161945,18,MH
161,97,"põrmandulle,",põr,0,ɵ,2,1,x,0.1537573473507052,46.77402142109224,824.1353332751538,2046.3163867358176,18,MH
162,98,"põrmandulle,",man,1,a,2,0,ictus,0.1451906317460611,46.92762125811937,736.1691062563416,2421.81941488468,18,MH
163,99,võta,võ,0,ɵ,2,1,x,0.1386841922413992,48.61532632595724,762.0303905880163,1806.7974322314776,18,MH
164,100,võta,ta,1,a,1,0,x,0.1701593481978989,48.82273577062053,747.1918928683207,1955.4819580594756,18,MH
165,101,pirdu,pir,0,i,2,1,off,0.1395619837468587,48.92518476190045,787.7330170265649,1641.1171454266494,18,MH
166,102,pirdu,du,1,u,1,0,off,0.1813665356826703,49.1510580552563,1153.8027189904517,1258.871233199539,18,MH
167,103,"pistussesta,",pis,0,i,2,1,off,0.1524719633695781,49.24888131898638,1135.5824945442232,1430.360614615125,18,MH
168,104,"pistussesta,",tus,1,u,2,0,off,0.1371525457951747,49.40731686608682,847.4641169383805,1611.3033223350967,18,MH
169,105,võta,võ,0,ɵ,2,1,off,0.1371088223620375,51.1621220014125,944.3250132138376,2122.829719468706,18,MH
170,106,võta,ta,1,a,1,0,off,0.2045753039536464,51.398755123544326,658.9550654291734,1631.1450761914132,18,MH
171,107,halgu,hal,0,a,2,1,ictus,0.1251743057228367,51.47643555868133,404.2558201532822,1477.8059348492502,18,MH
172,108,halgu,gu,1,u,1,0,ictus,0.1634105721839915,51.69452601827143,581.0590292881811,1053.0581893468702,18,MH
173,109,ahju,ah,0,a,2,1,x,0.1808807750767869,51.81310156988896,382.1584288581932,1778.8554349143003,18,MH
174,110,ahju,ju,1,u,1,0,x,0.1299197770044458,51.95547387529117,337.1612230535956,2329.528248694882,18,MH
175,111,päälta!,pääl,0,ææ,3,1,ictus,0.1787415813424075,52.109599500733445,625.4734422196789,1996.9414449707936,18,MH
176,112,päälta!,ta!,1,a,2,0,ictus,0.160782288093614,52.272999665421615,606.0036987615717,1682.252549664525,18,MH
177,113,pirdu,pir,0,i,2,1,x,0.1213265118743294,53.873947856075446,958.9165794277902,1617.8663622974914,18,MH
178,114,pirdu,du,1,u,1,0,refrain,0.1431046946490823,54.071304243026056,960.7037566702044,1315.3261575849426,18,MH
179,115,"pistussenna,",pis,0,i,2,1,refrain,0.1689909605342023,54.20881191309023,983.5022519884226,1526.087371933663,18,MH
180,116,"pistussenna,",tus,1,u,2,0,refrain,0.1374079209819569,54.36156136849151,901.8141950195755,1589.0664158763925,18,MH
181,117,võta,võ,0,ɵ,2,1,refrain,0.1272608056709998,56.04933889840315,516.1907519266805,2301.436820148135,18,MH
182,118,võta,ta,1,a,1,0,refrain,0.1806110822154778,56.25903268821658,906.7939886974629,2167.767161218807,18,MH
183,119,lõmmu,lõm,0,ɵ,2,1,refrain,0.2031972475293741,56.41887722520247,712.2587306873022,2058.459129858541,18,MH
184,120,lõmmu,mu,1,u,1,0,ictus,0.1529681152710935,56.55409024117488,844.3668628636574,1647.972893339065,18,MH
185,121,lõhna,lõh,0,ɵ,2,1,ictus,0.1790430212331841,56.706229532455865,1158.6779332244355,1400.742502545355,18,MH
186,122,lõhna,na,1,a,1,0,x,0.1878368259557845,56.87501612097583,716.9960416636352,1561.7618027607436,18,MH
187,123,"päälta,",pääl,0,ææ,3,1,x,0.178444984657986,56.99196322593217,582.7381140940574,1144.2898538992704,18,MH
188,124,"päälta,","ta,",1,a,2,0,ictus,0.1736021264424749,57.17257355789405,548.5838710811528,1557.263013196629,18,MH
189,125,lõmmu,lõm,0,ɵ,2,1,x,0.1670658949328896,58.81019103987007,483.4766520255868,1985.4414600670084,18,MH
190,126,lõmmu,mu,1,u,1,0,refrain,0.1775470706061668,58.99586592168661,716.2601548040633,1764.160462151645,18,MH
191,127,lõhna,lõh,0,ɵ,2,1,refrain,0.1797118347390238,59.12891834399563,1165.5432366608943,1534.9752727929758,18,MH
192,128,lõhna,na,1,a,1,0,refrain,0.160664489347468,59.27766431219328,1159.873937464622,1409.7714503529278,18,MH
193,129,"päälta,",pääl,0,ææ,3,1,refrain,0.1682877902229194,59.41823062132958,925.4367229021004,1504.61462908289,18,MH
194,130,"päälta,","ta,",1,a,2,0,refrain,0.1509183440388,59.56996012556306,824.7540031403073,1409.2977306929652,18,MH
195,131,võta,võ,0,ɵ,2,1,refrain,0.1380952167675389,60.8498352048058,360.7189346462943,1090.5428800042316,18,MH
196,132,võta,ta,1,a,1,0,refrain,0.2012244587184,61.089529045338,399.6879630015844,1281.1536272868443,18,MH
197,133,roogu,roo,0,oo,2,1,refrain,0.2335754979025921,61.26933206441809,1032.1919229493433,2260.755516884108,18,MH
198,134,roogu,gu,1,u,1,0,refrain,0.1686734433374823,61.37990822593048,965.8942598948722,1857.4356281030157,18,MH
199,135,räästa,rääs,0,ææ,2,1,refrain,0.1455735401157341,61.47679984141339,1004.318572040944,1791.5122665699628,18,MH
200,136,räästa,ta,1,a,1,0,ictus,0.1755782041758635,61.68811192837084,830.1352171484226,1711.5595922861364,18,MH
201,137,esta!,es,0,e,2,1,ictus,0.153877527255247,61.77177205846557,786.0265691148331,1699.2424198640438,18,MH
202,138,esta!,ta!,1,a,2,0,ictus,0.1800730526836531,61.975381464209015,826.6726071580258,1518.7457958373486,18,MH
203,139,Viskan,vis,0,i,2,1,x,0.1262584839017364,63.270455737992336,1095.7949367458618,1488.7760571357037,18,MH
204,140,Viskan,kan,1,a,2,0,ictus,0.1149774444186988,63.43117184806312,856.0185554596964,1922.2751248275576,18,MH
205,141,sissi,sis,0,i,2,1,ictus,0.1699061210075569,63.60996797765976,796.7003078907011,2026.2784751052252,18,MH
206,142,sissi,si,1,i,1,0,x,0.1707442791233404,63.79394101711269,632.9807361079744,1906.8314766675571,18,MH
207,143,"viljaõnne,",vil,0,i,2,1,x,0.1919750402840918,63.94553609331866,776.1871870716263,2060.1001150147144,18,MH
208,144,"viljaõnne,",ja,1,a,1,0,refrain,0.1725852673950498,64.13695423379168,1142.1588602071429,1357.360005513408,18,MH
209,145,kahel,ka,0,a,1,1,refrain,0.2315494613562805,65.82878115134251,372.9353584975056,1496.5090558339566,18,MH
210,146,kahel,hel,1,ɛ,2,0,refrain,0.1134563350003645,65.87034960670086,401.09069349041846,1268.3118391253988,18,MH
211,147,karjaõnne.,kar,0,a,2,1,refrain,0.1789961736542693,66.36694273227917,1131.2864899617,2001.118663373553,18,MH
212,148,karjaõnne.,ja,1,a,1,0,ictus,0.1371088223620518,66.5243070508944,429.81359584726926,1762.769884863104,18,MH
213,149,tuba,tu,0,u,1,1,ictus,0.236988995595027,68.5359169738558,390.9329697138833,711.4573256106476,18,MH
214,150,tuba,ba,1,ɑ,1,0,ictus,0.1756394034298694,68.64045967860717,392.6568733283067,668.6637196525517,18,MH
215,151,puhtas,puh,0,u,2,1,x,0.1302040615236706,68.73856461811408,517.8333087814904,1237.3849084396816,18,MH
216,152,puhtas,tas,1,a,2,0,x,0.0816075652565189,68.86110755119812,473.3556845867095,1933.6862202227176,18,MH
217,153,"pestu,",pes,0,e,2,1,refrain,0.1213265118743152,69.02964353113029,465.2828950929994,2645.5294648192125,18,MH
218,154,"pestu,","tu,",1,u,2,0,refrain,0.1580991055318747,69.2421880723686,940.7361829318976,1543.2845609597896,18,MH
219,155,sängi,sän,0,æ,2,1,refrain,0.1747244302540878,70.89926400084133,350.41735783379613,1362.4445101092929,18,MH
220,156,ästi,äs,0,æ,2,1,refrain,0.1420407943894304,71.15776254560338,566.4497722687927,1406.1226917218107,18,MH
221,157,ästi,ti,1,i,1,0,refrain,0.1641007830891396,71.36999519029742,590.7055577770309,2131.5971500609903,18,MH
222,158,om,om,0,o,3,1,ictus,0.153379413798433,73.21153566379844,393.863381595979,1817.1126439543316,18,MH
223,159,elle,el,0,e,2,1,x,0.1755782041758493,73.34979239363848,1076.0764971958106,1757.8453811861325,18,MH
224,160,elle,le,1,e,1,0,ictus,0.1789121485518023,73.52752134678866,777.458024358206,1427.2644359634482,18,MH
225,161,"perenaine,",pe,0,e,1,1,ictus,0.2358681060707681,73.71734415284115,513.9662545410545,1274.7483673601987,18,MH
226,162,"perenaine,",re,1,ɛ,1,0,ictus,0.1895911964760159,73.8328881473179,524.646258036152,1028.5351652038476,18,MH
227,163,annab,an,0,a,2,1,off,0.1740506467371005,75.48004276631303,830.6825497034781,1655.3572691498364,18,MH
228,164,annab,nab,1,a,2,0,off,0.0877737020722122,75.56417616198533,882.3348796569378,1516.2491121931766,18,MH
229,165,kadril,kad,0,a,2,1,off,0.222945203263464,75.82486405713988,639.4043370942214,1423.741855886764,18,MH
230,166,kadril,ril,1,i,2,0,off,0.0956802573317929,75.8883333399796,337.35136443972954,1302.8974107080533,18,MH
231,167,karaskit.,ka,0,a,1,1,off,0.2275646661194628,76.14894221868272,390.0482776392466,2006.8326870752876,18,MH
232,168,karaskit.,ras,1,ɑ,2,0,off,0.153877527255247,76.20742122594154,398.77213550972056,1485.833583902532,18,MH
233,169,ma,ma,0,a,3,1,ictus,0.103304353157057,78.26619217912076,335.6421091170168,1241.6848217776492,18,MH
234,170,juhate,ju,0,u,1,1,x,0.1607565343680903,78.45108464531076,641.4373210831387,1056.090060345064,18,MH
235,171,juhate,ha,1,ɑ,2,0,ictus,0.1299196726205878,78.5574968074328,572.1860342730838,1039.281995411708,18,MH
236,172,kambren,kamb,0,a,2,1,off,0.1684089285435561,80.5021213279658,429.6006172511987,2225.4460684686383,18,MH
237,173,kambren,ren,1,e,2,0,off,0.0999696967166698,80.61692196089638,733.5890970893245,1646.188985723723,18,MH
238,174,kapi,ka,0,a,2,1,off,0.1361063236977884,80.78261397130431,1021.9576577581304,1519.090261628864,18,MH
239,175,kapi,pi,1,i,1,0,off,0.21583302487889,81.02896475770135,396.52675047713217,1096.694108453268,18,MH
240,176,taha,ta,0,a,1,1,x,0.2200367811809371,82.94371289609008,718.4511410466382,1753.204220121574,18,MH
241,177,taha,ha,1,ɑ,1,0,ictus,0.1320950803008145,83.0212641115243,856.3839994609393,1560.6971046979734,18,MH
242,178,kanaliha,ka,0,a,1,1,ictus,0.2668150742482567,83.27653367091096,908.6083232503522,1326.8536667547482,18,MH
243,179,kanaliha,na,1,ɑ,1,0,x,0.2098971863114513,83.40357416004916,780.6349426871101,1497.4881907851354,18,MH
244,180,kana,ka,0,a,1,1,refrain,0.2387595302915031,85.41675637293334,447.9429722300537,2174.7770958658634,18,MH
245,181,kana,na,1,ɑ,1,0,refrain,0.167003697190978,85.50916126134726,629.0686839456304,2195.776901717459,18,MH
246,182,kannustenu.,kan,0,a,2,1,refrain,0.1683058984022238,85.65062328989922,934.5550321669392,1461.2107364559813,18,MH
247,183,kannustenu.,nus,1,u,2,0,refrain,0.0994465318362358,85.74959727385462,1069.4393057748923,1447.3146382229995,18,MH
248,184,"Saagu,",saa,0,a,2,1,ictus,0.2244222714966781,87.60466350463233,409.9327523839783,1095.8660668048883,18,MH
249,185,"Saagu,","gu,",1,u,2,0,ictus,0.1502851263363425,87.70372487119985,515.9778677259401,1074.0082252480847,18,MH
250,186,"saagu,",saa,0,a,2,1,x,0.1943492189906805,87.87010429699534,423.58126839973374,1798.07210312253,18,MH
251,187,sajatan,sa,0,a,1,1,ictus,0.197661578356076,88.16795197856462,453.8209852191446,1230.1188925527654,18,MH
252,188,sajatan,ja,1,ɑ,2,0,ictus,0.0968042465847247,88.22716511810458,462.64792145651046,982.0072646633708,18,MH
253,189,"Saagu,",saa,0,aa,2,1,refrain,0.2814183673469301,90.00893484268707,876.1747849293351,1808.4999004157164,18,MH
254,190,"Saagu,","gu,",1,u,2,0,refrain,0.1419082643145373,90.03885501176352,654.9136741464135,1172.686292034561,18,MH
255,191,"saagu,",saa,0,aa,2,1,refrain,0.2460867346938755,90.24907281037416,683.604161247061,2318.690640569671,18,MH
256,192,sajatan,sa,0,a,1,1,refrain,0.1805676621444263,90.52213941652454,434.7185345222527,1838.4672473237267,18,MH
257,193,sajatan,ja,1,ɑ,2,0,refrain,0.1165903550200653,90.61304303871684,457.9923390777511,2095.0567651933598,18,MH
258,194,tütar,tü,0,y,2,1,x,0.1586089268741375,92.5152245113344,706.2829344459292,1243.953593685202,18,MH
259,195,tütar,tar,1,a,2,0,ictus,0.11423209854442,92.65328016761968,932.783095363941,1896.452092818577,18,MH
260,196,"seenetagu,",see,0,e,2,1,x,0.2762074996630019,92.95244392014666,919.0736456183226,1798.4138985008997,18,MH
261,197,"seenetagu,",ne,1,e,2,0,x,0.1159509173278081,92.95977013442122,642.1874933566396,1971.670951961828,18,MH
262,198,aia,ai,0,ai,2,1,off,0.2941656326632937,94.82317277408826,1101.2245006191365,1460.4161340577173,18,MH
263,199,aia,a,1,a,1,0,off,0.1459943186181931,94.88224021050564,1004.1349523150824,1506.2371694637975,18,MH
264,200,hääre,hää,0,æ,2,1,off,0.2500681005445528,95.1202479108165,626.4488874552243,1908.5944030818173,18,MH
265,201,hääre,re,1,e,1,0,off,0.1549087600487553,95.1926646577781,597.6225671085635,2091.5080847085064,18,MH
266,202,"allitagu,",al,0,a,2,1,off,0.222475640868538,95.33768591862226,430.0588162053469,2327.042891649796,18,MH
267,203,"allitagu,",li,1,i,2,0,off,0.0907225131337838,95.4005556282904,464.3097131122944,2275.056305509693,18,MH
268,204,vennal,ven,0,e,2,1,ictus,0.1343588540549944,97.04975064301388,762.8324034225822,1313.6941956109306,18,MH
269,205,vennal,nal,1,a,2,0,ictus,0.107694753889973,97.17426596987636,811.9433788348222,1712.3455786865263,18,MH
270,206,"kandijaksa,",kan,0,a,2,1,ictus,0.1929664037388079,97.66896846556278,686.3863308211239,2110.3751223276927,18,MH
271,207,"kandijaksa,",di,1,i,1,0,x,0.2087958739636803,97.88110329412469,579.7989772218574,2078.244966431624,18,MH
272,208,õvve,õv,0,ɵ,2,1,off,0.2190150204944245,99.80320299743086,927.7153307346372,1537.397599857699,18,MH
273,209,õvve,ve,1,e,1,0,off,0.1714303511043624,99.92801458042268,743.8731197924106,1589.5500282945038,18,MH
274,210,"pühkijaksa,",püh,0,y,2,1,off,0.1512767789086524,100.03732984965956,656.7790319577741,1571.7642181102422,18,MH
275,211,"pühkijaksa,",ki,1,i,1,0,off,0.1677774043940019,100.24768358137251,586.8225803765988,2368.080353000407,18,MH
276,212,õvve,õv,0,ɵ,2,1,ictus,0.1888146438869569,102.14333653112716,775.2844708722332,1721.5672832744049,18,MH
277,213,õvve,ve,1,e,1,0,ictus,0.1436458262883775,102.27853526025557,783.2976823751692,1986.9568874761192,18,MH
278,214,"pühkijaksa,",püh,0,y,2,1,x,0.1849212969124209,102.4366058468207,1007.020254030962,1511.5596219146296,18,MH
279,215,"pühkijaksa,",ki,1,i,1,0,x,0.1366220090011438,102.58541601410316,1170.872169649975,1462.3564388677862,18,MH
280,216,vennanaistel,ven,0,e,2,1,x,0.1553788001027101,104.19451942510273,860.0847694455852,1879.305807569979,18,MH
281,217,vennanaistel,na,1,a,1,0,x,0.1655553598963877,104.36954152599792,945.0446761966278,1411.0323359784898,18,MH
282,218,vemmeldada!,vem,0,e,2,1,refrain,0.1538164310281615,104.76716473234336,1144.738204587121,1396.7733367332355,18,MH
283,219,vemmeldada!,mel,1,e,2,0,refrain,0.1094895886135418,104.879253371551,884.3121433257613,1438.8125004906988,18,MH
284,220,ole,o,0,o,1,1,refrain,0.2029332735731941,106.82975339104792,1497.6109488238922,2091.0025866125056,18,MH
285,221,ole,le,1,ɛ,1,0,ictus,0.1571525300319081,106.92638196229484,442.9594088182869,805.5128838207106,18,MH
286,222,"näl´lasandi,",näl´,0,æ,2,1,ictus,0.184574935657281,107.07068058118676,470.13519904918223,2375.943640663965,18,MH
287,223,"näl´lasandi,",la,1,a,1,0,x,0.1555944062450862,107.2114225845193,578.8663073497532,2055.029756679611,18,MH
288,224,pal´lalt,pal´,0,a,2,1,x,0.1459695476578986,109.0489033523928,445.0693417345274,1507.8909677925844,18,MH
289,225,pal´lalt,lalt,1,a,2,0,x,0.1202418228332931,109.17715569918292,955.121403096588,1392.9333523340954,18,MH
290,226,lasandi.,las,0,a,3,1,refrain,0.1778640000981113,109.50932918834974,926.3781022182852,1500.961658718954,18,MH
291,227,lasandi.,an,1,ɑ,2,1,refrain,0.1570408680119044,109.6304628723792,958.878332196929,1532.799728157248,18,MH
292,0,sain,sain,0,ai,3,1,ictus,0.2175000000000002,2.2946261337868488,668.8538235689277,985.4227562731736,41,LK
293,1,"mal´lika,",mal´,0,al,2,1,off,0.2695677783866728,2.5321729130845885,453.1704191028246,1073.7314752452,41,LK
294,2,"mal´lika,",li,1,i,2,0,off,0.1307604895159233,2.5663718103425994,473.08383870221417,1086.608163757179,41,LK
295,3,mal´likast,mal´,0,al,2,1,off,0.2454273803221953,3.1430169801627152,525.5007125607489,1077.278300653572,41,LK
296,4,mal´likast,li,1,i,2,0,off,0.1227136901610972,3.1852626767755514,524.9241067922687,971.51823546659,41,LK
297,5,sain,sain,0,ai,3,1,ictus,0.1598390022675726,3.541631519274376,911.9718052813938,1330.894195840944,41,LK
298,6,"man´nipil´li,",man´,0,a,2,1,off,0.2405921612725414,3.7960965341510096,476.4619315965128,1342.7999070407584,41,LK
299,7,"man´nipil´li,",ni,1,i,2,0,off,0.1307700443513821,3.863540477350614,542.9780447393792,969.010727942274,41,LK
300,8,petsariinist,pet,0,e,2,0,ictus,0.1829709949562641,7.273967560367835,906.5090026149704,1990.516572723539,41,LK
301,9,petsariinist,sa,1,a,1,0,off,0.2079421661640239,7.4927047254189585,492.3802220892268,1107.2085876076233,41,LK
302,10,sain,sain,0,ai,3,1,off,0.2079421661640257,7.996020449257312,600.2328120089596,951.698080456333,41,LK
303,11,"riimuka,",rii,0,iː,2,1,ictus,0.2755656348352513,8.25117926405062,506.5959679211313,1163.6439871393538,41,LK
304,12,"riimuka,",mu,1,u,2,0,ictus,0.2062515794472439,8.36543897021688,818.6357878680727,1233.9769944778766,41,LK
305,13,riimukast,rii,0,iː,2,1,ictus,0.2556622535714545,8.955495533751803,1046.4691223331208,1955.596253835565,41,LK
306,14,riimukast,mu,1,u,1,0,ictus,0.1510895691609945,9.029958616780045,973.4135585809572,1654.9519692201477,41,LK
307,15,sain,sain,0,ai,3,1,off,0.1756288524534355,9.351788670917554,973.6291240822826,1617.7920489518265,41,LK
308,16,"rindasõl´ge,",rin,0,i,2,1,off,0.167928757759423,9.506333055607673,896.00624452354,1994.224482309329,41,LK
309,17,"rindasõl´ge,",da,1,a,1,0,ictus,0.2165495809068716,9.74503320641042,720.2726307073028,1496.7160471863947,41,LK
310,18,rindasõlesta,rin,0,i,2,1,off,0.188967752639769,10.419448748216308,561.4148371249854,1554.6291273607048,41,LK
311,19,rindasõlesta,da,1,a,1,0,ictus,0.2312076032298371,10.682892026896456,560.9083778550697,1027.6692995434064,41,LK
312,20,"sõmera,",sõ,0,ɵ,1,1,ictus,0.4246216559317197,11.641360365607548,561.5541425069816,1459.32547459914,41,LK
313,21,"sõmera,",me,1,ɛ,1,0,ictus,0.2467696534472274,11.72584006678768,506.9333401543477,1413.7143745697651,41,LK
314,22,sõmerast,sõ,0,ɵ,1,0,ictus,0.3745239740458785,12.304753282435904,836.3373682719124,1681.284357837246,41,LK
315,23,sõmerast,me,1,ɛ,1,0,ictus,0.1898140672117918,12.351369342513207,934.6339150074938,1445.7271583606262,41,LK
316,24,sain,sain,0,ai,3,1,off,0.1464999999999996,12.634416666666668,929.3162114232672,1655.528681193593,41,LK
317,25,"soolavakka,",soo,0,oː,2,1,ictus,0.3324733390461567,12.990446411608517,565.6394794949806,1395.6218957537908,41,LK
318,26,"soolavakka,",la,1,a,1,0,ictus,0.2135408256132649,13.075035473758165,600.2620859509032,1342.3342427659782,41,LK
319,27,soolavakast,soo,0,oː,3,1,ictus,0.3505759410407876,13.689205381579493,490.1619537069241,1145.722019003137,41,LK
320,28,soolavakast,la,1,a,1,1,ictus,0.237711081421402,13.776323199915389,432.8304249302967,1582.0434282693457,41,LK
321,29,"vaisiküisi,",vai,0,ai,2,1,ictus,0.2624918823233599,14.28574051819824,580.201258511674,1226.769748184359,41,LK
322,30,"vaisiküisi,",si,1,i,2,0,ictus,0.2050717830651223,14.423548756418002,705.6681767017453,1150.0659952199308,41,LK
323,31,vaisiküisist,vai,0,ai,2,1,ictus,0.3326511042271676,15.036809699816269,403.50194817030393,2196.827609055223,41,LK
324,32,vaisiküisist,si,1,i,2,0,ictus,0.2102354978715723,15.112654151580063,418.2410562705357,1612.534770357894,41,LK
325,33,kübara,kü,0,y,1,1,ictus,0.3419678362293759,15.730631689440514,898.0460396082091,1171.926065717479,41,LK
326,34,kübara,ba,1,ɑ,1,0,ictus,0.2381561716597424,15.84054992251424,612.1801415840513,1498.1289213298935,41,LK
327,35,ja,ja,0,a,3,1,off,0.1199077240659818,16.09070477622018,765.8439085128246,1269.5670657630542,41,LK
328,36,kübarast,kü,0,y,1,0,ictus,0.4127729891509162,16.517291135982184,812.9910938206823,903.3201731568428,41,LK
329,37,kübarast,ba,1,ɑ,1,0,ictus,0.1129990723503411,16.472610210459802,602.0792658551458,861.5913528925241,41,LK
330,38,sain,sain,0,ai,3,1,off,0.1979075324986539,16.830035115455672,720.9380651343657,1333.0407373636322,41,LK
331,39,"künnirauda,",kün,0,y,2,1,off,0.2276084246143028,17.031610450348648,816.4428325914503,1392.8817762538924,41,LK
332,40,"künnirauda,",ni,1,i,1,0,ictus,0.2796883183819858,17.28911659175551,789.9988937342556,1160.5678419516366,41,LK
333,41,künnirauast,kün,0,y,2,1,off,0.2626724457485991,17.951089057341424,721.2667987220883,1047.0807867267436,41,LK
334,42,künnirauast,ni,1,i,1,0,ictus,0.2196989619006899,18.09920395340286,815.5944894467298,1579.783160569271,41,LK
335,43,sain,sain,0,ai,3,1,off,0.1155862987248781,18.49756815813531,808.5560684548274,1000.5749153133062,41,LK
336,44,ranitsa,ra,0,a,1,1,ictus,0.3617193185422493,18.923250554011084,479.7239975029184,1008.01996141759,41,LK
337,45,ranitsa,nit,1,ɪ,2,0,ictus,0.1098680173142341,18.87761306989594,529.5765716361998,1096.5319643551024,41,LK
338,46,ja,ja,0,a,3,1,off,0.1164597969322187,19.24951393525421,723.4262828516165,1235.9425381374122,41,LK
339,47,ranitsast,ra,0,a,1,1,ictus,0.3579029135600038,19.62360322155981,486.78988729360543,1194.1509876354282,41,LK
340,48,ranitsast,nit,1,ɪ,2,0,ictus,0.1058938809528484,19.574794015762404,460.2317459487992,2370.3095106854425,41,LK
341,49,sain,sain,0,ai,3,1,off,0.1907242590254867,19.987833220049623,656.5846889590306,2159.2157307534617,41,LK
342,50,rapsuvitsa,rap,0,a,2,1,off,0.1603037605720132,20.12649630230617,1055.0112742645508,2231.1428767502566,41,LK
343,51,rapsuvitsa,su,1,u,1,0,ictus,0.2369793156918547,20.39727778507961,1024.6427831621145,2025.819512669062,41,LK
344,52,lapse,lap,0,a,2,1,ictus,0.1752854710439777,20.78884944188413,516.573723809499,1185.853450765745,41,LK
345,53,lapse,se,1,e,1,0,off,0.2121876754742899,21.014875444019783,831.390455459225,1500.7657957055071,41,LK
346,54,puksu,puk,0,u,2,1,ictus,0.1900463528160969,21.13983011343848,849.2540508881939,1300.984002003226,41,LK
347,55,puksu,su,1,u,1,0,ictus,0.2527801003476284,21.38430721778929,596.2474157124897,1410.5287095429803,41,LK
348,56,pihta,pih,0,i,2,1,ictus,0.1506351454404111,21.44143747067939,587.1676111444574,1450.9366583709848,41,LK
349,57,pihta,ta,1,a,1,0,off,0.1778246773970551,21.667898906559717,576.144631465915,1543.3356680331117,41,LK
350,58,peks(a) –,peks,0,e,2,1,off,0.1616455472673692,21.77408148831045,516.2600507182217,1458.1753708343872,41,LK
351,59,peks(a) –,(a) –,1,a,2,0,off,0.1015526821248187,21.88967363403783,620.5521937274488,1992.7506356106865,41,LK
352,0,mis,mis,0,i,3,1,ictus,0.1625982234707996,1.5375771729598895,516.3135519329262,1134.9039035142496,92,LK
353,1,see,see,0,eeː,3,1,off,0.2002483612435299,1.7494740993398157,335.9035826684925,2327.364302481218,92,LK
354,2,kul´li,kul´,0,ul,2,1,off,0.2697718597819918,1.970760929890996,331.6868749668249,1789.3215702736773,92,LK
355,3,kul´li,li,1,i,1,0,ictus,0.2098455948817839,2.0869550749808568,841.6836540015181,1835.0923111046852,92,LK
356,4,talu,ta,0,a,1,1,ictus,0.3648689539549643,4.942881112282341,496.5435111957484,1596.375205812324,92,LK
357,5,talu,lu,1,ʊ,1,0,ictus,0.2326004178176717,5.054229347230832,302.74326135403726,1695.979745385168,92,LK
358,6,"anisida,",a,0,a,1,1,off,0.3704565308313441,5.30838566915334,1104.569045825274,2220.3407333840614,92,LK
359,7,"anisida,",ni,1,ɪ,1,0,off,0.2359334271602975,5.394687802015523,902.6644021604296,1834.505644078326,92,LK
360,8,mõisa,mõi,0,ɵi,2,1,off,0.3025825605985268,5.952162492571317,678.7908473239381,1315.8749474214478,92,LK
361,9,mõisa,sa,1,a,1,0,off,0.2000111814868894,6.037346577138003,680.1761481519691,1617.6166609266106,92,LK
362,10,paari,paa,0,aː,2,1,ictus,0.3056045845102186,6.293461763307963,645.1467754478587,1689.17150601851,92,LK
363,11,paari,ri,1,i,1,0,ictus,0.146967921930555,6.325827966047187,650.7354936923645,1842.6890710308924,92,LK
364,12,"partisida,",par,0,a,2,1,off,0.1302292263537854,6.445211321826822,566.2236153956399,1823.810280586544,92,LK
365,13,"partisida,",ti,1,i,1,0,off,0.1922142554285866,6.686912683269848,486.187533230404,1723.3899758654404,92,LK
366,14,kõrtsi,kõrt,0,ɵ,2,1,off,0.139796754567774,7.122174454381391,874.6237431638124,1401.2672483602598,92,LK
367,15,kõrtsi,si,1,i,1,0,off,0.1775486458553405,7.353754711614977,799.9659535925452,1385.040496011664,92,LK
368,16,kirju,kir,0,i,2,1,off,0.156404878278435,7.476287841745516,838.7453788381471,1394.5280024718772,92,LK
369,17,kirju,ju,1,u,1,0,ictus,0.1755307947535698,7.697093732842843,684.6056527250956,1121.3389735854423,92,LK
370,18,kul´li,kul´,0,ul,2,1,ictus,0.2777319367283546,9.188300775620416,791.6147995569913,1475.2000478642822,92,LK
371,19,kul´li,li,1,i,1,0,ictus,0.189822386020559,9.280722491632154,782.3370288368595,1287.5095227445152,92,LK
372,20,piakene?,pia,0,i,3,1,off,0.3040579195076205,9.552731421215832,749.9823633670384,1183.652674460065,92,LK
373,21,piakene?,ke,1,a,1,0,off,0.1881120035685697,9.588814465030593,642.9141872217265,1238.9691801246906,92,LK
374,22,Nii,nii,0,iiː,3,1,ictus,0.2886728990320364,10.200064324452992,936.1632056665072,1483.6877925386248,92,LK
375,23,kui,kui,0,uiː,3,1,off,0.2291941598704809,10.32084527670136,819.4219464055914,1373.7467876551168,92,LK
376,24,mõisa,mõi,0,ɵi,2,1,off,0.2925341118564297,10.54294902871733,493.8330504917946,1372.1235845373064,92,LK
377,25,mõisa,sa,1,a,1,0,ictus,0.2290125966296798,10.66838476216256,468.2230100152198,1598.4202144059327,92,LK
378,26,mõõduvakk.,mõõ,0,ɵː,2,1,ictus,0.3640256352485167,10.95849848322434,478.4377209160669,1995.681039797548,92,LK
379,27,mõõduvakk.,du,1,u,1,0,off,0.205293526855268,11.016700256301863,775.9705559709915,1661.7871337194968,92,LK
380,0,pandi,pan,0,a,2,1,off,0.1770264394799134,3.606533713230247,573.1809227425911,989.590104113264,65,LK
381,1,pandi,di,1,i,1,0,off,0.1290391054167869,3.697866409871952,552.0437984432056,995.7388935868458,65,LK
382,2,mind(e),mind,0,i,2,1,ictus,0.0852095252893585,3.74592541565666,550.604532162798,923.7839706667272,65,LK
383,3,mind(e),(e),1,e,2,0,ictus,0.0677368533412554,3.814565383148604,559.4320509858421,889.6181161026562,65,LK
384,4,paju,pa,0,a,1,1,off,0.3866169768428902,4.233735598695146,565.8746365620035,1092.536073751702,65,LK
385,5,paju,ju,1,ʊ,1,0,off,0.2699159379879798,4.356542355221539,568.7582195290371,1009.1161121596166,65,LK
386,6,"raiumaie,",rai,0,ai,2,1,ictus,0.291411765833784,4.569959374730413,602.0937219692717,963.0695419972548,65,LK
387,7,"raiumaie,",u,1,u,1,0,off,0.3494418144413771,4.833617639056217,1048.8256940395308,2579.920772310121,65,LK
388,8,saare,saa,0,aː,2,1,off,0.401021531643881,7.282181962482883,519.2395231619329,1113.7366875143716,65,LK
389,9,saare,re,1,e,1,0,off,0.2190923328085201,7.336323093841901,750.1635016843467,916.1259251364584,65,LK
390,10,juuri,juu,0,uː,2,1,ictus,0.3297794497162059,7.647817162499826,688.2599372063066,1739.861978584065,65,LK
391,11,juuri,ri,1,i,1,0,ictus,0.2512264213793855,7.777392172695805,803.4522081526424,1401.109456618745,65,LK
392,12,"juksimaie,",juk,0,u,2,0,ictus,0.2117315353673312,7.897329850897467,857.3070515111099,1368.8257377487298,65,LK
393,13,"juksimaie,",si,1,i,1,0,off,0.2697655103865592,8.168506904853142,507.0866713661333,1532.6698588865906,65,LK
394,14,tamme,tam,0,a,2,1,ictus,0.2628181345509759,10.342285224785211,795.1949368598978,1374.2864738258927,65,LK
395,15,tamme,me,1,e,1,0,off,0.2255855654895882,10.53173329677404,871.5471399969551,1449.209921004839,65,LK
396,16,tüve,tü,0,y,1,1,off,0.4314597708878516,10.90624913850918,860.9371844069863,1371.7717210714547,65,LK
397,17,tüve,ve,1,ɛ,1,0,off,0.2006939008591075,10.92954079854638,1025.602073724834,1130.543421623869,65,LK
398,18,tampimaie.,tam,0,a,2,0,ictus,0.1686416363368756,11.06181555220354,1044.406337177945,1527.065772610008,65,LK
399,19,tampimaie.,pi,1,i,1,0,off,0.2821269118532932,11.399791317648916,547.6402084538884,1510.9752086050885,65,LK
400,20,Leidsine,leid,0,ei,2,1,off,0.3558264925726853,14.209132321910472,656.2230777991766,1382.1845686422969,65,LK
401,21,Leidsine,si,1,i,1,0,ictus,0.0476705348901198,14.16231304657196,863.4817725837308,1591.8017244038303,65,LK
402,22,ma,ma,0,a,3,1,ictus,0.4140109153676796,14.674914740534904,407.115972339771,1037.9035528993538,65,LK
403,23,siis,siis,0,iiː,3,1,ictus,0.1785943757411878,14.684479296376107,403.183183945868,1050.0882707052838,65,LK
404,24,"kogemata,",ko,0,o,1,1,off,0.3727984522744521,15.063650333608871,435.4676774052416,2008.2890020872087,65,LK
405,25,"kogemata,",ge,1,ɛ,1,0,off,0.3085228570547187,15.231838141100509,475.2043801668742,1023.6116963198658,65,LK
406,26,kus,kus,0,u,3,1,off,0.2632812391709649,17.555233023213596,576.0180067820647,926.9545340309036,65,LK
407,27,aga,a,0,a,1,1,off,0.1031082785795334,17.61707993294056,572.3052657103486,911.0941655017688,65,LK
408,28,aga,ga,1,ɑ,1,0,off,0.1336037414966071,17.7208795351474,572.5813684052964,909.733834379386,65,LK
409,29,salk,salk,0,al,3,1,ictus,0.3136258144549657,18.006704612640906,1050.1327503398247,2550.8812930420145,65,LK
410,30,oli,o,0,o,1,1,off,0.1281928342656542,18.05575231282444,706.0333616947207,1045.5537082543644,65,LK
411,31,oli,li,1,ɪ,1,0,off,0.1392535629256386,18.165202259070767,540.2116817571894,1057.118651035331,65,LK
412,32,"sarapuida,",sa,0,a,1,0,off,0.3795034017322365,18.529089002639267,932.0332118022944,1468.6044030080782,65,LK
413,33,"sarapuida,",ra,1,ɑ,2,0,ictus,0.2155676968932596,18.602456696510508,967.3165034939184,1443.8853534849636,65,LK
414,34,teine,tei,0,ei,2,1,off,0.4216250542176993,21.536055157821963,823.3598322902836,1406.8943873687354,65,LK
415,35,teine,ne,1,e,1,0,off,0.2398163783707332,21.60310036735913,771.3480863963856,1623.4999088137054,65,LK
416,36,salk,salk,0,al,3,1,ictus,0.3240065023062328,21.846988929913103,967.1452564515108,1492.570044736494,65,LK
417,37,oli,o,0,o,1,1,ictus,0.1106884089249362,21.865416577856276,955.979113625468,1499.9579505038687,65,LK
418,38,oli,li,1,ɪ,1,0,ictus,0.1151330992235699,21.95746019672924,928.562043932098,1271.2178264945571,65,LK
419,39,"türnapuida,",tür,0,y,2,0,off,0.2631193947373589,22.214394581424315,911.6008580583964,1570.4555371912638,65,LK
420,40,"türnapuida,",na,1,a,2,0,off,0.2504389419789419,22.41886688215396,558.1015429736333,1553.9503293694768,65,LK
421,41,kolmas,kol,0,ol,2,1,off,0.3801031485869544,24.9949081502572,815.653232389131,1476.054714341478,65,LK
422,42,kolmas,mas,1,a,2,0,off,0.1968736028228406,25.051066913480437,824.9153699040809,1408.447327834355,65,LK
423,43,salk,salk,0,al,3,1,off,0.3294225677462989,25.36356191482665,894.0910087162896,1518.3200807361934,65,LK
424,44,oli,o,0,o,1,1,off,0.1133627266702106,25.37910738374327,869.2120008811913,1565.1141909711282,65,LK
425,45,oli,li,1,ɪ,1,0,ictus,0.1358772197866997,25.495623062568257,841.9172396080492,1502.9730248676185,65,LK
426,46,"kohlapuida,",koh,0,o,2,0,off,0.2798164988964657,25.759456121796102,872.5960949028848,1144.5238047516382,65,LK
427,47,"kohlapuida,",la,1,a,2,0,off,0.2183933649923588,25.95510017793509,919.2173909408872,1427.7860148385455,65,LK
428,48,neljas,nel,0,e,2,1,ictus,0.2872646603340314,28.894830798085017,987.7507551358328,1479.8436384347697,65,LK
429,49,neljas,jas,1,a,2,0,off,0.2289614203133396,29.109476159542364,379.3735636252792,1779.4499939930138,65,LK
430,50,noori,noo,0,oː,2,1,ictus,0.4157777978518808,29.49770860497024,794.0037315792856,1243.5696237543302,65,LK
431,51,noori,ri,1,i,1,0,ictus,0.2230080915751031,29.580864164540618,759.4888227267481,1251.6224844231474,65,LK
432,52,"neidusida,",nei,0,ei,2,1,off,0.3288424401192173,29.85867932946892,692.8023504164087,1381.614249908255,65,LK
433,53,punapõs ki,pu,0,u,1,1,off,0.4190134389523194,32.60776988971396,828.6942447453602,1418.8101607475835,65,LK
434,54,punapõs ki,na,1,ɑ,2,0,off,0.291285654427142,32.716925295945686,890.4859864663383,1410.3479917232996,65,LK
435,55,piigakesi.,pii,0,iː,2,1,off,0.3898409510378258,33.454374394249555,707.0267193679565,1079.9398140149603,65,LK
436,56,piigakesi.,ga,1,a,2,0,off,0.2847153013197641,33.582496279843454,661.1037137866756,1069.148208199564,65,LK
437,57,Ööd,ööd,0,øøː,3,1,ictus,0.5013352468684076,36.397900049738055,941.4725164399488,1289.5350536649732,65,LK
438,58,neil,neil,0,eil,3,1,ictus,0.3444481645915402,36.55208822296862,936.9330436034794,1495.826007396991,65,LK
439,59,ööles,öö,0,øː,2,1,off,0.4602053346591788,36.84006947533203,835.5314094463212,1431.2960412348311,65,LK
440,60,ööles,les,1,e,2,0,off,0.2428077225809204,36.88524300511453,835.9828310918119,1423.9997790565249,65,LK
441,61,"virvekirja,",vir,0,i,2,1,ictus,0.22304430330108,37.11918065322682,840.3420468681126,1422.965692110936,65,LK
442,62,"virvekirja,",ve,1,e,1,0,ictus,0.2738645243063899,37.39728019595032,533.7498245465468,1565.2910776694562,65,LK
443,63,sukad,su,0,u,2,1,off,0.2724000902198185,39.89113251652367,823.9867420657711,1406.9487023616452,65,LK
444,64,sukad,kad,1,a,2,0,off,0.2059308390022636,40.06869784580498,832.3123716496451,1418.007708599736,65,LK
445,65,jalas,ja,0,a,1,1,off,0.3462285444129236,40.44161913398208,916.9865873436348,1531.3795107874184,65,LK
446,66,jalas,las,1,ɑ,2,0,off,0.1826035165731099,40.49023770332868,898.8436685602188,1381.8713450136786,65,LK
447,67,saarekirja.,saa,0,aː,2,1,off,0.4079060766801632,40.91152550945066,920.716725599867,1435.6957709128362,65,LK
448,68,saarekirja.,re,1,e,1,0,off,0.3065130456762972,41.05973639593015,921.4920886324322,1424.2203423405836,65,LK
449,69,Ei,ei,0,eiː,3,1,ictus,0.525799793940223,43.93844730330781,750.5688667219814,1689.1719585801177,65,LK
450,70,olnd,olnd,0,ol,3,1,ictus,0.2652356861908345,43.94078309252853,769.7406873106345,1752.476283717695,65,LK
451,71,julgust,jul,0,ul,2,1,ictus,0.3300307640080717,44.27802342123596,547.5886110450741,1770.8595236662993,65,LK
452,72,julgust,gust,1,u,2,0,ictus,0.1815972559237764,44.33202905397783,551.6331584899918,1649.7125683367194,65,LK
453,73,juure,juu,0,uː,2,1,ictus,0.3781477904400816,44.74422582153455,943.6532231152612,1444.8697665407572,65,LK
454,74,juure,re,1,e,1,0,ictus,0.3277866210361679,44.91232549421154,547.352784907333,945.5549751956238,65,LK
455,75,"minna,",min,0,i,2,1,ictus,0.1879442750489204,44.9943521418589,516.3108101208786,1293.8395012018318,65,LK
456,76,"minna,","na,",1,a,2,0,off,0.1431267940757123,45.15916481382488,450.5405615599456,1274.2905532343104,65,LK
457,77,südant,sü,0,y,1,0,ictus,0.3855766164496117,47.52123500558054,924.8044725676052,1529.491576529913,65,LK
458,78,südant,dant,1,ɑ,3,1,ictus,0.1721324180578705,47.535005599025176,968.1277167245152,1529.9532678809685,65,LK
459,79,sülle,sül,0,yl,2,1,off,0.3369525984482067,47.9186474208216,674.7009554927848,1097.968160810124,65,LK
460,80,sülle,le,1,e,1,0,off,0.3085789686169136,48.10350451890945,652.7903749412654,1074.8951378962524,65,LK
461,81,rabadaie.,ra,0,a,1,0,ictus,0.3337833711123039,48.33858141509528,748.5424512744432,1077.5183137696226,65,LK
462,82,rabadaie.,ba,1,ɑ,1,0,ictus,0.3198757306493007,48.54893447709836,686.9167582027869,1132.2559553492547,65,LK
463,0,"Lõpe,",lõ,0,ɵ,2,1,ictus,0.2214009559516505,0.3652850980392261,700.3483317082687,1146.9963577926585,9,MH
464,1,"lõpe,",lõ,0,ɵ,2,1,x,0.2085515197787648,0.7701249653399405,772.142749550088,1804.444291693721,9,MH
465,2,"lõpe,","pe,",1,e,2,0,ictus,0.2931760013292723,1.0770153174161914,539.6554820176793,1509.1405793918889,9,MH
466,3,"linakene,",li,0,i,1,1,ictus,0.2229583530566363,1.1898535186631478,823.0522420368034,1668.4090940856383,9,MH
467,4,"linakene,",na,1,ɑ,2,0,x,0.3129413553406204,1.4244118034327753,852.9426377651419,1770.1185031432938,9,MH
468,5,kui,kui,0,uiː,3,1,ictus,0.3822805843250201,3.0185280111391624,699.3848803289767,1774.5653123997251,9,MH
469,6,sa,sa,0,a,3,1,ictus,0.1650454537171999,3.046894743562502,698.4725634179564,2077.248125472001,9,MH
470,7,"lõpe,",lõ,0,ɵ,2,1,x,0.2168271399036596,3.27766260523862,848.176204943951,2091.0414732257163,9,MH
471,8,siia,sii,0,iː,2,1,refrain,0.2878182779998228,3.7451607184977886,529.0672937698051,1842.441343430407,9,MH
472,9,siia,a,1,ja,1,0,refrain,0.373815847454753,3.9750674269526303,683.3669798366899,1703.8634677474504,9,MH
473,10,"jätan,",jä,0,æ,2,1,refrain,0.219520359737249,4.076476920894702,664.3202098039197,1953.014478767437,9,MH
474,11,"jätan,","tan,",1,a,2,0,refrain,0.2909101520331791,4.355937510751333,668.7354890900924,1942.651314675712,9,MH
475,12,siia,sii,0,iː,2,1,ictus,0.37205311422872,5.530495566940512,470.8582333189868,2056.474445356625,9,MH
476,13,siia,a,1,a,1,0,ictus,0.1965021812292473,5.587637857722066,362.119312346528,2023.247986725561,9,MH
477,14,jätan,jä,0,æ,2,1,x,0.1709462992459709,5.739241934166605,719.5494245991521,2149.998456296374,9,MH
478,15,jätan,tan,1,a,2,0,x,0.2132191297377978,5.967027257659072,750.6900855413742,2186.513294281432,9,MH
479,16,tsirgu,tsir,0,i,2,1,ictus,0.268398882666105,6.210549351001504,776.1254492047445,1733.1184091361113,9,MH
480,17,tsirgu,gu,1,u,1,0,x,0.2548189963628751,6.41690743799411,797.4596211991634,1494.8113493924889,9,MH
481,18,"süia,",süi,0,yi,2,1,ictus,0.4603699984393952,6.821958808743507,673.9739998333388,2191.745674869995,9,MH
482,19,"süia,","a,",1,a,2,0,ictus,0.2616079042280823,6.883438895679808,662.6644333395201,2252.981638964113,9,MH
483,20,pääsukesel,pää,0,æː,2,1,x,0.4069629378610901,8.034677587293183,983.2153954895948,1986.8699423943945,9,MH
484,21,pääsukesel,su,1,u,2,0,x,0.2005220571212902,8.080468779312007,783.5497872820295,1243.6043377059923,9,MH
485,22,pääle,pää,0,æː,2,1,refrain,0.382602439738779,8.826922535062133,640.1468311958951,2066.368573467989,9,MH
486,23,pääle,le,1,e,1,0,refrain,0.2632789210786477,8.927576047042159,684.1135684901752,2017.516098776521,9,MH
487,24,tulla.,tul,0,u,2,1,refrain,0.2937009489644246,9.146608054704949,685.247851525354,1835.034132185292,9,MH
488,25,tulla.,la.,1,a,2,0,refrain,0.313636612287798,9.406064407007891,679.6954772257733,1592.1365029451078,9,MH
489,26,Jätän,jä,0,æ,2,1,ictus,0.1822971407365408,10.313613358173043,416.1830968538569,1821.555918030704,9,MH
490,27,Jätän,tän,1,æ,2,0,ictus,0.1950667472132536,10.501620778929832,351.5996440320351,2084.036249724312,9,MH
491,28,päivä,päi,0,æi,2,1,ictus,0.3861688345346934,11.051988653142102,680.815014644831,908.0521879348904,9,MH
492,29,päivä,vä,1,æ,1,0,ictus,0.2062852175989604,11.096095814935031,836.8553865567728,1843.8962921846187,9,MH
493,30,"palada,",pa,0,a,1,1,ictus,0.289297636386248,11.336743775573463,811.1176607245301,1632.6390886012186,9,MH
494,31,"palada,",la,1,ɑ,1,0,x,0.2381702857205496,11.468713792690137,804.667141327184,1640.9293476457074,9,MH
495,32,jätän,jä,0,æ,2,1,ictus,0.1748115093536384,12.778804257345696,481.497449146697,2124.2380356765484,9,MH
496,33,jätän,tän,1,æ,2,0,ictus,0.1724610436802081,12.952410040705566,425.3005472113432,1869.327866737424,9,MH
497,34,vihma,vih,0,i,2,1,x,0.2852544538223398,13.392368967452963,1024.8693434048312,1504.099052001633,9,MH
498,35,vihma,ma,1,a,1,0,refrain,0.2461904134710124,13.576651675769254,676.3596141163379,1819.1764879241648,9,MH
499,36,"valada,",va,0,a,1,1,refrain,0.2474661668935667,13.756811698703611,503.8213303570485,2135.959065066224,9,MH
500,37,"valada,",la,1,ɑ,1,0,refrain,0.2538802337047912,13.926851829897537,636.8811941856229,2030.826339362873,9,MH
501,38,ligi,li,0,i,1,1,ictus,0.343919417290575,15.453748323227604,978.3003778241288,1850.1341492843555,9,MH
502,39,ligi,gi,1,ɪ,1,0,ictus,0.2797091496682853,15.607889910558304,933.847594450326,1689.936843426049,9,MH
503,40,maada,maa,0,aː,2,1,x,0.2560671284393052,15.76464685593773,702.4357452436894,1860.531853396423,9,MH
504,41,maada,da,1,a,1,0,ictus,0.2626575872516454,15.992538163545431,560.5686183860535,1277.1430103335583,9,MH
505,42,ligunema.,li,0,i,1,1,ictus,0.2937662390930526,16.204012154527238,785.9429348353274,2098.2089099487403,9,MH
506,43,ligunema.,gu,1,ʊ,1,0,x,0.2939042451413485,16.413584714994037,789.8629500496377,2097.716160116642,9,MH
507,44,"Perenaine,",pe,0,e,1,0,ictus,0.3586017995691719,18.04475558641065,461.97337837465255,1654.1668520985966,9,MH
508,45,"Perenaine,",re,1,ɛ,1,0,x,0.2878589442313384,18.170905010782647,513.4916866796821,1679.2756000029913,9,MH
509,46,"linnukene,",lin,0,i,2,1,refrain,0.2413804592319195,18.686003047433697,619.8433677232994,1945.862784007072,9,MH
510,47,"linnukene,",nu,1,u,2,0,refrain,0.2351232635410198,18.877262042850543,586.1314373041935,1992.9352799713704,9,MH
511,48,tule,tu,0,u,1,1,ictus,0.3180009941377406,20.36944373790191,924.9238145709418,1773.183003648809,9,MH
512,49,tule,le,1,ɛ,1,0,ictus,0.2305163374977823,20.48405478563222,722.4235574837528,1352.6644871162157,9,MH
513,50,talu,ta,0,a,1,1,x,0.3147679495096298,20.736008112251465,1000.0938996015998,1729.1670025152082,9,MH
514,51,talu,lu,1,ʊ,1,0,x,0.2310648591766906,20.848839529758024,425.53401354677305,1226.0251401135235,9,MH
515,52,"tuastagi,",tuas,0,u,3,1,ictus,0.3099841086974706,21.097320285641253,698.5399022322339,1119.943509937391,9,MH
516,53,"tuastagi,",ta,1,a,1,1,ictus,0.2498981986606878,21.192226429953205,675.6364764892711,1083.8888427828465,9,MH
517,54,orjal,or,0,o,2,1,x,0.2470513932241829,23.02171856013236,928.6181095646008,1225.6383990644,9,MH
518,55,orjal,jal,1,a,2,0,x,0.2179232443386141,23.23720722651131,1008.302516105362,1308.9673762111818,9,MH
519,56,oodakuta!,ood,0,oː,3,1,x,0.3173740500327255,23.48485760216993,1019.619543729293,1517.8669396373211,9,MH
520,57,oodakuta!,a,1,a,2,1,refrain,0.220724894728626,23.60620139220832,665.420578752809,1764.811702200811,9,MH
521,0,miks,miks,0,i,3,1,ictus,0.1039651386468509,1.423198698737554,606.8358913693418,1313.8857606141862,94,LK
522,1,sa,sa,0,a,3,1,ictus,0.1253408207561972,1.581560716500548,674.8698814840866,1469.8997619127915,94,LK
523,2,mullu,mul,0,ul,2,1,x,0.1594804930285427,1.7287565701260483,754.864293864719,1336.4797148509588,94,LK
524,3,mullu,lu,1,u,1,0,x,0.1580853657533629,1.8441354795138116,590.1233587428162,1120.7897249706973,94,LK
525,4,meile(e)i,mei,0,ei,2,1,ictus,0.2359466430951706,2.0309415213338045,711.5173302110895,1380.4563613846476,94,LK
526,5,meile(e)i,le,1,eiː,1,0,ictus,0.1560073310288947,2.097608354036404,799.4531622890729,1443.2690958280564,94,LK
527,6,"tulnud,",tul,0,ul,2,1,x,0.1519557547736454,2.212860207869863,808.9166165945924,1412.5467029156314,94,LK
528,7,"tulnud,","nud,",1,u,2,0,x,0.1313314464297121,2.3075625486116818,812.8397917725954,1427.744656656622,94,LK
529,8,murumullu,mu,0,u,1,1,x,0.1056258555423372,2.44557721765304,700.8980799697481,1445.3218504103002,94,LK
530,9,murumullu,ru,1,ʊ,1,0,ictus,0.2079560601747934,2.62154242566416,447.55066085959135,1265.17262234087,94,LK
531,10,meil,meil,0,eil,3,1,ictus,0.2804660959299614,3.063811504622207,485.5145070864824,1083.5860200526974,94,LK
532,11,ei,ei,0,e,3,1,x,0.0824757397467728,3.006054196403999,849.9746438542288,1270.154977640702,94,LK
533,12,ei,ei,0,iː,3,1,ictus,0.0980754314193861,3.062891757949999,486.1479673449778,1091.0512341323413,94,LK
534,13,"käinud,",käi,0,æi,2,1,ictus,0.2040605300760258,3.2503092962338465,675.4424971054746,1643.5170778021686,94,LK
535,14,"käinud,","nud,",1,u,2,0,ictus,0.0966424067685647,3.274585150532737,489.6137411671354,1524.0602910262403,94,LK
536,15,kui,kui,0,uiː,3,1,x,0.1511553660690285,4.844682860400095,593.8017078634836,1179.8485799608236,94,LK
537,16,käisid,käi,0,æi,2,1,x,0.1884896639957336,5.000333550818728,557.817924934894,1135.5703376769936,94,LK
538,17,käisid,sid,1,i,2,0,ictus,0.0838650761371671,5.050335197088061,452.5387608148472,1232.29655830796,94,LK
539,18,käsud,kä,0,æ,1,1,x,0.2206604702149288,5.300044755520977,797.9998713633752,1585.346387482305,94,LK
540,19,käsud,sud,1,ʊ,2,0,x,0.1328247490614131,5.368599464713965,492.07180884798737,1206.3409724216413,94,LK
541,20,ja,ja,0,a,3,1,x,0.1241099773242631,5.89086507936508,710.1810078986849,1458.255476512402,94,LK
542,21,sõitsid,sõit,0,ɵii,2,1,ictus,0.1547510522903206,6.034476645744669,463.3389143467204,1385.697704973539,94,LK
543,22,sajad,sa,0,a,1,1,x,0.2301396109096298,6.389151515671534,527.931085323631,1202.689964296478,94,LK
544,23,sajad,jad,1,ɑ,2,0,x,0.0570646709945616,6.381015045247847,541.8025328772347,1197.9662817906835,94,LK
545,24,"sõnumida,",sõ,0,ɵ,1,1,ictus,0.2681825932633153,6.695194873192172,593.2125911242267,962.4189071780804,94,LK
546,25,"sõnumida,",num,1,ʊ,2,0,ictus,0.1472927291945005,6.744966659381831,672.0186033218416,1437.1815905204874,94,LK
547,26,Nüüd,nüüd,0,yyː,3,1,x,0.1897011195181335,8.528005321663828,618.6824572384849,1526.8359077865616,94,LK
548,27,tul´lid,tul´,0,ul,2,1,x,0.2088607668450564,8.820140303945573,818.3984683094641,1509.7511052787136,94,LK
549,28,tul´lid,lid,1,i,2,0,x,0.0811040091185262,8.824805578806371,821.8207686499463,1657.5163319354197,94,LK
550,29,san´dil,san´,0,a,2,1,x,0.1582133734057897,9.010201924798135,1067.7245913928996,2028.1512786337116,94,LK
551,30,"ajal,",a,0,a,1,0,ictus,0.2495957572863076,9.367490179534087,770.124693032729,1429.593404568102,94,LK
552,31,"ajal,","jal,",1,ɑl,3,1,ictus,0.1508348461298538,9.421808680670134,636.0319566689594,1228.6365953407064,94,LK
553,32,kevadisel,ke,0,e,1,1,x,0.2411791213329053,9.639015233668088,724.1114821114037,1881.8702344480955,94,LK
554,33,kevadisel,va,1,ɑ,1,0,x,0.1682298809297435,9.718663894108278,751.1061269993924,1531.129462848733,94,LK
555,34,kehval,keh,0,e,2,1,ictus,0.1281654014706177,10.05450932795794,594.4022840897417,1355.2636165980948,94,LK
556,35,kehval,val,1,a,2,0,x,0.148898039943802,10.25335417876897,927.4848580462856,1516.360277272785,94,LK
557,36,"ajal,",a,0,a,1,0,ictus,0.23224737297841,10.433588784543035,868.7885256215859,1990.8582769047723,94,LK
558,37,"ajal,","jal,",1,ɑl,3,1,ictus,0.1602067518382703,10.51913712683848,512.0006820709312,1134.4245317938876,94,LK
559,38,nüüd,nüüd,0,yyː,3,1,x,0.1946601074292999,12.000792193597102,431.2868059688468,1830.176247039032,94,LK
560,39,sina,si,0,i,1,1,x,0.0346100269971856,11.996237557758802,419.6997673523096,1659.8282676628985,94,LK
561,40,sina,na,1,ɑ,1,0,ictus,0.1006405457549064,12.094405958728196,530.7627210822858,824.3292222718262,94,LK
562,41,riisud,rii,0,iː,2,1,x,0.2268571930783238,12.302072020575444,687.1932297353675,1818.028354641452,94,LK
563,42,riisud,sud,1,u,2,0,x,0.1025940085988033,12.332317885190506,769.8438974882375,1607.053303008793,94,LK
564,43,"riide'eida,",rii,0,iː,2,1,ictus,0.2212569583034422,12.574837291451448,764.7823451747661,1164.9711785041816,94,LK
565,44,kakud,ka,0,a,2,1,x,0.1244413882843851,12.972077405218172,655.0939385692725,1418.9392372245177,94,LK
566,45,kakud,kud,1,u,2,0,x,0.0807187383466256,13.072975828151456,646.397597852537,1448.2143007792888,94,LK
567,46,"kaelakardasida,",kae,0,ae,2,1,x,0.2589726188620957,13.368213652471306,451.8415919022319,1145.6151867380413,94,LK
568,47,"kaelakardasida,",la,1,a,2,0,x,0.1530292747821455,13.416981223555725,459.4629239998049,1289.6642567171834,94,LK
569,48,Võtke,võt,0,ɵ,2,1,ictus,0.0846832514777524,15.343480006267772,830.3189670497039,1580.5285447804492,94,LK
570,49,Võtke,ke,1,e,1,0,x,0.1228800558700804,15.530824904383088,721.0313778369632,1031.740984418306,94,LK
571,50,kinni,kin,0,i,2,1,x,0.1633746197363592,15.680954977358615,523.2328108365431,1120.2594264679856,94,LK
572,51,kinni,ni,1,i,1,0,x,0.1164701260039926,15.77340096500626,567.8424889043097,1206.108436009302,94,LK
573,52,"kuningas,",ku,0,u,1,1,ictus,0.1830979229996217,15.943784595215416,805.7393602454771,1495.7881597633884,94,LK
574,53,"kuningas,",nin,1,ɪ,2,0,ictus,0.1511944934308786,16.019804738146448,753.0779504806942,1402.6853100347807,94,LK
575,54,võtke,võt,0,ɵ,2,1,x,0.0836631674471419,16.539906321718018,1098.3292687845806,1954.9260991127285,94,LK
576,55,võtke,ke,1,e,1,0,ictus,0.127409867798093,16.737810154679906,472.14898554921257,1357.6499866295464,94,LK
577,56,kinni,kin,0,i,2,1,ictus,0.1564811094844742,16.866037742970306,304.30568697844654,1060.2164416545336,94,LK
578,57,kinni,ni,1,i,1,0,x,0.14098793032759,16.987659199351796,974.5150289795546,2251.80563287773,94,LK
579,58,kuningas!,ku,0,u,1,1,x,0.1859181498825322,17.145485127131554,782.8992305782195,1503.9725420997634,94,LK
580,59,kuningas!,nin,1,ɪ,2,0,x,0.154931791568778,17.225274999789477,596.9871903377656,1594.7929803164882,94,LK
581,0,vaesed,vae,0,a,2,1,x,0.089154612301098,0.3449741984688984,425.0176313786745,1333.8951581946642,69,LO
582,1,vaesed,vae,0,e,2,1,ictus,0.1538453876989021,0.4542422800172515,489.7527367534906,810.7939275280416,69,LO
583,2,vaesed,sed,1,e,2,0,ictus,0.0922182270650646,0.5134943924712609,790.7837274689886,1502.8125626536453,69,LO
584,3,öösed,öö,0,øː,2,1,ictus,0.2134013529415794,0.7341369701157029,571.4594660609288,1395.008899033373,69,LO
585,4,öösed,sed,1,e,2,0,x,0.0991869108346419,0.7848873896576837,684.5804682505137,2297.044664439017,69,LO
586,5,"orjad,",or,0,o,2,1,x,0.1171667862928693,0.902808863957268,508.5764609655136,1940.3258571926856,69,LO
587,6,"orjad,","jad,",1,a,2,0,ictus,0.0917777312610252,1.034680532297179,443.6607299688743,2107.9143042295896,69,LO
588,7,öösed,öö,0,øː,2,1,x,0.2428844345979821,2.0418442227397176,788.5716807752909,1939.4082911339392,69,LO
589,8,öösed,sed,1,e,2,0,x,0.0533503382353948,2.0285066381808683,1035.0668470278436,1929.1969398003448,69,LO
590,9,"orjad,",or,0,o,2,1,ictus,0.1708450982512124,2.213391299125606,803.2606435474136,1584.3747669320892,69,LO
591,10,"orjad,","jad,",1,a,2,0,ictus,0.0968729825853227,2.293854373088491,1232.963535822971,1680.8458840809449,69,LO
592,11,päesed,päe,0,æ,2,1,x,0.143203539473955,2.4694802679905714,1192.5137455370802,1958.1165386997668,69,LO
593,12,päesed,päe,0,e,2,1,x,0.073005726006329,2.470884224259923,1155.23486713153,1944.299436772718,69,LO
594,13,päesed,sed,1,e,2,0,x,0.0505424256966895,2.5389761033235194,846.0921705930522,1775.4544658600073,69,LO
595,14,"pärjad,",pär,0,æ,2,1,x,0.0864865789114386,2.6878224918188485,1251.5874907304428,2110.977785372388,69,LO
596,15,"pärjad,","jad,",1,a,2,0,x,0.0979293894303952,2.841099666287638,781.7413681292138,2185.1135445613045,69,LO
597,16,kinnikiilutud,kin,0,i,2,1,x,0.1243570718144555,3.806558028634997,352.8579743793032,1991.4732881667207,69,LO
598,17,kinnikiilutud,ni,1,i,1,0,x,0.1480005488288087,3.9626271110328894,488.0951583894181,2059.166406541891,69,LO
599,18,"sulased,",su,0,u,1,0,ictus,0.1159593400481249,4.5079940464890695,778.7939826049791,1319.8481960504207,69,LO
600,19,"sulased,",la,1,ɑ,1,0,ictus,0.1892419282236002,4.6624152819187685,636.998325521668,1784.8054375626336,69,LO
601,20,raudapandud,rau,0,au,2,1,ictus,0.2501169540857368,5.722714909116172,604.1911615227956,1565.6345696684991,69,LO
602,21,raudapandud,da,1,a,2,0,ictus,0.0807255777737037,5.720729853925016,571.6822699528316,1538.1531102805693,69,LO
603,22,"palgalised,",pal,0,al,2,0,x,0.221242423223801,6.243274396833135,1288.5847211737866,2327.454273544265,69,LO
604,23,"palgalised,",ga,1,a,1,0,x,0.1915085610039355,6.37590648850791,502.4831957909277,1676.1010921991278,69,LO
605,24,teisi,tei,0,ei,2,1,ictus,0.2514403242131759,7.927608970355202,323.2738944610764,2044.0658850222628,69,LO
606,25,teisi,si,1,i,1,0,ictus,0.1442473438907168,7.988483996217339,356.7330099970694,2379.202150828288,69,LO
607,26,teenimä,tee,0,eː,2,1,x,0.2845245773991216,8.24806498185104,575.9188743630388,1349.5279847837708,69,LO
608,27,teenimä,ni,1,i,1,0,x,0.1468940841455932,8.285119345419298,577.0940002851114,1350.3062035608884,69,LO
609,28,endi,en,0,e,2,1,x,0.1257201621065888,9.424852136464402,618.00828852541,2104.481101554289,69,LO
610,29,endi,di,1,i,1,0,ictus,0.0992527595578316,9.565791055036524,939.3996043837458,1616.06657839815,69,LO
611,30,vara,va,0,a,1,1,x,0.2037989996254161,9.798042512401851,650.3693094972912,1735.274929616319,69,LO
612,31,vara,ra,1,ɑ,1,0,x,0.1130352223368973,9.848217653685456,808.9828251593697,1850.2081810006705,69,LO
613,32,vaevama,vae,0,ae,2,1,x,0.2355598826839227,10.08699999389795,470.558876344676,2152.258722222521,69,LO
614,33,vaevama,va,1,a,1,0,x,0.1406781148201972,10.170111508174603,465.77891831648793,2028.0767968817745,69,LO
615,34,Teeni,tee,0,ee,2,1,ictus,0.2699675059973074,11.52127550690226,1040.099508723683,1744.1540901418189,69,LO
616,35,Teeni,ni,1,i,1,0,ictus,0.1058696101950218,11.515320341328788,1037.8290401258105,1762.0704604916325,69,LO
617,36,saksa,sak,0,a,2,1,ictus,0.088665798538333,11.612588045695466,860.5647464499252,1588.8807036886506,69,LO
618,37,saksa,sa,1,a,1,0,ictus,0.0794022076462681,11.75815875971362,491.7819565681205,1730.806458433518,69,LO
619,38,sada,sa,0,a,1,1,ictus,0.2327599107287206,12.019371128182252,617.3903696828128,1306.8714502147266,69,LO
620,39,aastat –,aas,0,aː,2,1,ictus,0.2358750532739399,12.247533003954214,896.9241624927645,1747.5677929744568,69,LO
621,40,aastat –,tat –,1,a,2,0,x,0.092635908920645,12.30737361535443,561.1182574028065,1507.354256436332,69,LO
622,41,saksal,sak,0,a,2,1,x,0.0833723180285801,13.238629951679354,820.2935818299319,1350.6976596730303,69,LO
623,42,saksal,sal,1,al,2,0,ictus,0.1191033114694022,13.41331480850114,794.021755750356,1663.785165522822,69,LO
624,43,sel´gäs,sel´,0,el,2,1,x,0.1667446360571602,13.58249104070998,1870.6804130028363,2262.531419147031,69,LO
625,44,sel´gäs,gäs,1,æ,2,0,x,0.0562842793212325,13.603354644669688,1828.824558229484,2091.181239396535,69,LO
626,45,"siidikuube,",sii,0,iː,2,1,x,0.2356738226081738,13.900021309454832,523.3990069962656,1992.303838871452,69,LO
627,46,"siidikuube,",di,1,i,1,0,x,0.1023551625261554,13.939807824510174,527.0809355486022,1988.6069075192456,69,LO
628,47,vaesellapsel,vae,0,ae,2,1,ictus,0.2205999694687186,15.287709780524697,356.4155356874025,2060.53022679877,69,LO
629,48,vaesellapsel,sel,1,ell,2,0,ictus,0.2033514121851531,15.446578071294343,482.3742785518518,1880.876131259608,69,LO
630,49,vanad,va,0,a,1,1,x,0.2252888473850163,15.83121036227675,444.698040065894,1922.4842313491763,69,LO
631,50,vanad,nad,1,ɑ,2,0,ictus,0.1284006368919357,15.879194143032306,453.0429128335634,1603.0667922723894,69,LO
632,51,"riided,",rii,0,iː,2,1,ictus,0.1619760209844543,16.056514891485538,456.5615994672369,1947.9571287011413,69,LO
633,52,"riided,","ded,",1,e,2,0,ictus,0.079608980802206,16.096950323734436,460.957530451376,2019.3770442438424,69,LO
634,53,orjukesel,or,0,o,2,1,ictus,0.0961114688021425,17.088688389571196,1165.392781875908,1510.5289001938966,69,LO
635,54,orjukesel,ju,1,ju,2,0,ictus,0.1607381461001296,17.24196961136771,1116.4508297004802,1743.083790417747,69,LO
636,55,omad,o,0,o,1,1,x,0.2435928605847337,17.744185457196515,540.0951131153554,1902.3402539194783,69,LO
637,56,omad,mad,1,ɑ,2,0,x,0.101082751671214,17.76572768296251,465.3857273140604,2042.3097612487004,69,LO
638,57,"riided,",rii,0,iː,2,1,x,0.1708357465744185,17.974676598199846,615.4203783126453,2150.646059078051,69,LO
639,58,"riided,","ded,",1,e,2,0,x,0.0894830916433733,18.006912419480773,522.7303152584008,2036.6422864464805,69,LO
640,59,pajupuust,pa,0,a,1,1,x,0.2569546615018794,19.09164667544705,495.7703753577807,1359.6021249106068,69,LO
641,60,pajupuust,ju,1,ʊ,1,0,x,0.1116400732982327,19.10162584090175,560.7083434868129,1426.6509614594488,69,LO
642,61,pastlad,past,0,a,2,1,x,0.1221153575628619,19.482383834745395,663.7703256648849,1677.0233277549355,69,LO
643,62,pastlad,lad,1,a,2,0,ictus,0.1045840493388894,19.634963658459647,834.5253175672972,1601.8184433977106,69,LO
644,63,"jalgas,",jal,0,al,2,1,ictus,0.1927027936354193,19.830442673918185,775.5004282507435,1517.0307718766437,69,LO
645,64,"jalgas,","gas,",1,a,2,0,ictus,0.1053626785344761,19.878964960085376,789.750978293047,2194.735989079164,69,LO
646,65,kuusekoorest,kuu,0,uː,2,1,ictus,0.202407250868859,20.95940343946813,920.7672929447824,1731.3708658247092,69,LO
647,66,kuusekoorest,se,1,e,1,0,ictus,0.0956582213010364,21.01069842770201,961.3464571128771,1960.12083933153,69,LO
648,67,selgas.,sel,0,el,2,1,x,0.2113597188329237,21.76495088737185,508.4744066032514,2135.15648226182,69,LO
649,68,selgas.,gas.,1,a,2,0,x,0.0998382591472051,21.79097256129851,523.0254429149587,2314.355713515383,69,LO
