,word,syll,foot,segment,quantity,stressed,ictus,duration,f1,f2,song,performer,euclid
0,Kelle,kel,0,e,2,1,ictus,0.1591071524618356,469.30622091138457,1315.902305599643,77,LO,141.61217066354644
1,Kelle,le,1,e,1,0,off,0.2802800784691608,603.9457145632364,931.9888241654344,77,LO,485.0789114368752
2,Meie,mei,0,ei,2,1,ictus,0.3941617059142688,507.3558630100301,1682.260594591923,77,LO,273.5891571166844
3,Metu,me,0,e,2,1,ictus,0.1510714376910353,741.7277640418996,1804.3590209582176,77,LO,424.91958344328646
4,olid,o,0,o,1,1,off,0.0879523798315649,509.0453882314418,1044.14360886728,77,LO,376.61283226968675
5,olid,lid,1,ɪ,2,0,off,0.0823328680771897,577.4862215150401,929.4418857800588,77,LO,486.4737531757509
6,oksa,ok,0,o,2,1,ictus,0.143035722920235,852.8408048407856,1309.0345049566329,77,LO,302.68908967831123
7,Metu,me,0,e,2,1,ictus,0.1301785792869552,744.3705004325378,1655.828112564792,77,LO,296.8571116214619
8,oksale?,ok,0,o,2,1,ictus,0.1646411086502173,748.3964430044857,1166.9452415363833,77,LO,306.453170231767
9,oksale?,sa,1,a,1,0,off,0.2089285840407928,811.5689870364024,1363.6847980211646,77,LO,247.50330445163206
10,õita,õi,0,ɵi,2,1,ictus,0.2025000122241547,618.9555550448941,1767.373157994379,77,LO,354.96541501175193
11,Metu,me,0,e,2,1,ictus,0.1147101972447366,731.981425825589,2081.0778809531867,77,LO,684.7514963603087
12,Metu,tu,1,u,1,0,off,0.2187596095244934,558.2888109923972,1193.5556205868131,77,LO,222.5854191894685
13,õuna,õu,0,ɵu,2,1,ictus,0.3070166958966744,504.5224922218825,1199.779726327207,77,LO,225.66731928482253
14,õuna,na,1,a,1,0,off,0.2286896600954051,537.8309880574914,1314.5047539374525,77,LO,106.21773793187347
16,valmis,mis,1,i,2,0,off,0.0958316141742763,303.8824480935433,1787.6326079435903,77,LO,456.9904888866523
17,"saanud,",saa,0,aː,2,1,ictus,0.2375544238686302,645.0163790681653,1457.2860045315413,77,LO,86.02609688583208
18,"saanud,","nud,",1,u,2,0,off,0.1012305783531068,347.13745016101507,1060.21753111242,77,LO,419.49622420613167
19,tuli,tu,0,u,1,1,ictus,0.2086735920829028,535.3053211161988,937.44078762887,77,LO,479.6408210538734
20,tuli,li,1,ɪ,1,0,off,0.1427195216002523,393.79143594641454,2295.599670550551,77,LO,897.1474190480659
21,tõstis,tõs,0,ɵ,2,1,ictus,0.1039300604425257,512.9225633559329,1522.2053235809249,77,LO,120.52497766824743
22,tõstis,tis,1,i,2,0,off,0.0877331679060304,427.4689883043798,2272.0801484457,77,LO,867.9487338190859
23,"torma,",tor,0,o,2,1,ictus,0.1106787656660657,800.0804700945831,1273.0393127815507,77,LO,271.11770137978067
24,"torma,","ma,",1,a,2,0,off,0.1315144794703151,423.57777129916656,1334.7504041417342,77,LO,167.05552272658423
25,raputase,ra,0,a,2,1,ictus,0.1430448022730033,693.0395805932443,1269.8733125460951,77,LO,191.15635262836577
26,meresse.,me,0,e,1,1,ictus,0.2827267435732317,721.1205569393175,1287.7981105872382,77,LO,198.36446771479322
27,meresse.,res,1,ɛ,2,0,off,0.1463683444211483,610.8130816410152,1336.2796959444624,77,LO,89.5999785305989
28,üles,ü,0,y,1,1,ictus,0.2242641700231011,376.9479173943344,1447.5260480622237,77,LO,195.26403623151006
29,üles,les,1,ɛ,2,0,off,0.1319208774307938,611.6254963382813,711.3903676472753,77,LO,705.7126494394502
30,kirju,kir,0,i,2,1,ictus,0.1210183255770047,514.0194006228198,895.7077689945115,77,LO,523.1082507889627
31,kirju,ju,1,u,1,0,off,0.1580870018798705,508.17333841442473,1127.2706340072148,77,LO,295.05202781346605
32,"lindu,",lin,0,i,2,1,ictus,0.1264696015038993,344.4694120471392,1668.5700075770164,77,LO,338.46974870149404
33,lendas,len,0,e,2,1,ictus,0.1326003078689304,734.3520391294235,1091.7795871853168,77,LO,363.5350241511961
34,lendas,das,1,a,2,0,off,0.1170002716490543,758.6915338852814,1746.4905327404458,77,LO,380.87736064071765
35,"läbi,",lä,0,æ,1,1,ictus,0.2535057742641839,783.7731485947688,1739.2903693789738,77,LO,387.9063483903148
36,"läbi,","bi,",1,ɪ,2,0,off,0.1372803187348878,366.5968495114,1701.5822794942846,77,LO,350.5174950964029
37,koppeli.,kop,0,o,3,1,ictus,0.128659533434444,575.3108442460613,853.5859164699921,77,LO,562.2949546606875
38,koppeli.,pe,1,e,1,1,off,0.2074902149526494,557.8764249806229,888.7485977121227,77,LO,527.2344701289721
39,koplis,kop,0,o,2,1,ictus,0.1124719957632649,572.962283016233,1083.2499820784858,77,LO,332.6188836690049
40,koplis,lis,1,i,2,0,off,0.0630405683106616,481.1458284146935,2017.349103603016,77,LO,607.9698433292159
42,kolmi,mi,1,i,1,0,off,0.1567510714846491,559.7957198040666,2302.447618182104,77,LO,886.6499805821198
43,põesast:,põe,0,ɵe,2,1,ictus,0.2146321642128654,576.2380278517303,1588.856902892032,77,LO,173.1310798333242
44,põesast:,sast:,1,a,2,0,off,0.1130946403737027,667.2458717171055,1430.669806759834,77,LO,98.73814550192095
45,oli,o,0,o,1,1,off,0.0868795882936481,495.53341599148,1359.6131439553635,77,LO,93.01892679148412
46,oli,li,1,ɪ,1,0,off,0.0762373196502963,385.6494153769185,1108.6861303455596,77,LO,358.0479039347201
47,põesas,põe,0,ɵe,2,1,ictus,0.2000991563628318,587.6452727391047,1571.7414327156723,77,LO,156.92728120701165
48,põesas,sas,1,a,2,0,off,0.167458868445486,876.3109067966886,1601.771075459539,77,LO,358.63845825503694
49,"õbepõesas,",õ,0,ɵ,1,0,ictus,0.2541691766159957,571.7229381310057,1399.1595673308432,77,LO,16.823771109764763
50,"õbepõesas,",be,1,ɛ,2,0,off,0.1660397254925598,528.9079795085843,1235.9462050436434,77,LO,184.45620653897288
51,põesas,põe,0,ɵe,2,1,ictus,0.2133044721671808,578.0236245870309,1629.8618363513565,77,LO,214.1744034837562
52,põesas,sas,1,a,2,0,off,0.0841476358090744,645.6868165017123,1318.2536040759835,77,LO,123.7365547308361
53,"vaskepõesas,",vas,0,a,2,0,ictus,0.1230451848093068,763.3273691644954,1610.4997042119471,77,LO,274.6050517691044
54,"vaskepõesas,",ke,1,e,2,0,off,0.1691673123636619,535.7424684523208,658.5671167496112,77,LO,758.0426650933092
56,kolmas,mas,1,a,2,0,off,0.1167057586068054,801.0956904965373,1204.333846760199,77,LO,313.5574057967191
57,pesa,pe,0,e,1,1,ictus,0.2010830670550163,550.542372148299,1678.7246318241453,77,LO,263.5642847846189
58,pesa,sa,1,ɑ,1,0,off,0.119863674877223,760.1110914841424,1470.306178619863,77,LO,198.11574754828865
59,"pesitama,",pe,0,e,1,1,ictus,0.2576209469494372,713.2103574905306,2191.22080497393,77,LO,788.551249765976
60,"pesitama,",si,1,ɪ,2,0,off,0.1033124789705226,353.4218408920733,1550.8501676249018,77,LO,254.88951894729811
61,korjama.,kor,0,o,2,1,ictus,0.1313107437667895,643.7509269153632,943.2812094471276,77,LO,478.34903159990165
62,korjama.,ja,1,a,1,0,off,0.1491347169764907,861.6845435772103,1374.306974916369,77,LO,294.99872622145614
63,pesa,pe,0,e,1,1,ictus,0.22287224419496,553.7521375016495,1248.6012535140362,77,LO,168.00247903180644
64,pesa,sa,1,ɑ,1,0,off,0.1405500639067298,960.4259324549524,1283.932309341856,77,LO,412.46515144549466
66,valmis,mis,1,i,2,0,off,0.0940809920481484,421.8152219201344,1300.3733118719078,77,LO,187.57226876080165
67,"saanud,",saa,0,aː,2,1,ictus,0.2505329718527207,872.6660066920683,1493.4529766926232,77,LO,312.81814889553175
68,"saanud,","nud,",1,u,2,0,off,0.1052205053598172,314.6405636047397,1126.460494607127,77,LO,385.7007185800656
69,mune,mu,0,u,1,1,ictus,0.174572352971289,696.2600330295256,1326.7095319340226,77,LO,154.8631834487492
70,mune,ne,1,ɛ,1,0,off,0.1987779475252367,568.6677926012543,918.817182476918,77,LO,497.0358733123162
71,munema;,mu,0,u,1,1,ictus,0.2188565280833359,398.4051629949872,814.5492968750366,77,LO,625.2052802276202
72,munema;,ne,1,ɛ,1,0,off,0.1884935418485653,650.412375486929,739.6368604795166,77,LO,681.023896573126
73,munad,mu,0,u,1,1,ictus,0.1566129283532191,537.8947071619014,1068.5301702231232,77,LO,348.76842500602754
74,munad,nad,1,ɑ,2,0,off,0.1325186316834887,628.4955905516875,1406.6333653332067,77,LO,59.58712563919011
75,"munetud,",mu,0,u,1,1,ictus,0.1827150830787545,629.397514311862,776.5740423958339,77,LO,642.0662906237715
76,"munetud,",ne,1,ɛ,2,0,off,0.1345264897393008,646.5011479632207,1220.2236273092442,77,LO,210.1911391068502
77,akkas,ak,0,a,3,1,ictus,0.1224793414044427,885.9329037900558,1259.7409869742355,77,LO,352.7333372238434
78,akkas,kas,1,a,2,0,off,0.078306464176606,765.6420087594487,946.02209777568,77,LO,509.0801256251163
79,poegi,poe,0,oe,2,1,off,0.2549979730879315,563.0331224627018,1462.2636025495424,77,LO,46.877386329728516
80,poegi,gi,1,i,1,0,off,0.1076389616133326,457.81656666837625,784.2244165392325,77,LO,641.4475033071883
81,pojad,po,0,o,1,1,off,0.272863217973466,733.426060516912,992.0136644991186,77,LO,454.38919195369635
82,pojad,jad,1,ɑ,2,0,off,0.1153353707398281,742.7286617311732,1567.9294906098,77,LO,230.41720267332445
83,"audunud,",au,0,au,2,1,ictus,0.3135556798916994,714.8208553185282,1137.76073969136,77,LO,313.71387642265177
84,"audunud,",du,1,u,1,0,off,0.2037092262417843,489.8110979987328,948.1521012072786,77,LO,474.4615079573286
85,neida,nei,0,ei,2,1,ictus,0.2584135586380256,617.1038843327434,2154.4170131850046,77,LO,740.0893471380007
86,neida,da,1,a,1,0,off,0.1284604115692786,691.2188031507509,921.4324262002018,77,LO,509.1519210359349
87,"kasvatama,",kas,0,a,2,1,ictus,0.1256668675568448,854.7502319383758,1169.028194563902,77,LO,377.1179365509908
88,"kasvatama,",va,1,a,2,0,off,0.1292067793190199,700.401110602024,1061.8991140738071,77,LO,377.33922872668205
89,"kasvatama,",kas,0,a,2,1,ictus,0.1463812857579824,708.4825153960028,1255.961260707245,77,LO,211.76932988587265
90,"kasvatama,",va,1,a,2,0,off,0.1150471322703623,678.4925718809684,1110.9682011489176,77,LO,323.7377992340384
91,kangutama,kan,0,a,2,1,ictus,0.1946951469190594,799.1850499667836,1036.8212161379577,77,LO,443.1273366319767
92,kangutama,gu,1,u,2,0,off,0.1097372646270997,411.2003135322197,925.5593780842936,77,LO,515.2529989260729
93,pojad,po,0,o,1,1,ictus,0.2576884753462565,658.9145061222996,1068.5979774633222,77,LO,358.5497209113976
94,pojad,jad,1,ɑ,2,0,off,0.1037876122144325,699.1182666611489,1025.6353845583665,77,LO,411.1415595309106
95,"kasvatud,",kas,0,a,2,1,ictus,0.1432629561103766,942.5875802711532,1158.203493966647,77,LO,453.3025833520564
96,"kasvatud,",va,1,a,2,0,off,0.1139057753342172,662.6062902604435,1063.7912183591354,77,LO,364.13217269600824
97,akkas,ak,0,a,3,1,ictus,0.1291373697685855,823.3248013604218,1179.3911869235662,77,LO,346.8096145134673
98,akkas,kas,1,a,2,0,off,0.0720000000000027,674.5316801942581,1013.5022249767632,77,LO,415.801238117264
99,neida,nei,0,ei,2,1,ictus,0.241001238907728,490.7975391154909,1672.893945383203,77,LO,268.8575922740855
100,neida,da,1,a,1,0,off,0.1577454792265058,765.5728904141204,1491.0277957695314,77,LO,209.8728221224551
101,peale,pea,0,ea,2,1,ictus,0.2544087924216569,704.2265675530726,1484.3241913224454,77,LO,151.01576481176
102,peale,le,1,e,1,0,off,0.2424552322419231,678.0771808620693,1950.367210021168,77,LO,545.4063141460524
104,"taevudes,",tae,0,ae,2,1,off,0.3322711876417372,727.2009572543852,1311.1439628894234,77,LO,189.19222457969934
105,"taevudes,",vu,1,u,1,0,ictus,0.1374779240465926,459.2907296665951,950.2143404441676,77,LO,478.5315080038789
106,kiviks,ki,0,i,1,0,ictus,0.2475014966032773,358.5724903020139,1241.1188124261298,77,LO,273.9986805479792
107,kiviks,viks,1,ɪ,3,1,off,0.0815467358750652,362.49643934845767,1657.8628444934034,77,LO,318.5463864822057
108,peale.,pea,0,ea,2,1,ictus,0.2546547190484602,662.0115695479233,1356.1380734995157,77,LO,110.00399918390751
110,"kul´likene,",li,1,i,2,0,off,0.1543827770318955,598.3386037770322,1899.8674742710475,92,LK,471.0163732250303
111,mis,mis,0,i,3,1,ictus,0.1625982234707996,661.9235303441334,1356.112457365561,92,LK,88.43590827742398
112,see,see,0,eeː,3,1,off,0.2002483612435299,614.9608074955822,1666.8598469420867,92,LK,241.4618722247921
114,kul´li,li,1,i,1,0,off,0.2098455948817839,617.4468307939469,2406.151184526856,92,LK,970.537926048122
115,meile,mei,0,ei,2,1,ictus,0.1941539041904469,571.8772716819909,1487.200635374971,92,LK,131.21031611668576
116,meile,le,1,e,1,0,off,0.2598290864416572,695.0278440745266,1930.7866066736708,92,LK,492.16991711246857
117,otsib,ot,0,oi,2,1,off,0.1753843454296904,683.5559395185759,1335.174237933911,92,LK,103.9463455494298
118,otsib,sib,1,i,2,0,ictus,0.1008848004684059,643.6794955541891,1693.871569351234,92,LK,260.1201405943289
119,küla,kü,0,y,1,1,off,0.2948940321384166,480.661575592487,1677.7963106056327,92,LK,320.34034339815304
120,küla,la,1,ɑ,1,0,ictus,0.1990007868917125,806.844767010724,1446.5864163518606,92,LK,113.36307029871118
121,"kanusida,",ka,0,a,1,1,off,0.3430282975588179,805.2930690490804,1383.0829144188488,92,LK,124.59271034622482
122,"kanusida,",nu,1,ʊ,1,0,ictus,0.1840000000000001,678.3432422742155,1082.410007544057,92,LK,356.5418633269336
123,talu,ta,0,a,1,1,ictus,0.3443100419551967,816.6671600439787,1274.308844985728,92,LK,205.19079525382662
124,talu,lu,1,ʊ,1,0,off,0.22073855104607,630.5130711139043,1136.3304180827097,92,LK,308.83395300917806
125,"anisida,",a,0,a,1,1,ictus,0.3704565308313441,1047.6501001556196,1351.6614299035252,92,LK,364.41492038407716
126,"anisida,",ni,1,ɪ,1,0,off,0.2359334271602975,458.676276470051,1155.9520227359344,92,LK,367.648700496696
127,mõisa,mõi,0,ɵi,2,1,ictus,0.3025825605985268,460.9036779796428,1577.5023672426858,92,LK,271.1306192178236
128,mõisa,sa,1,a,1,0,off,0.2000111814868894,813.046617329413,1335.630153150105,92,LK,157.59239779339526
129,paari,paa,0,aː,2,1,ictus,0.3056045845102186,802.9039725577409,1293.6926776820603,92,LK,181.42600330391775
130,paari,ri,1,i,1,0,off,0.146967921930555,514.1052143374209,1305.4285201768423,92,LK,223.64281751186059
131,"partisida,",par,0,a,2,1,ictus,0.1302292263537854,896.56813964814,1415.3743458624772,92,LK,204.1337351642569
132,"partisida,",ti,1,i,1,0,off,0.1922142554285866,431.6938588673677,1731.7905259848917,92,LK,393.22982363382266
133,kõrtsi,kõrt,0,ɵ,2,1,ictus,0.159989239645748,664.509359951048,1624.931404169962,92,LK,188.59556659321953
134,kõrtsi,si,1,i,1,0,off,0.1775486458553405,549.2630670405558,1751.1449855780118,92,LK,344.3150910118421
135,kirju,kir,0,i,2,1,ictus,0.156404878278435,404.64908873795474,1557.3685328182498,92,LK,312.5506884617615
136,kirju,ju,1,u,1,0,off,0.1755307947535698,596.9395974871181,1192.6026244795569,92,LK,264.382891537928
138,kalkunid.,ku,1,u,1,0,off,0.2614233718412002,541.4037287777537,923.158223376319,92,LK,537.5055108419374
139,Kuidas,kui,0,ui,2,1,ictus,0.3322013146929237,674.8088235927094,1719.8163635883832,92,LK,281.8360641224628
140,Kuidas,das,1,a,2,0,off,0.1220286767275027,784.3939396581085,1516.8423928959546,92,LK,119.72109589883739
142,kul´li,li,1,i,1,0,off,0.189822386020559,577.3857338504891,1719.0942010708554,92,LK,303.66128224021264
143,Nii,nii,0,iiː,3,1,ictus,0.2886728990320364,506.7968882093168,2556.0444583982944,92,LK,1132.9594707074289
144,kui,kui,0,uiː,3,1,off,0.2291941598704809,659.9429564663325,1863.958146701208,92,LK,426.68220417215457
145,mõisa,mõi,0,ɵi,2,1,ictus,0.2925341118564297,483.84162064629663,1314.928725235735,92,LK,243.65080045170723
146,mõisa,sa,1,a,1,0,off,0.2290125966296798,831.0228710252894,1418.547015455071,92,LK,138.72052164013124
147,mõõduvakk.,mõõ,0,ɵː,2,1,ictus,0.3640256352485167,879.9839789191633,1399.4829380140798,92,LK,190.2897138402454
148,mõõduvakk.,du,1,u,1,0,off,0.205293526855268,713.0448202482314,919.3012903722496,92,LK,519.6748970459477
150,kul´li,li,1,i,1,0,off,0.2426746069840746,591.6220880633541,1608.1836320695245,92,LK,197.9519463063432
152,silmakesed?,ma,1,a,2,0,off,0.1383213726667875,929.710884498716,1381.6639826461874,92,LK,242.7254347255759
154,kulla,la,1,a,1,0,off,0.2148177763499212,957.700427495996,1450.9408296183858,92,LK,264.2258464457135
155,karbikes,kar,0,a,2,1,ictus,0.199955487022887,842.7655831015177,1364.4471383567377,92,LK,166.44341089871395
156,karbikes,bi,1,i,2,0,off,0.1604294023788242,419.1759165567439,1846.9146882728703,92,LK,492.04012573480287
157,Kuidas,kui,0,ui,2,1,ictus,0.3312108096431565,680.920270239071,1571.454217809129,92,LK,133.4551926625094
158,Kuidas,das,1,a,2,0,off,0.1288167836472951,789.4257457883284,1385.1236690258438,92,LK,109.60481369765225
159,nokakene?,no,0,o,2,1,ictus,0.1913930606437617,724.0155136526171,1143.5116954493617,92,LK,296.65331403962233
160,nokakene?,ka,1,a,2,0,off,0.1506043755885358,844.5884509869238,1350.2826007926658,92,LK,174.7907157693769
161,talu,ta,0,a,1,1,ictus,0.3459004590567858,775.5689930482829,1253.3059363773489,92,LK,202.56616262919093
162,talu,lu,1,ʊ,1,0,off,0.1721871682769133,580.1336202596124,1236.1640446839758,92,LK,232.16192264294494
163,taarinaga.,taa,0,aː,2,1,ictus,0.3784447981184442,849.7725891618179,1421.9773408200813,92,LK,156.89551442700218
164,taarinaga.,ri,1,i,1,0,off,0.1753435736329294,729.6529183550863,804.3599926944837,92,LK,635.2729923662217
165,Kuidas,kui,0,ui,2,1,ictus,0.3191472115384641,656.357305162365,1579.8995282974024,92,LK,146.14888795923278
166,Kuidas,das,1,a,2,0,off,0.0995623798601386,766.3275166687175,1394.5889949863408,92,LK,84.87829203461915
168,kul´li,li,1,i,1,0,off,0.2122537425234156,594.1076386088687,1446.2534608628312,92,LK,99.94649680769365
169,küinekesed?,küi,0,yi,2,1,ictus,0.3038858690989841,499.5830006974774,1443.4457671411355,92,LK,194.23907276976993
170,küinekesed?,ne,1,e,2,0,off,0.1399186735419846,675.7991350718619,1483.8392833001417,92,LK,48.658020964835906
171,küla,kü,0,y,1,1,ictus,0.3335408939777906,506.91818885525134,1633.83878259626,92,LK,270.2252173698158
172,küla,la,1,ɑ,1,0,off,0.2313408526538722,733.6508699890525,1374.1540392786153,92,LK,75.80738124515058
173,kajukooku.,ka,0,a,1,1,ictus,0.3884469583064316,736.2258216487209,1551.429403794386,92,LK,120.53842119646428
174,kajukooku.,ju,1,ʊ,1,0,off,0.2438906250817538,539.7574550622614,1285.098471089234,92,LK,217.45290592277743
176,kul´li,li,1,i,1,0,off,0.2098593750703514,600.8868521258572,1237.5200070710953,92,LK,221.50922661494943
177,sabakene?,sa,0,e,1,1,ictus,0.2876613274561705,572.2855943893843,1358.8104770963369,92,LK,145.34726287539084
178,sabakene?,ba,1,e,2,0,off,0.2021677795166923,589.210718813664,1372.3575301417773,92,LK,123.77995840975422
179,mõisa,mõi,0,ɵi,2,1,ictus,0.3038782757383416,408.40652462450566,1435.5282246948757,92,LK,285.3722816363924
180,mõisa,sa,1,a,1,0,off,0.1931861437560158,761.6251996330091,1437.1506672615324,92,LK,67.87899236295905
181,tuuliluuda,tuu,0,uː,2,1,ictus,0.4014076375824942,868.5153549193453,1033.9939537188427,92,LK,440.7488901690068
182,tuuliluuda,li,1,i,1,0,off,0.1758817917322588,400.2941362313135,1446.8997547611837,92,LK,293.58476395495273
183,"Laula,",lau,0,au,2,1,ictus,0.2880196135338418,569.270397804369,983.5974098743488,55,LO,432.25486865332374
184,"Laula,","la,",1,a,2,0,x,0.1500317857723632,618.5033835217334,1195.748068638646,55,LO,225.46575518702602
185,"laula,",lau,0,au,2,1,ictus,0.2283398737925954,591.474530585654,1075.4169126431036,55,LO,341.13560536291635
186,"laula,","la,",1,a,2,0,x,0.1210893270112247,593.029151841971,1013.1914080009324,55,LO,403.3402668759906
187,"suukene,",suu,0,uː,2,1,ictus,0.3598082859762108,399.9662796748486,791.8321234468083,55,LO,646.6725291504392
188,"suukene,",ke,1,e,1,0,x,0.2924511441994939,620.5213244773856,944.5225230103472,55,LO,474.06955644656256
189,"liigu,",lii,0,iː,2,1,ictus,0.2133514841649413,392.91296461721936,1845.771677031082,55,LO,464.82069468874516
190,"liigu,","gu,",1,u,2,0,x,0.1248924473445942,454.73381034570986,1001.4629983915682,55,LO,430.0215666035033
191,linnu,lin,0,i,2,1,ictus,0.1340733370435423,408.9279576855647,1337.347037557898,55,LO,178.84876342057348
192,linnu,nu,1,u,1,0,x,0.1470985480161708,452.3792985098818,885.3351329584635,55,LO,543.3185560612857
193,"keelekene,",kee,0,eː,2,1,ictus,0.2554255830599166,532.5988579682295,820.1584273271259,55,LO,596.8433566668695
194,"keelekene,",le,1,e,2,0,x,0.1482806854562888,683.4900846975991,891.7577833903761,55,LO,536.320741733282
195,"mõlgu,",mõl,0,ɵ,2,1,ictus,0.1110618446149844,691.2576332830442,1389.9362043849164,55,LO,124.36202252508672
197,"mõlgu,","gu,",1,u,2,0,x,0.0914404953452621,314.36864666057335,827.1653693639734,55,LO,641.6450520590739
198,marja,mar,0,a,2,1,ictus,0.0779416149167939,712.6186113922619,1477.5331764789423,55,LO,155.7288197092409
199,marja,ja,1,a,1,0,x,0.1637581056487089,705.7724941609957,1214.7773256563632,55,LO,242.83115866945266
200,"meelekene,",mee,0,eː,2,1,ictus,0.2736973466698842,556.1223655855288,799.8772653885144,55,LO,616.1228629793732
201,"meelekene,",le,1,e,2,0,x,0.1492894618199365,529.1687506833536,811.0677392955528,55,LO,606.1360766354056
202,"ilutse,",i,0,i,1,1,ictus,0.2415479826595046,404.75093655923473,1613.5971527195918,55,LO,257.4623240506017
203,"ilutse,",lut,1,ʊ,2,0,x,0.0883097828648882,450.43769855857215,1502.9821250430737,55,LO,147.63964299669755
204,südämekene!,sü,0,y,1,1,x,0.0978518894233069,453.40327119101966,1732.3890207822074,55,LO,337.1992027833173
205,südämekene!,dä,1,æ,1,0,ictus,0.2070212942570304,754.0788322117078,1260.9803229259564,55,LO,240.84883164826493
206,vait,vait,0,a,3,1,ictus,0.2246113275194741,523.7696170296771,959.2088408994974,55,LO,458.93996857876243
207,musta,mus,0,u,2,1,ictus,0.1480387926508903,629.1130755265638,811.6817372676965,55,LO,607.0919120960529
208,musta,ta,1,a,1,0,x,0.1656807213087638,715.1980748159641,1222.9008248868693,55,LO,241.70532404272157
210,valge,ge,1,e,1,0,x,0.1188912583465686,529.640183386269,597.6623377495132,55,LO,819.1662822016561
211,lauade,lau,0,au,2,1,ictus,0.2439470468791214,673.2928331267963,1276.4626715925192,55,LO,173.71313638619574
212,"vahele,",va,0,a,1,1,x,0.1994118637139728,575.5654159067744,997.7305013442584,55,LO,418.1638149000699
213,"vahele,",he,1,ɛ,1,0,ictus,0.2819326470740115,711.5014486118986,1879.75330828937,55,LO,485.1112974641525
214,kena,ke,0,e,1,1,ictus,0.256958526103876,668.2129402654643,2200.0822283413727,55,LO,790.4025853988946
215,kena,na,1,ɑ,1,0,x,0.1296298236165824,739.8668681229686,1702.98656589896,55,LO,333.80858057168757
216,kirstu,kirs,0,i,2,1,ictus,0.1135219757115599,579.8819129098508,2140.031865267694,55,LO,724.2523533198743
217,kirstu,tu,1,u,1,0,x,0.1004822893122607,486.11406937365024,1056.7645535757024,55,LO,368.6707418668058
218,keske'elle!,kes,0,e,2,1,ictus,0.1733511250730615,590.8735107108465,1125.2874950293017,55,LO,291.3404695553873
219,keske'elle!,ke,1,e,1,0,x,0.1728523283237457,657.4239100257437,2004.882978213,55,LO,595.5382666821151
220,miks,miks,0,i,3,1,ictus,0.1039651386468509,489.4635707556296,1196.1127158526597,94,LK,317.091226250198
221,sa,sa,0,a,3,1,x,0.1253408207561972,929.95936951364,1546.3080203746345,94,LK,259.5885857118268
223,mullu,lu,1,u,1,0,x,0.1479170694118292,565.5404328044591,1088.7435913611357,94,LK,372.62999539780327
224,meile,mei,0,ei,2,1,ictus,0.2359466430951706,755.8427074168636,1510.4670776538942,94,LK,94.95393212564568
226,"tulnud,","nud,",1,u,2,0,x,0.1349269262904133,499.15728265636056,1029.8894816591396,94,LK,452.6922646190556
227,murumullu,mu,0,u,1,1,ictus,0.1056258555423372,674.5308324513782,1072.731537989071,94,LK,366.39183387483774
228,murumullu,ru,1,ʊ,1,0,x,0.1996561035301622,565.1770489342106,1101.5984924797024,94,LK,360.71660807991805
229,"käinud,",käi,0,æi,2,1,ictus,0.2040605300760258,710.4132018463602,1722.9358241023192,94,LK,284.8046781994101
230,"käinud,","nud,",1,u,2,0,x,0.0966424067685647,524.6373248120842,1190.8830047299682,94,LK,299.9599412830562
231,käsud,kä,0,æ,1,1,ictus,0.2206604702149288,901.3811648106964,1378.550634512292,94,LK,216.13378431896552
232,käsud,sud,1,ʊ,2,0,x,0.1328247490614131,519.5272546590966,1114.5037387192588,94,LK,367.97830481716915
233,järele,jä,0,æ,1,1,ictus,0.2249901219272452,835.0184860198221,1474.928463212746,94,LK,145.84855225673277
234,järele,re,1,ɛ,1,0,x,0.1939596181300569,705.8808985997756,1357.082077270457,94,LK,82.43193736228005
235,ja,ja,0,a,3,1,x,0.1241099773242631,822.1907862194247,1301.7699004795145,94,LK,187.6737138885689
236,sõitsid,sõit,0,ɵii,2,1,ictus,0.1547510522903206,621.9875396169784,1522.378158512645,94,LK,110.30546234833538
237,sõitsid,sid,1,i,2,0,x,0.0910772864701439,576.753637476277,2003.543486791431,94,LK,576.9154373012082
238,sajad,sa,0,a,1,1,ictus,0.2301396109096298,888.4886893083875,1419.7890544866475,94,LK,195.63485178725813
239,sajad,jad,1,ɑ,2,0,x,0.0570646709945616,856.7658054175184,1316.5263548606704,94,LK,203.65820194198784
240,"sõnumida,",sõ,0,ɵ,1,1,ictus,0.2681825932633153,665.8362348085502,1502.7393776395002,94,LK,69.9382797261704
241,"sõnumida,",num,1,ʊ,2,0,x,0.1472927291945005,506.5664747785111,1116.673225454751,94,LK,372.41218437225825
243,tul´lid,lid,1,i,2,0,x,0.0811040091185262,538.939338693976,2543.545980749197,94,LK,1115.7218387565429
244,san´dil,san´,0,a,2,1,ictus,0.1582133734057897,912.3577152659144,1563.2065884340236,94,LK,251.60741447349469
245,kevadisel,ke,0,e,1,1,ictus,0.2227198125355087,747.2401709777739,1619.8291627481954,94,LK,188.9372309114446
246,kevadisel,va,1,ɑ,1,0,x,0.1682298809297435,792.7522604824701,1366.9518546973152,94,LK,122.20940454926986
247,kehval,keh,0,e,2,1,ictus,0.1214334830495964,622.6858182227604,1451.693263459013,94,LK,72.26886312472861
248,nüüd,nüüd,0,yyː,3,1,ictus,0.1617347115162637,525.6010524623863,1411.1768257067222,94,LK,170.38534311592318
249,riisud,rii,0,iː,2,1,ictus,0.2268571930783238,451.98721985519154,2077.3815755952687,94,LK,682.9887122795283
250,riisud,sud,1,u,2,0,x,0.1025940085988033,543.6277220877256,1292.8384212714918,94,LK,209.26562584135536
251,"riide'eida,",rii,0,iː,2,1,ictus,0.2212569583034422,369.16953520154425,1872.2831895123247,94,LK,541.6876763591476
252,kakud,ka,0,a,2,1,ictus,0.1244413882843851,831.4237243510951,1429.9873074788673,94,LK,137.93195378432495
253,kakud,kud,1,u,2,0,x,0.0807187383466256,532.6117992251369,1166.142880874356,94,LK,316.5632242997161
254,"kaelakardasida,",kae,0,ae,2,1,ictus,0.2589726188620957,734.3923371526167,1662.2578798325442,94,LK,227.30040061664477
255,"kaelakardasida,",la,1,a,2,0,x,0.1530292747821455,920.2386940809494,1303.4053351969987,94,LK,263.7692348271032
256,Võtke,võt,0,ɵ,2,1,ictus,0.0846832514777524,598.1281153655741,1450.1610932835129,94,LK,96.32803342363486
257,Võtke,ke,1,e,1,0,x,0.1228800558700804,540.5356414861408,1423.5875927016343,94,LK,153.96188743070985
258,kinni,kin,0,i,2,1,ictus,0.1633746197363592,466.1097707927244,1639.702936216839,94,LK,303.74429355217967
259,kinni,ni,1,i,1,0,x,0.1164701260039926,550.6356575522266,1168.6403950979166,94,LK,305.5703682775102
260,"kuningas,",ku,0,u,1,1,ictus,0.1830979229996217,669.7980242357091,975.1365226161092,94,LK,464.1009046409048
261,"kuningas,",nin,1,ɪ,2,0,x,0.1511944934308786,608.2266739004024,992.5595688396462,94,LK,454.1857681037965
262,võtke,võt,0,ɵ,2,1,ictus,0.0836631674471419,767.3695049824972,1502.6003253373474,94,LK,97.5282063162194
263,võtke,ke,1,e,1,0,x,0.127409867798093,556.1595304749197,1368.7428127751875,94,LK,154.32772446351382
264,kinni,kin,0,i,2,1,ictus,0.1564811094844742,689.0201658795764,1708.3368503536158,94,LK,269.76021356291625
265,kinni,ni,1,i,1,0,x,0.14098793032759,549.6614782034261,1556.6860935389816,94,LK,186.29273191702342
266,kuningas!,ku,0,u,1,1,ictus,0.1859181498825322,706.473058781903,965.1925890077756,94,LK,473.5963357444563
267,kuningas!,nin,1,ɪ,2,0,x,0.154931791568778,472.8555246952295,901.126218919678,94,LK,581.1174235534935
268,vaesed,vae,0,a,2,1,ictus,0.089154612301098,722.9277587987921,1894.3538303767068,69,LO,502.45928532298353
269,vaesed,vae,0,e,2,1,ictus,0.1538453876989021,701.2378330397318,2083.414680395448,69,LO,680.4127094461294
270,vaesed,sed,1,e,2,0,x,0.0922182270650646,470.3690404153605,2025.528473597832,69,LO,617.7031376506312
271,öösed,öö,0,øː,2,1,ictus,0.2134013529415794,441.73613368843456,1943.1354426917453,69,LO,542.5711778075416
272,öösed,sed,1,e,2,0,x,0.0991869108346419,655.6224877084333,2153.770535647448,69,LO,742.9124996830684
273,"orjad,",or,0,o,2,1,ictus,0.1171667862928693,867.5281874260783,1023.2636451260616,69,LO,492.8199368563646
274,"orjad,","jad,",1,a,2,0,x,0.0917777312610252,1505.78992691648,2037.1791759465923,69,LO,1123.5881679040224
275,öösed,öö,0,øː,2,1,ictus,0.2428844345979821,344.3242984931224,1981.1742063361253,69,LO,608.5637692536286
276,öösed,sed,1,e,2,0,x,0.0533503382353948,498.35355487181687,2083.530012379,69,LO,671.47114561499
277,"orjad,",or,0,o,2,1,ictus,0.1708450982512124,805.306196810464,1360.3687247733346,69,LO,242.12312665731224
278,"orjad,","jad,",1,a,2,0,x,0.0968729825853227,769.3040532543887,1826.9815437946413,69,LO,457.0544342391838
279,päesed,päe,0,æ,2,1,ictus,0.143203539473955,785.5886230566558,2158.1410474533304,69,LO,773.0670922361843
280,päesed,päe,0,e,2,1,x,0.073005726006329,694.8361221951795,2023.2765334109315,69,LO,620.1951318036897
281,päesed,sed,1,e,2,0,x,0.0505424256966895,416.0915821164395,1849.889593483105,69,LO,460.392556394766
282,"pärjad,",pär,0,æ,2,1,ictus,0.0864865789114386,855.010404024102,1887.6650260928648,69,LO,551.4088492213876
283,"pärjad,","jad,",1,a,2,0,x,0.0979293894303952,1494.4222349128677,1908.0953893102576,69,LO,1047.6410052388003
284,kinnikiilutud,kin,0,i,2,1,ictus,0.1243570718144555,321.54350554393227,2177.479318344818,69,LO,801.0123890365115
285,kinnikiilutud,ni,1,i,1,0,x,0.1480005488288087,337.103807192438,2153.3196728547723,69,LO,773.2560373446463
286,"sulased,",su,0,u,1,0,x,0.1159593400481249,469.7829270399912,1488.8120471432378,69,LO,123.65989413258131
287,"sulased,",la,1,ɑ,1,0,ictus,0.1892419282236002,912.7979501356558,1756.952986304062,69,LO,483.8562236254697
288,raudapandud,rau,0,au,2,1,ictus,0.2501169540857368,723.1974798065952,1258.2152551883416,69,LO,220.0763813426641
289,raudapandud,da,1,a,2,0,x,0.0807255777737037,1043.6437751730543,1366.0312245997052,69,LO,476.62885360688045
291,"palgalised,",ga,1,a,1,0,x,0.1915085610039355,1012.4587442635708,1548.9975555901617,69,LO,462.4160759141736
292,teisi,tei,0,ei,2,1,ictus,0.2514403242131759,490.17003988589727,2171.8010893264263,69,LO,760.1131889910907
293,teisi,si,1,i,1,0,x,0.1442473438907168,443.903961725887,1945.6806191095704,69,LO,544.5403863984949
294,teenimä,tee,0,eː,2,1,ictus,0.2845245773991216,457.4096117175415,1916.3624407225564,69,LO,512.9357321154349
295,teenimä,ni,1,i,1,0,ictus,0.1468940841455932,396.8636419598752,2308.9126950723985,69,LO,909.6174845771831
296,endi,en,0,e,2,1,ictus,0.1257201621065888,516.2765602380315,2124.530798432204,69,LO,710.683899049734
297,endi,di,1,i,1,0,x,0.0992527595578316,455.5106247785259,2123.555157829132,69,LO,716.8443830248666
298,vara,va,0,a,1,1,ictus,0.2037989996254161,955.0409603156464,1493.9794205279045,69,LO,393.253910373639
299,vara,ra,1,ɑ,1,0,x,0.1130352223368973,1367.6589766294935,1891.2420493390457,69,LO,928.8984640978962
300,vaevama,vae,0,ae,2,1,ictus,0.2355598826839227,854.6543660840335,2160.1939992835883,69,LO,797.0483288489734
301,vaevama,va,1,a,1,0,ictus,0.1406781148201972,870.1448458855936,1565.477016907308,69,LO,335.7070745668244
302,Teeni,tee,0,ee,2,1,ictus,0.2699675059973074,477.3277212246952,1999.40935731006,69,LO,590.8112977503154
303,Teeni,ni,1,i,1,0,x,0.1058696101950218,337.23820566661755,2364.687573482141,69,LO,976.8790801216805
304,saksa,sak,0,a,2,1,ictus,0.088665798538333,1011.6094120005008,1696.1086405112442,69,LO,523.3480016543201
305,saksa,sa,1,a,1,0,x,0.0794022076462681,796.6736256183226,1896.373260446888,69,LO,531.4614021734702
306,sada,sa,0,a,1,1,ictus,0.2327599107287206,808.2704392095393,1142.4430582137006,69,LO,362.91009288740463
307,aastat –,aas,0,aː,2,1,ictus,0.2358750532739399,1383.64361846899,1518.1471333891943,69,LO,820.4200784241683
308,aastat –,tat –,1,a,2,0,x,0.092635908920645,1276.0390937208622,1972.9044695939333,69,LO,899.6259776398553
309,saksal,sak,0,a,2,1,ictus,0.0833723180285801,902.7513406496264,1590.4268799251784,69,LO,376.0969268325247
312,sel´gäs,gäs,1,æ,2,0,x,0.0562842793212325,717.5642573574856,1306.8994291927202,69,LO,183.7292780698257
313,"siidikuube,",sii,0,iː,2,1,ictus,0.2356738226081738,446.5777484635445,1981.218359672032,69,LO,578.601607188341
314,"siidikuube,",di,1,i,1,0,x,0.1023551625261554,422.7672169916087,2203.7533055869408,69,LO,801.4709807947849
315,vaesellapsel,vae,0,ae,2,1,ictus,0.2205999694687186,742.4122583693922,2013.089689680976,69,LO,621.729703179539
317,vanad,va,0,a,1,1,ictus,0.2252888473850163,1000.0088865389226,1492.9739368353214,69,LO,437.2382457282368
318,vanad,nad,1,ɑ,2,0,x,0.1284006368919357,1406.6718056185382,1775.142955302818,69,LO,910.8983122231436
319,"riided,",rii,0,iː,2,1,ictus,0.1619760209844543,383.98287595443645,1961.1468104409887,69,LO,576.0291834660386
320,"riided,","ded,",1,e,2,0,x,0.079608980802206,520.2140525482268,2006.0759843838896,69,LO,592.2885501938412
321,orjukesel,or,0,o,2,1,ictus,0.0961114688021425,568.0373284704555,1209.9453266804808,69,LO,205.91293351814807
323,omad,o,0,o,1,1,ictus,0.2435928605847337,888.5986287808274,1735.5931556758776,69,LO,451.63914857252627
324,omad,mad,1,ɑ,2,0,x,0.101082751671214,1181.2957317691828,1631.2527026925056,69,LO,648.4885370536448
325,"riided,",rii,0,iː,2,1,ictus,0.1708357465744185,379.9493229763758,2224.201372169053,69,LO,830.3045822523962
326,"riided,","ded,",1,e,2,0,x,0.0894830916433733,465.3752786861174,2019.989735632009,69,LO,613.0664212015831
327,pajupuust,pa,0,a,1,1,ictus,0.2569546615018794,1073.467956642853,1714.1786145301735,69,LO,585.5386434579445
328,pajupuust,ju,1,ʊ,1,0,x,0.1116400732982327,475.1667526567848,1496.363301387314,69,LO,124.11518764319517
329,pastlad,past,0,a,2,1,ictus,0.1221153575628619,1193.5948040577605,1764.2218983693897,69,LO,714.6318498906408
330,pastlad,lad,1,a,2,0,x,0.1045840493388894,1042.5630502711524,1678.5284913156354,69,LO,540.9883667367362
332,"jalgas,","gas,",1,a,2,0,x,0.1053626785344761,841.0435999342436,1597.0802505753652,69,LO,326.36053064724337
333,kuusekoorest,kuu,0,uː,2,1,ictus,0.202407250868859,372.7092218087323,691.1864739277796,69,LO,750.9437373021241
334,kuusekoorest,se,1,e,1,0,x,0.0956582213010364,486.3392655230356,1918.658733570709,69,LO,509.65786814498404
336,selgas.,gas.,1,a,2,0,x,0.0998382591472051,1559.7849124378222,2001.019597319045,69,LO,1150.1460003347377
337,"Lõpe,",lõ,0,ɵ,2,1,ictus,0.2214009559516505,774.947678568571,932.0726910555431,9,MH,747.4064685911811
338,"lõpe,",lõ,0,ɵ,2,1,ictus,0.2085515197787648,814.0126704869344,1680.2522614785823,9,MH,55.946788866585486
339,"lõpe,","pe,",1,e,2,0,x,0.2931760013292723,851.7507669115654,929.8096360417808,9,MH,755.3106118316631
340,"linakene,",li,0,i,1,1,ictus,0.2229583530566363,493.6467193125516,1844.124468585615,9,MH,311.59705351010314
341,"linakene,",na,1,ɑ,2,0,x,0.3129413553406204,1072.3382324593144,1417.7213720091763,9,MH,408.8757073756635
342,kui,kui,0,uiː,3,1,ictus,0.3822805843250201,586.1627516206173,1685.9436690160094,9,MH,172.04019417191506
343,sa,sa,0,a,3,1,x,0.1650454537171999,1031.6187082116091,1242.1909000908142,9,MH,515.6365641694126
344,"lõpe,",lõ,0,ɵ,2,1,ictus,0.2168271399036596,749.3620188253077,1724.2301370376988,9,MH,45.77813353877524
345,siia,sii,0,iː,2,1,ictus,0.2878182779998228,440.62602458727787,2017.4666405630253,9,MH,463.8293582905262
347,"jätan,",jä,0,æ,2,1,ictus,0.219520359737249,963.533155820814,1910.076039617708,9,MH,308.9922362087158
348,"jätan,","tan,",1,a,2,0,x,0.2909101520331791,946.3406226002148,1401.3480891490883,9,MH,335.70108419744867
349,siia,sii,0,iː,2,1,ictus,0.37205311422872,351.71813412284445,2080.0618342231346,9,MH,570.7401931942385
350,siia,a,1,a,1,0,x,0.1965021812292473,1078.084591647485,1399.8434373631333,9,MH,424.8485606909216
351,jätan,jä,0,æ,2,1,ictus,0.1709462992459709,927.7750088440268,1551.6268225938306,9,MH,212.35799401167736
352,jätan,tan,1,a,2,0,x,0.2132191297377978,903.6341275658854,1468.978938534391,9,MH,255.76919282323618
353,tsirgu,tsir,0,i,2,1,ictus,0.268398882666105,664.0006900825472,1404.8488866322948,9,MH,290.11551924125206
354,tsirgu,gu,1,u,1,0,x,0.2548189963628751,695.7492468759393,1061.700236195347,9,MH,620.7252749113577
355,"süia,",süi,0,yi,2,1,ictus,0.4603699984393952,424.39710493080446,1866.43510392292,9,MH,382.57571754644323
356,"süia,","a,",1,a,2,0,x,0.2616079042280823,985.871028935292,1484.4533145929047,9,MH,299.7535965482849
357,pääsukesel,pää,0,æː,2,1,ictus,0.4069629378610901,978.609889198482,1842.8658278596945,9,MH,274.578743667246
358,pääsukesel,su,1,u,2,0,x,0.2005220571212902,707.3538994467731,1326.1519130663,9,MH,356.76058318519495
359,pääle,pää,0,æː,2,1,ictus,0.382602439738779,1047.0192526020355,1623.7067710978074,9,MH,294.24242022099247
360,pääle,le,1,e,1,0,x,0.2632789210786477,715.3437742994198,2071.194822139422,9,MH,394.22876890210216
361,tulla.,tul,0,u,2,1,ictus,0.2937009489644246,600.1422113738265,987.71126389751,9,MH,709.3812874643913
362,tulla.,la.,1,a,2,0,x,0.313636612287798,1041.7884916337666,1399.7544910240576,9,MH,398.2877926665469
363,Jätän,jä,0,æ,2,1,ictus,0.1822971407365408,912.8187093936732,1735.425396245006,9,MH,164.6122767011044
364,Jätän,tän,1,æ,2,0,x,0.1950667472132536,991.5241130613896,1736.9287506732169,9,MH,240.46049637762002
365,päivä,päi,0,æi,2,1,x,0.3861688345346934,885.379945248796,2015.558542544328,9,MH,359.5611034493518
366,päivä,vä,1,æ,1,0,ictus,0.2062852175989604,912.0888354428184,1495.9554018634672,9,MH,239.44018037303394
367,"palada,",pa,0,a,1,1,x,0.289297636386248,1159.830160298776,1424.454021467649,9,MH,475.76103644806255
368,"palada,",la,1,ɑ,1,0,ictus,0.2381702857205496,1030.497199434457,1456.5957326586513,9,MH,351.8613991088538
369,jätän,jä,0,æ,2,1,ictus,0.1748115093536384,977.8184417435187,1856.2704806352813,9,MH,282.1526232753463
370,jätän,tän,1,æ,2,0,x,0.1724610436802081,981.0093046936314,1702.495093032407,9,MH,224.13970609881724
371,vihma,vih,0,i,2,1,x,0.2852544538223398,464.9041928007603,1828.255687987409,9,MH,328.84618754021136
372,vihma,ma,1,a,1,0,ictus,0.2461904134710124,877.8494471086343,1363.216785164001,9,MH,338.0052497302476
373,"valada,",va,0,a,1,1,x,0.2474661668935667,1047.96773571446,1472.0618679202578,9,MH,356.34424304787274
374,"valada,",la,1,ɑ,1,0,ictus,0.2538802337047912,1020.3615957360272,1401.6491597142217,9,MH,381.94028865985354
375,ligi,li,0,i,1,1,ictus,0.343919417290575,478.4829741012598,2101.906335265988,9,MH,506.73162165777524
376,ligi,gi,1,ɪ,1,0,x,0.2797091496682853,598.3624198018294,1873.8467540213485,9,MH,251.715505682425
377,maada,maa,0,aː,2,1,ictus,0.2560671284393052,1167.1702079583206,1442.445757861752,9,MH,472.709343291671
378,maada,da,1,a,1,0,x,0.2626575872516454,944.580812529696,1519.649674928702,9,MH,245.4981293830712
379,ligunema.,li,0,i,1,1,ictus,0.2937662390930526,480.8622273612082,1509.3890525168915,9,MH,325.1343504551987
380,ligunema.,gu,1,ʊ,1,0,x,0.2939042451413485,692.8424320741099,1060.5547042300518,9,MH,622.1630794137043
381,"Perenaine,",pe,0,e,1,0,ictus,0.3586017995691719,677.4571152857733,1463.9674676656623,9,MH,229.91809405399204
382,"Perenaine,",re,1,ɛ,1,0,x,0.2878589442313384,739.3876288772219,2020.9083905188704,9,MH,342.13041792271554
383,"linnukene,",lin,0,i,2,1,ictus,0.2413804592319195,631.8547663969821,676.7992236843352,9,MH,1010.4040894431658
384,"linnukene,",nu,1,u,2,0,x,0.2351232635410198,708.4346812990333,1032.7042563031328,9,MH,648.4870698201505
385,tule,tu,0,u,1,1,ictus,0.3180009941377406,621.9281676587278,997.9335741384448,9,MH,694.8240777631237
386,tule,le,1,ɛ,1,0,x,0.2305163374977823,779.9985746097659,1470.7620056332848,9,MH,209.67605362088872
387,talu,ta,0,a,1,1,ictus,0.3147679495096298,1200.503642578583,1418.7464627306667,9,MH,513.4452931501213
388,talu,lu,1,ʊ,1,0,x,0.2310648591766906,547.4209473826272,851.1678902649737,9,MH,854.4933031110658
389,"tuastagi,",tuas,0,u,3,1,ictus,0.3099841086974706,672.7380444924943,1047.8386642182616,9,MH,637.1902085019836
390,"tuastagi,",ta,1,a,1,1,x,0.2498981986606878,1049.728495174473,1297.1372020230945,9,MH,480.7306744022374
391,orjal,or,0,o,2,1,ictus,0.2470513932241829,800.3552212429967,1237.7721984694397,9,MH,443.5363324312927
392,orjal,jal,1,a,2,0,x,0.2179232443386141,935.937781390505,1470.3175324263166,9,MH,274.41646366822044
393,oodakuta!,ood,0,oː,3,1,ictus,0.3173740500327255,793.7702747430682,1203.5867070094732,9,MH,477.0393753795681
394,oodakuta!,a,1,a,2,1,x,0.220724894728626,976.2776859711104,1305.9005955751195,9,MH,432.47129562010076
395,sain,sain,0,ai,3,1,ictus,0.2175000000000002,714.0715357968329,1129.944777615632,41,LK,309.340957890553
396,"mal´lika,",mal´,0,a(i),2,1,off,0.1790552098692233,946.0218210350926,1448.3486618320478,41,LK,252.44733864530573
397,"mal´lika,",li,1,i,2,0,ictus,0.1307604895159233,574.0961185858455,1864.2379849790625,41,LK,442.1222035152258
398,mal´likast,mal´,0,a(i),2,1,ictus,0.1933534811996828,1075.4294888291693,1570.3292085691105,41,LK,403.75459532276716
399,mal´likast,li,1,i,2,0,off,0.1227136901610972,589.298997879259,1688.8446583624898,41,LK,271.156332030521
400,sain,sain,0,ai,3,1,off,0.1598390022675726,726.2486821138739,1464.8305152401772,41,LK,41.7427709875236
401,"man´nipil´li,",man´,0,a(i),2,1,ictus,0.2405921612725414,1019.7223556568624,1563.474025503276,41,LK,349.0545116245103
402,"man´nipil´li,",ni,1,i,2,0,off,0.1307700443513821,493.4653391661523,1222.8364386099545,41,LK,294.4156954907205
403,petsariinist,pet,0,e,2,0,ictus,0.1829709949562641,582.118842703618,1242.8698524211927,41,LK,225.34789308281375
404,petsariinist,sa,1,a,1,0,off,0.2079421661640239,830.6650500751082,1462.7041690036142,41,LK,139.00558508475686
405,sain,sain,0,ai,3,1,ictus,0.2079421661640257,745.5882972345939,1101.6049330429917,41,LK,340.9750406830348
406,"riimuka,",rii,0,iː,2,1,off,0.2755656348352513,766.7764871998414,1256.8215882110314,41,LK,195.91108949063602
407,"riimuka,",mu,1,u,2,0,ictus,0.2062515794472439,628.0771198256773,1008.1229617434165,41,LK,435.47762801390047
408,riimukast,rii,0,iː,2,1,ictus,0.2556622535714545,592.0772977809596,1226.3653781301955,41,LK,235.35314781689226
409,riimukast,mu,1,u,1,0,off,0.1510895691609945,583.4143947079924,1004.6888216283556,41,LK,447.7403464269176
410,sain,sain,0,ai,3,1,off,0.1756288524534355,692.9870429832378,1283.0226318253776,41,LK,155.59761563061411
411,"rindasõl´ge,",rin,0,i,2,1,ictus,0.167928757759423,591.71379274972,1251.9512965461065,41,LK,212.74028446611356
412,"rindasõl´ge,",da,1,a,1,0,off,0.2165495809068716,910.0401229329124,1521.3719485830386,41,LK,231.56933578308224
413,rindasõlesta,rin,0,i,2,1,ictus,0.188967752639769,434.9642129653259,1858.336146063061,41,LK,493.0916644336835
414,rindasõlesta,da,1,a,1,0,off,0.2312076032298371,830.9967179653161,1530.2103292531333,41,LK,164.99225358022514
415,"sõmera,",sõ,0,ɵ,1,1,off,0.4246216559317197,565.2675247139626,1515.654718702668,41,LK,149.81807885632946
416,"sõmera,",me,1,ɛ,1,0,ictus,0.2467696534472274,732.002834234615,2457.660951749325,41,LK,1019.7598965468629
417,sõmerast,sõ,0,ɵ,1,0,ictus,0.3745239740458785,664.7160698836624,1637.1580516700262,41,LK,200.65317490747495
418,sõmerast,me,1,ɛ,1,0,off,0.1898140672117918,660.6977640195075,948.602461540606,41,LK,491.1301126163717
419,sain,sain,0,ai,3,1,off,0.1464999999999996,757.162312864555,1212.7414515871635,41,LK,234.605943059357
420,"soolavakka,",soo,0,oː,2,1,ictus,0.3324733390461567,588.545598586611,1136.8139249667477,41,LK,319.61914556823706
421,"soolavakka,",la,1,a,1,0,off,0.2135408256132649,929.495369685717,1347.5864074040755,41,LK,252.69941543401873
422,soolavakast,soo,0,oː,3,1,ictus,0.3505759410407876,601.9557578353488,1096.0379694907938,41,LK,354.6684291393616
423,soolavakast,la,1,a,1,1,off,0.237711081421402,825.7006396635115,1394.50281821177,41,LK,139.1185176333247
424,"vaisiküisi,",vai,0,ai,2,1,ictus,0.2624918823233599,862.7879490398585,1226.6599003118904,41,LK,271.1016717069937
425,"vaisiküisi,",si,1,i,2,0,off,0.2050717830651223,585.1521818331421,669.149693914539,41,LK,777.0959215397754
426,vaisiküisist,vai,0,ai,2,1,ictus,0.3326511042271676,557.8540781550585,1283.3667088385355,41,LK,206.33479024864414
427,vaisiküisist,si,1,i,2,0,off,0.2102354978715723,588.7999676354442,2604.166557915892,41,LK,1170.2648185276382
428,kübara,kü,0,y,1,1,ictus,0.3229064238340342,589.7110085777583,1024.862617661827,41,LK,426.63849270950743
429,kübara,ba,1,ɑ,1,0,off,0.2381561716597424,906.967848476974,1377.132151392933,41,LK,221.89468265379202
430,sain,sain,0,ai,3,1,off,0.1979075324986539,551.0380644069311,1573.0910241920794,41,LK,196.094498345998
431,"künnirauda,",kün,0,y,2,1,ictus,0.2276084246143028,415.92895388489706,1670.0595880216747,41,LK,361.6024133398952
432,"künnirauda,",ni,1,i,1,0,off,0.2796883183819858,558.8207309788703,2435.085216169457,41,LK,1005.5622542514099
433,künnirauast,kün,0,y,2,1,ictus,0.2626724457485991,502.03566107992657,1196.6792963480566,41,LK,308.6964655363919
434,künnirauast,ni,1,i,1,0,off,0.2196989619006899,561.8856758326165,1224.019106839601,41,LK,251.88133298154534
435,sain,sain,0,ai,3,1,ictus,0.1155862987248781,831.0589555905649,1548.1314614569142,41,LK,175.62335272894308
436,ranitsa,ra,0,a,1,1,off,0.3617193185422493,1129.032634168783,1512.385249959586,41,LK,441.4770883631113
437,ranitsa,nit,1,ɪ,2,0,ictus,0.1098680173142341,511.5823019921812,1221.59835054308,41,LK,283.3498470762821
438,ja,ja,0,a,3,1,off,0.1164597969322187,804.190348219742,1465.9072283439486,41,LK,113.75011239951064
439,ranitsast,ra,0,a,1,1,ictus,0.3579029135600038,823.0966583939381,1395.9405596070965,41,LK,136.19407222702998
440,ranitsast,nit,1,ɪ,2,0,off,0.1058938809528484,563.5259265887936,1354.382995313683,41,LK,155.10333316294862
441,sain,sain,0,ai,3,1,off,0.1907242590254867,700.8536744685205,1399.843285610084,41,LK,39.41819188596837
442,rapsuvitsa,rap,0,a,2,1,ictus,0.1603037605720132,956.4844925724454,1572.7349244216648,41,LK,294.97513916064014
443,rapsuvitsa,su,1,u,1,0,off,0.2369793156918547,590.5257147584963,1091.0348276441084,41,LK,362.5907175056701
444,lapse,lap,0,a,2,1,ictus,0.1752854710439777,841.233702460408,1346.919413709982,41,LK,173.6564702039301
445,lapse,se,1,e,1,0,off,0.2121876754742899,565.0503799871253,1344.881110015276,41,LK,159.22739900710138
446,puksu,puk,0,u,2,1,ictus,0.1900463528160969,566.2170541428308,1180.129519112082,41,LK,288.2432848123337
447,puksu,su,1,u,1,0,off,0.2527801003476284,515.2057483393413,963.1238965805364,41,LK,507.91466414730763
448,pihta,pih,0,i,2,1,ictus,0.1506351454404111,541.4351868547758,2606.0053901432007,41,LK,1177.2833384728895
449,pihta,ta,1,a,1,0,off,0.1778246773970551,842.0059304298228,1413.5640678050872,41,LK,150.34612039578306
450,peks(a) –,peks,0,e,2,1,ictus,0.1616455472673692,575.4553091731439,1247.2491604396453,41,LK,224.98587765229112
451,peks(a) –,(a) –,1,a,2,0,off,0.1015526821248187,693.7469138105381,1629.0980338593083,41,LK,190.47971723950977
452,pandi,pan,0,a,2,1,ictus,0.1770264394799134,863.8356655240407,1544.8302028457188,65,LK,200.5143153190476
453,pandi,di,1,i,1,0,off,0.1290391054167869,530.8549025539842,1179.8910911128255,65,LK,305.742578896605
454,mind(e),mind,0,i,2,1,off,0.0852095252893585,786.6731741851517,834.0441863744422,65,LK,611.6717681385298
455,paju,pa,0,a,1,1,ictus,0.3866169768428902,857.2459974770414,1366.5523539185554,65,LK,178.66307897727756
456,paju,ju,1,ʊ,1,0,off,0.2699159379879798,722.7387157711261,1151.961537489136,65,LK,288.11760627380926
457,"raiumaie,",rai,0,ai,2,1,ictus,0.291411765833784,949.2964593151324,1377.0059512178386,65,LK,262.8571949206899
458,"raiumaie,",u,1,u,1,0,off,0.3494418144413771,577.5985549952123,1143.0469675893753,65,LK,317.5789448882641
459,saare,saa,0,aː,2,1,ictus,0.401021531643881,922.6834907050404,1420.579778114547,65,LK,229.63101532961633
460,saare,re,1,e,1,0,off,0.2190923328085201,760.1441818423366,2414.5132215099584,65,LK,978.15001316065
461,juuri,juu,0,uː,2,1,ictus,0.3297794497162059,485.8127314550489,1075.2805962191833,65,LK,418.6373480968988
462,juuri,ri,1,i,1,0,off,0.2512264213793855,451.3231008158289,2003.4876215927884,65,LK,614.698289812219
463,"juksimaie,",juk,0,u,2,0,ictus,0.2117315353673312,661.7140982816353,1027.5920292755688,65,LK,412.27379522860986
464,"juksimaie,",si,1,i,1,0,off,0.2697655103865592,623.2197185396095,906.427079574938,65,LK,536.8461023094004
465,tamme,tam,0,a,2,1,ictus,0.2628181345509759,883.777399615539,1367.2525656791815,65,LK,202.97510651841634
466,tamme,me,1,e,1,0,off,0.2255855654895882,786.0973664000325,1301.9019120664568,65,LK,164.97630548639242
467,tüve,tü,0,y,1,1,ictus,0.4314597708878516,559.9367777042986,1600.9963612109786,65,LK,210.418249013059
468,tüve,ve,1,ɛ,1,0,off,0.2006939008591075,752.8639641352607,1455.8587467836965,65,LK,61.56513334341529
469,tampimaie.,tam,0,a,2,0,ictus,0.1686416363368756,955.4965886828172,1498.2006178423485,65,LK,268.4306351783991
470,tampimaie.,pi,1,i,1,0,off,0.2821269118532932,559.4752327018739,1668.039091540204,65,LK,265.8323679601103
471,Leidsine,leid,0,ei,2,1,ictus,0.3558264925726853,669.3424031695808,1254.3670687302936,65,LK,185.86243023072316
472,Leidsine,si,1,i,1,0,off,0.0476705348901198,480.5523603291112,1677.0838893994685,65,LK,319.8815589961217
473,ma,ma,0,a,3,1,ictus,0.4140109153676796,1041.4539774391842,1437.5653788187085,65,LK,347.6934962086093
474,siis,siis,0,iiː,3,1,off,0.1785943757411878,383.2549384838253,1789.868897466917,65,LK,468.8194239811627
475,"kogemata,",ko,0,o,1,1,ictus,0.3727984522744521,797.2974478331333,1258.0614542928297,65,LK,208.13542240870106
476,"kogemata,",ge,1,ɛ,1,0,off,0.3085228570547187,742.2894740273684,1244.9998874708815,65,LK,199.60712597738308
477,kus,kus,0,u,3,1,ictus,0.2632812391709649,549.7980957005769,1179.8796373924583,65,LK,296.0934513628508
478,aga,a,0,a,1,1,off,0.1031082785795334,799.1207427342346,1526.63959867599,65,LK,137.2887276346339
479,aga,ga,1,ɑ,1,0,off,0.1336037414966071,787.6026856298414,1357.2455911373029,65,LK,124.20781234425705
481,oli,o,0,o,1,1,off,0.1281928342656542,802.6905264158635,1081.199215371183,65,LK,373.6493299508671
482,oli,li,1,ɪ,1,0,off,0.1392535629256386,424.1542847890636,2055.010135521256,65,LK,672.7757683758426
483,"sarapuida,",sa,0,a,1,0,ictus,0.3795034017322365,931.3925564472996,1371.6041040706093,65,LK,246.899068866557
484,"sarapuida,",ra,1,ɑ,2,0,off,0.2155676968932596,834.6015273734741,1424.0078655457164,65,LK,141.59525586317517
485,teine,tei,0,ei,2,1,ictus,0.4216250542176993,511.5888220871911,1236.965192254832,65,LK,271.7555465735082
486,teine,ne,1,e,1,0,off,0.2398163783707332,857.4046317690095,1020.3776234822318,65,LK,449.11486737892926
488,"türnapuida,",tür,0,y,2,0,ictus,0.2631193947373589,876.167606243799,1675.862605927991,65,LK,299.2601379134642
489,"türnapuida,",na,1,a,2,0,off,0.2504389419789419,894.868272980327,1437.7088283533571,65,LK,201.10825395161163
491,kolmas,mas,1,a,2,0,off,0.1968736028228406,859.2241652616926,1334.5706962528143,65,LK,195.45743924254467
493,"kohlapuida,",koh,0,o,2,0,ictus,0.2798164988964657,685.2323967665465,1265.350559659059,65,LK,173.47758135210583
494,"kohlapuida,",la,1,a,2,0,off,0.2183933649923588,829.062390692206,1410.079016397138,65,LK,138.27749984804836
495,neljas,nel,0,e,2,1,ictus,0.2872646603340314,706.6103259411743,1683.9843804103698,65,LK,245.702223232922
496,neljas,jas,1,a,2,0,off,0.2289614203133396,909.9987481703388,1544.0232795786271,65,LK,240.55873433961563
497,noori,noo,0,oː,2,1,ictus,0.4157777978518808,974.8055748909286,1161.346206557393,65,LK,394.79776071363636
498,noori,ri,1,i,1,0,off,0.2230080915751031,543.1671296703714,1527.343930420315,65,LK,174.78864999549688
499,"neidusida,",nei,0,ei,2,1,ictus,0.3288424401192173,653.7856393941344,1464.573343339532,65,LK,47.66318107195797
500,punapõs ki,pu,0,u,1,1,ictus,0.4190134389523194,536.3674724503411,1071.931411121638,65,LK,399.0392815213306
501,punapõs ki,na,1,ɑ,2,0,off,0.291285654427142,990.2678687568244,1493.595082832779,65,LK,301.5594968677833
502,piigakesi.,pii,0,iː,2,1,ictus,0.3898409510378258,374.0722990015694,1316.7364758779015,65,LK,342.13555280197437
503,piigakesi.,ga,1,a,2,0,off,0.2847153013197641,838.4525235893228,1526.5082710949252,65,LK,169.2925566587293
504,Ööd,ööd,0,øøː,3,1,ictus,0.5013352468684076,467.2739533633275,1894.8401215372508,65,LK,509.3478224470548
506,ööles,öö,0,øː,2,1,ictus,0.4602053346591788,578.7326062360951,1519.2120491379792,65,LK,140.45329629037988
507,ööles,les,1,e,2,0,off,0.2428077225809204,878.4414836978278,1552.8227689202895,65,LK,217.13852853522482
508,"virvekirja,",vir,0,i,2,1,ictus,0.22304430330108,621.9669968041688,1295.6053857303375,65,LK,160.0225981196352
509,"virvekirja,",ve,1,e,1,0,off,0.2738645243063899,620.4455053771358,1535.127253807418,65,LK,121.19939894748633
510,sukad,su,0,u,2,1,ictus,0.2724000902198185,548.0224646730895,1063.2419298873976,65,LK,402.67538582985975
511,sukad,kad,1,a,2,0,off,0.2059308390022636,936.9690339986936,1481.3893600996537,65,LK,246.93923693415752
512,jalas,ja,0,a,1,1,ictus,0.3462285444129236,899.3473645192225,1415.9533438571714,65,LK,206.83087789460475
513,jalas,las,1,ɑ,2,0,off,0.1826035165731099,990.0822203086304,1396.4574133192098,65,LK,299.30447707449974
514,saarekirja.,saa,0,aː,2,1,ictus,0.4079060766801632,918.8231252672288,1149.1480732794034,65,LK,366.66810363106964
515,saarekirja.,re,1,e,1,0,off,0.3065130456762972,576.4601229646896,1534.660340257318,65,LK,151.60414992057144
516,Ei,ei,0,eiː,3,1,ictus,0.525799793940223,660.5396656873974,2754.1507865605304,65,LK,1315.9519012483047
519,julgust,gust,1,u,2,0,off,0.1815972559237764,718.0309381277294,1082.4973091294455,65,LK,356.94698499307515
520,juure,juu,0,uː,2,1,ictus,0.3781477904400816,604.349777043363,946.969684798114,65,LK,499.71285444044486
521,juure,re,1,e,1,0,off,0.3277866210361679,573.6776536731011,1619.3447080831647,65,LK,216.9845541396987
522,"minna,",min,0,i,2,1,ictus,0.1879442750489204,538.6598323940389,1756.9821295967254,65,LK,354.1358819249041
523,"minna,","na,",1,a,2,0,off,0.1431267940757123,577.8122589981721,1171.8951724145818,65,LK,290.83602930051933
524,südant,sü,0,y,1,0,ictus,0.3855766164496117,520.7754785351924,1749.135072516351,65,LK,355.45044390311864
525,südant,dant,1,ɑ,3,1,off,0.1721324180578705,654.2583430142723,1112.0708733124852,65,LK,328.9282262292897
527,sülle,le,1,e,1,0,off,0.3085789686169136,721.4648442547665,1631.4671769395147,65,LK,194.82845297020253
528,rabadaie.,ra,0,a,1,0,ictus,0.3337833711123039,935.8504263016272,1478.448941832276,65,LK,245.34312343624669
529,rabadaie.,ba,1,ɑ,1,0,off,0.3198757306493007,824.1394404548732,1571.052387317162,65,LK,185.84143831872547
530,Laske,las,0,a,2,1,ictus,0.1945432826169622,886.4407408342954,1581.0562054889756,18,MH,161.6403114252982
531,Laske,ke,1,e,1,0,x,0.1901218443756676,655.7470955387637,2091.7751464779826,18,MH,424.98932721916844
532,sissi,sis,0,i,2,1,ictus,0.1687515595427438,400.257510931524,1775.0934139137717,18,MH,370.42046183831104
533,sissi,si,1,i,1,0,x,0.1893241770180587,467.3935133198321,2059.5841638156303,18,MH,478.6647211888615
534,"kadrisandi,",kad,0,a,2,1,ictus,0.2619810954886461,904.3947407712146,1613.7851224470733,18,MH,160.3135075286862
535,"kadrisandi,",ri,1,i,1,0,x,0.1670082467464977,547.911589561845,2074.1232145807658,18,MH,447.28361779899564
536,Laske,las,0,a,2,1,ictus,0.1665572562358281,875.2063764307483,1580.0950860475232,18,MH,153.49044854592574
537,Laske,ke,1,e,1,0,x,0.1627626842129625,665.3964871782167,2248.8562900094207,18,MH,577.0584305572582
538,sissi,sis,0,i,2,1,ictus,0.1646244063507342,575.6239882751921,1879.984556325948,18,MH,271.2322117766038
539,sissi,si,1,i,1,0,x,0.1772559147827985,535.417869350235,1554.7145468976985,18,MH,255.1363247451273
540,"kadrisandi,",kad,0,a,2,1,ictus,0.2247564439324749,1088.7525265410668,1679.6744094174278,18,MH,330.6785710978249
541,"kadrisandi,",ri,1,i,1,0,x,0.1644624704972033,621.2364424061423,1971.713373067456,18,MH,322.8572059054014
542,kadril,kad,0,a,2,1,ictus,0.2155274119570354,1187.4150823657842,1443.01517236019,18,MH,490.05997003558764
543,kadril,kad,0,i,2,1,x,0.1420407943894588,476.14144810117614,2181.758862698834,18,MH,576.1617510411841
544,küüdse,küüd,0,yy,2,1,ictus,0.2462718180679477,660.892957592667,2225.175787228501,18,MH,554.4699616412493
545,küüdse,se,1,e,1,0,x,0.1821145190119359,738.1963198855126,2153.05924091728,18,MH,474.18739573536425
546,"külmeteve,",kül,0,y,2,1,ictus,0.17557820417586,515.6396404632359,2016.278556613776,18,MH,415.1345469014935
547,"külmeteve,",me,1,e,2,0,x,0.1262584839017417,832.2205925248315,1658.2015472968862,18,MH,77.08668519094486
548,kadril,kad,0,a,2,1,ictus,0.2138447200959774,1184.7807039489912,1400.134248070971,18,MH,509.9074883622465
549,kadril,ril,1,i,2,0,x,0.0985593174767558,510.7150529345655,1943.0654670170736,18,MH,361.6140737141968
550,varba,var,0,a,2,1,ictus,0.1339010344051452,933.8286245000866,1477.9608546554905,18,MH,267.2499065256337
551,varba,ba,1,a,1,0,x,0.1835993299115834,1105.3719445610716,1441.485909269395,18,MH,420.91078442010456
552,valutave!,va,0,a,1,1,ictus,0.2381143547194604,1064.5448454129587,1663.3348235539402,18,MH,306.8856360396389
553,valutave!,lu,1,ʊ,2,0,x,0.1242927897269225,719.9212393877409,1125.8485653188502,18,MH,554.7536325224557
554,tullu,tul,0,u,2,1,ictus,0.1676870489320023,670.2866889821369,1082.377296528526,18,MH,603.33226962447
555,tullu,lu,1,u,1,0,x,0.1169407093001666,664.911439473875,1031.4663482597575,18,MH,654.4868620940405
556,ümmert,üm,0,y,2,1,ictus,0.1989451529930619,604.3677594647343,1448.8230907588108,18,MH,277.0199371332683
557,ümmert,mert,1,e,2,0,x,0.1573994829869427,893.8256931885169,2162.634575294164,18,MH,502.04754805658285
558,"ilma,",il,0,i,2,1,ictus,0.2122526002306841,565.7221973049208,1354.7405252155174,18,MH,377.2675199306367
559,"ilma,","ma,",1,a,2,0,x,0.2259643189902824,1135.3787699666536,1563.5602006919748,18,MH,394.6540651553272
560,ümmert,üm,0,y,2,1,ictus,0.2089466623782918,556.2634661630494,1837.4759080857789,18,MH,256.4191250877018
561,ümmert,mert,1,e,2,0,x,0.1144217510359517,967.8070096743978,1954.5933239916253,18,MH,346.0932157007056
562,"otsa,",ot,0,o,2,1,ictus,0.1646138938934669,883.3905329443478,1377.1474535254297,18,MH,327.09861042794506
563,"otsa,","sa,",1,a,2,0,x,0.2049937658531533,1065.1657595575048,1394.3358480071793,18,MH,418.93119588682544
564,läbi,lä,0,æ,1,1,ictus,0.1615384732666207,961.9011034689976,1544.0225781838703,18,MH,244.62691854033443
565,läbi,bi,1,ɪ,1,0,x,0.2073178293412461,335.8060733126289,2239.237390570947,18,MH,701.3222708453218
566,"sipa-sopa,",si,0,i,2,1,ictus,0.1633156085490128,416.9665617684416,1998.8669463580743,18,MH,467.42345287622805
567,"sipa-sopa,",si,0,o,2,1,ictus,0.1760904469155377,670.2367946846407,1195.339783441765,18,MH,491.85559669758965
568,"sipa-sopa,",pa,1,a,1,0,x,0.1947704733294131,997.3050170553656,1415.676514572747,18,MH,355.9814039725584
569,"sipa-sopa,",pa,1,a,1,0,x,0.1764711583356302,900.018831065258,1370.0349163217395,18,MH,340.2736634029008
570,läbi,lä,0,æ,1,1,ictus,0.19915483482756,934.9298548546852,1536.3304827838488,18,MH,227.4092608984829
571,läbi,bi,1,ɪ,1,0,x,0.2370781515607092,346.4609274081377,2144.237310381961,18,MH,620.9691709475923
572,laane,laa,0,aː,2,1,ictus,0.267246562330115,959.4957460006468,1482.2110374070396,18,MH,281.7982240345164
573,laane,ne,1,e,1,0,x,0.19915483482756,799.1692808729954,2108.412920863201,18,MH,431.0875000940166
574,lipa-lapa.,li,0,i,2,1,ictus,0.1257820009437296,554.6944411304747,1781.6102162740954,18,MH,227.66865803707114
575,lipa-lapa.,li,0,a,2,1,ictus,0.1418114715012279,923.7585888858796,1541.156599799624,18,MH,215.7122878478285
576,lipa-lapa.,pa,1,a,1,0,x,0.1939139181215736,1049.333889554087,1497.6004955292706,18,MH,343.28240520682726
577,lipa-lapa.,pa,1,a,1,0,x,0.2031111895353916,1093.009641840065,1398.487916234078,18,MH,437.0707320408913
578,uppus,up,0,u,3,1,ictus,0.1163945398469152,835.7183091634503,1106.4783503397257,18,MH,578.0486738394868
579,uppus,pus,1,u,2,0,x,0.1392608069850496,563.8678616890402,942.0964693348418,18,MH,762.3440366320656
580,ojasse,o,0,o,1,1,ictus,0.1953060922855058,785.492260060502,1113.264284899235,18,MH,566.6880552428211
581,ojasse,jas,1,ɑ,2,0,x,0.127053457007058,970.0743632911934,1517.223131884975,18,MH,266.850735670636
582,vahele,va,0,a,1,1,ictus,0.239837077963898,1053.1560725480117,1503.1089997181357,18,MH,343.6751345897085
583,vahele,he,1,ɛ,1,0,x,0.2362798951458771,729.7124270936557,2140.163226441185,18,MH,461.7464118007641
584,lumi,lu,0,u,1,1,ictus,0.2048990575630398,652.1676545051727,1090.1276220128927,18,MH,598.60415040731
585,lumi,mi,1,ɪ,1,0,x,0.2099987304611374,341.9230901884225,2491.159981379104,18,MH,912.3139598880895
586,rikkus,rik,0,i,3,1,ictus,0.1602189348886327,635.2058853935846,1916.6159770575828,18,MH,267.246833726984
587,rikkus,kus,1,u,2,0,x,0.0901690659373315,426.1743021422336,947.2272579268234,18,MH,803.7856900415644
588,"loogakirja,",loo,0,oː,2,1,ictus,0.2508127089750189,794.8231485564705,1015.201017966634,18,MH,665.1036700712488
589,"loogakirja,",ga,1,a,1,0,x,0.1759632145711123,995.8953163964084,1370.7577766622285,18,MH,389.55128398987654
590,sadu,sa,0,a,1,1,ictus,0.2633673062637953,1099.0775780917038,1325.335281697929,18,MH,491.49396335562943
591,sadu,du,1,ʊ,1,0,x,0.2251558349119236,606.9434042539034,1062.1796974188392,18,MH,635.3455686105593
592,rikkus,rik,0,i,3,1,ictus,0.1667006545265223,635.1441171120971,1251.09863868361,18,MH,445.48681306448
593,rikkus,kus,1,u,2,0,x,0.1355427414509691,610.5771974500525,856.0244288675871,18,MH,836.3727430913771
594,"saaniteki,",saa,0,aː,2,1,ictus,0.2668321233211017,1089.8263580398584,1587.7719323613896,18,MH,344.1436037813013
595,"saaniteki,",ni,1,i,1,0,x,0.1644798221009367,611.8622895803454,2073.242389103727,18,MH,420.2111997225505
596,ärmätus,är,0,æ,2,1,ictus,0.1702111557018994,1120.1769053824785,1700.703436726263,18,MH,362.7354074110489
597,ärmätus,mä,1,æ,2,0,x,0.1112601993396111,1084.3179761271103,1467.7063483090524,18,MH,388.8471315470899
598,tõsta,tõs,0,ɵ,2,1,ictus,0.1638340347089837,723.3703101470838,1849.495476611924,18,MH,173.70871230777783
599,tõsta,ta,1,a,1,0,x,0.1884013314471389,942.2543389994324,1448.684273226722,18,MH,295.1283062135119
600,"Anna,",an,0,a,2,1,ictus,0.1825261086643479,1181.4000841656732,1325.5155831743864,18,MH,551.688513061842
601,"Anna,","na,",1,a,2,0,x,0.1588723955208308,1131.689666240995,1606.7887867375114,18,MH,380.58476564432993
602,sina,si,0,i,1,1,ictus,0.2512100663549574,539.9389994763949,1582.4157937265686,18,MH,238.67825770389445
603,anna,an,0,a,2,1,ictus,0.2047887636813783,1095.312316784116,1771.032727698264,18,MH,349.49468283167704
604,anna,na,1,a,1,0,x,0.1803816250386347,1060.4435214673797,1747.8387073829913,18,MH,310.04245913680586
605,penki!,pen,0,e,2,1,ictus,0.1469727664168658,856.5428845997956,1956.1389949882496,18,MH,293.8404157685194
606,penki!,ki!,1,i,2,0,x,0.1801284575092268,487.1376417208244,2333.464553632551,18,MH,708.062637744624
607,"Perenaine,",pe,0,e,1,0,ictus,0.2859933815868487,754.2603753212034,1681.5071065514692,18,MH,4.41209525196379
608,"Perenaine,",re,1,ɛ,1,0,x,0.2022806358841222,714.9774613947133,2090.485150333814,18,MH,413.44875775924413
609,"linnukene,",lin,0,i,2,1,ictus,0.1774004800863622,394.4931374629914,2218.5889181447137,18,MH,650.412127766859
610,"linnukene,",nu,1,u,2,0,x,0.1006122293592,661.4232737994224,1051.8051522900162,18,MH,634.8834213367168
611,tagant,ta,0,a,1,0,ictus,0.2130611915841882,1147.5589113983478,1400.6036951636304,18,MH,478.9192719570486
612,tagant,gant,1,ɑ,3,1,x,0.1273958004828301,1135.1042069394418,1541.787516866734,18,MH,401.3205789784019
613,laudjas,laud,0,au,2,1,ictus,0.229878220071356,939.9265314344332,1508.3503819343496,18,MH,249.57999676568363
614,laudjas,jas,1,a,2,0,x,0.0611564531399011,840.9468005949884,1590.206995288888,18,MH,121.66928686169044
615,"tasane,",ta,0,a,1,1,ictus,0.2239115300444893,1068.8411014508392,1838.772150517554,18,MH,349.300817048062
616,"tasane,",sa,1,ɑ,1,0,x,0.2101312966260167,1058.1637965627883,1883.4938626991727,18,MH,362.978704275138
617,puhu,pu,0,u,1,1,ictus,0.2140475859896611,684.1174154863252,1093.9365815544018,18,MH,590.0056497519826
618,puhu,hu,1,ʊ,1,0,x,0.1943836376766086,362.3791970427988,1010.4610149313486,18,MH,777.1132142317133
619,tuli,tu,0,u,1,1,ictus,0.268786042771751,564.2277581695523,1071.3864353413894,18,MH,638.0607795430858
620,tuli,li,1,ɪ,1,0,x,0.1887291620748215,366.16165229999626,1668.5985123184166,18,MH,392.0582980990263
621,"tubadesse,",tu,0,u,1,1,ictus,0.2209523468280423,454.7786949294454,977.9330685844852,18,MH,764.1255306703434
622,"tubadesse,",ba,1,ɑ,1,0,x,0.1864285426361647,1034.3291626310297,1384.1308899290957,18,MH,404.2708602110199
623,lõõtsu,lõõt,0,ɵɵ,2,1,ictus,0.219680900342297,695.5960635742324,1596.6734662224262,18,MH,103.57985540815203
624,lõõtsu,su,1,u,1,0,x,0.1629521323713021,514.6159059603714,1159.040142961109,18,MH,574.3957328588642
625,lõke,lõ,0,ɵ,2,1,ictus,0.1371088223620518,916.9754683653132,1779.5063897401474,18,MH,187.86487512519395
626,lõke,ke,1,e,1,0,x,0.1670923165453217,775.2119528098707,2272.8164514832383,18,MH,593.77515481614
627,"põrmandulle,",põr,0,ɵ,2,1,ictus,0.1537573473507052,714.6967723854573,1739.83604829421,18,MH,74.4821115372764
628,"põrmandulle,",man,1,a,2,0,x,0.1451906317460611,1084.9684127693088,1858.936263691715,18,MH,373.0054935494999
629,võta,võ,0,ɵ,2,1,ictus,0.1386841922413992,673.2242957381679,1424.7094466361386,18,MH,268.34694381131106
630,võta,ta,1,a,1,0,x,0.1701593481978989,954.3579562184711,1622.0866621468222,18,MH,204.4489911185513
631,pirdu,pir,0,i,2,1,ictus,0.1395619837468587,667.8548474942266,1828.5012248382973,18,MH,174.36718591225826
632,pirdu,du,1,u,1,0,x,0.1813665356826703,535.8103185223506,1151.7596963015842,18,MH,572.4404239629017
633,"pistussesta,",pis,0,i,2,1,ictus,0.1524719633695781,437.2864701501436,2044.36724261146,18,MH,485.990865769001
634,"pistussesta,",tus,1,u,2,0,x,0.1371525457951747,512.6997113960813,1175.6201555078185,18,MH,560.2594035662294
635,võta,võ,0,ɵ,2,1,ictus,0.1371088223620375,751.9110051343646,1593.661809836702,18,MH,85.84837422356442
636,võta,ta,1,a,1,0,x,0.2045753039536464,1150.3000655480962,1248.4172237782582,18,MH,582.658858454485
637,halgu,hal,0,a,2,1,ictus,0.1251743057228367,978.0557613445616,1548.0313593518815,18,MH,256.1647452128059
638,halgu,gu,1,u,1,0,x,0.1634105721839915,590.089307516647,861.3932072506278,18,MH,834.9682031186661
639,ahju,ah,0,a,2,1,ictus,0.1808807750767869,986.6864301682816,1170.3193688213194,18,MH,557.9545742953735
640,ahju,ju,1,u,1,0,x,0.1299197770044458,652.3922862426195,1048.329627264559,18,MH,639.7483663786776
641,päälta!,pääl,0,ææ,3,1,ictus,0.1787415813424075,1065.267673498534,1729.4561469416744,18,MH,311.2629406953734
642,päälta!,ta!,1,a,2,0,x,0.160782288093614,1033.0700693366084,1341.0571858965209,18,MH,435.91659014542023
643,pirdu,pir,0,i,2,1,ictus,0.1213265118743294,680.4751009065544,2350.5811481209307,18,MH,675.7626896112856
644,pirdu,du,1,u,1,0,x,0.1431046946490823,659.0056529397618,1056.7376056471426,18,MH,630.3843247066861
645,"pistussenna,",pis,0,i,2,1,ictus,0.1689909605342023,407.8463292877156,2078.48198800132,18,MH,531.0507089138133
646,"pistussenna,",tus,1,u,2,0,x,0.1374079209819569,457.2089803268888,1097.9629839828565,18,MH,654.5681157020533
647,võta,võ,0,ɵ,2,1,ictus,0.1272608056709998,803.7025927450019,1600.2671530661526,18,MH,91.24884458020865
648,võta,ta,1,a,1,0,x,0.1806110822154778,1082.4440212021996,1480.252498624366,18,MH,380.5669321277008
649,lõmmu,lõm,0,ɵ,2,1,ictus,0.2031972475293741,893.9689119949654,1831.2843821082483,18,MH,203.88740900325013
650,lõmmu,mu,1,u,1,0,x,0.1529681152710935,675.14449087289,1092.7233298864558,18,MH,592.398706814445
651,lõhna,lõh,0,ɵ,2,1,ictus,0.1790430212331841,768.7620329726059,1629.9880355572834,18,MH,50.445836589693755
652,lõhna,na,1,a,1,0,x,0.1878368259557845,1068.263193564833,1794.4799215182452,18,MH,330.8870638765425
653,"päälta,",pääl,0,ææ,3,1,ictus,0.178444984657986,1200.9688779529015,1819.219107232744,18,MH,464.474155645721
654,"päälta,","ta,",1,a,2,0,x,0.1736021264424749,1045.7488407414369,1578.0934455465508,18,MH,304.9543949209853
655,lõmmu,lõm,0,ɵ,2,1,ictus,0.1670658949328896,710.4245183608726,1697.0401610246597,18,MH,50.848852926524245
656,lõmmu,mu,1,u,1,0,x,0.1775470706061668,589.7833515106677,1153.2722750535877,18,MH,552.2816740086985
657,lõhna,lõh,0,ɵ,2,1,ictus,0.1797118347390238,796.6686768411355,1612.6762480539992,18,MH,76.98538484285754
658,lõhna,na,1,a,1,0,x,0.160664489347468,1062.6360232627069,1679.038733942862,18,MH,304.561945382691
659,"päälta,",pääl,0,ææ,3,1,ictus,0.1682877902229194,938.1450243576146,1824.113993308023,18,MH,231.08414926427693
660,"päälta,","ta,",1,a,2,0,x,0.1509183440388,819.4895423621958,1250.6228679639162,18,MH,433.0429698554427
661,võta,võ,0,ɵ,2,1,ictus,0.1380952167675389,783.6552548819253,1618.0225013248476,18,MH,66.39227664083431
662,võta,ta,1,a,1,0,x,0.2012244587184,1179.0896469384325,1620.9038229996258,18,MH,425.04448357732724
663,roogu,roo,0,oo,2,1,ictus,0.2335754979025921,923.7282668906682,2213.1184220615387,18,MH,558.9413958571306
664,roogu,gu,1,u,1,0,x,0.1686734433374823,527.0941819318266,1086.1527725386268,18,MH,636.5233292851389
665,räästa,rääs,0,ææ,2,1,ictus,0.1455735401157341,903.7993742519898,1156.592867539899,18,MH,542.6294597970448
666,räästa,ta,1,a,1,0,x,0.1755782041758635,999.1701097806948,1354.4489043572437,18,MH,404.5344464798165
667,esta!,es,0,e,2,1,ictus,0.153877527255247,791.8051657040468,1669.3679873596698,18,MH,35.159625243973274
668,esta!,ta!,1,a,2,0,x,0.1800730526836531,911.4153396679392,1234.4842913655798,18,MH,470.4938293843966
669,Viskan,vis,0,i,2,1,ictus,0.1262584839017364,475.61916121131344,2157.487715836587,18,MH,555.3874039059294
670,Viskan,kan,1,a,2,0,x,0.1149774444186988,942.482118699352,1581.7818664304218,18,MH,208.599769432739
671,sissi,sis,0,i,2,1,ictus,0.1699061210075569,602.706276440105,2034.79346697594,18,MH,387.9727420386692
672,sissi,si,1,i,1,0,x,0.1707442791233404,467.33942258411486,1903.6543126604845,18,MH,367.2419399788291
673,"viljaõnne,",vil,0,i,2,1,ictus,0.1919750402840918,364.88667948286,2090.4022622298944,18,MH,568.8679981153131
674,"viljaõnne,",ja,1,a,1,0,x,0.1725852673950498,991.751414226349,1549.585405631768,18,MH,267.26014581716055
675,kahel,ka,0,a,1,1,ictus,0.2315494613562805,1164.890750570988,1198.99726299795,18,MH,629.4279579673159
676,kahel,hel,1,ɛ,2,0,x,0.1134563350003645,778.3743914124595,2320.5596328773045,18,MH,641.5921995683584
677,karjaõnne.,kar,0,a,2,1,ictus,0.1789961736542693,1001.6004412929022,1464.2242082410978,18,MH,324.89653899140234
678,karjaõnne.,ja,1,a,1,0,x,0.1371088223620518,963.78994708868,1555.4496828164772,18,MH,240.11470299914208
679,tuba,tu,0,u,1,1,ictus,0.236988995595027,691.362032508277,922.4266902722476,18,MH,759.796395186299
680,tuba,ba,1,ɑ,1,0,x,0.1756394034298694,967.1743380019136,1435.9635397157383,18,MH,320.82704584972845
681,puhtas,puh,0,u,2,1,ictus,0.1302040615236706,655.994549978309,955.3652616867804,18,MH,731.0850479736708
682,puhtas,tas,1,a,2,0,x,0.0816075652565189,818.1825740319605,1572.955373470049,18,MH,122.14658506808085
683,"pestu,",pes,0,e,2,1,ictus,0.1213265118743152,632.8992935891083,1722.10897696724,18,MH,132.29637660167378
684,"pestu,","tu,",1,u,2,0,x,0.1580991055318747,484.3711866587743,1041.1742726178904,18,MH,694.3365961947432
685,sängi,sän,0,æ,2,1,ictus,0.1747244302540878,909.529317284228,1957.64853539094,18,MH,316.89568463718507
686,ästi,äs,0,æ,2,1,ictus,0.1420407943894304,988.8054481251232,1357.78418258352,18,MH,395.72977047369864
687,ästi,ti,1,i,1,0,x,0.1641007830891396,353.0805745244573,2254.371249449772,18,MH,703.3774219684755
688,om,om,0,o,3,1,x,0.153379413798433,880.3656715285425,1251.1517790051296,18,MH,445.25992796775114
689,elle,el,0,e,2,1,ictus,0.1755782041758493,705.3917330800381,2388.337924915208,18,MH,711.0037206267025
690,elle,le,1,e,1,0,x,0.1789121485518023,844.4468761254113,1434.171846202094,18,MH,259.88939625039075
691,"perenaine,",pe,0,e,1,1,ictus,0.2358681060707681,751.8668663869272,2205.36130667503,18,MH,526.1092597660528
692,"perenaine,",re,1,ɛ,1,0,x,0.1895911964760159,740.1745140229469,2028.6455933590696,18,MH,349.8151800853307
693,annab,an,0,a,2,1,ictus,0.1740506467371005,1168.41024111588,1345.1010644413332,18,MH,529.2041536531121
694,annab,nab,1,a,2,0,x,0.0877737020722122,1092.935263345285,1457.2232414705934,18,MH,401.8021876006506
695,kadril,kad,0,a,2,1,ictus,0.222945203263464,918.9621404232588,1511.6874245528388,18,MH,232.32544428192327
696,kadril,ril,1,i,2,0,x,0.0956802573317929,763.817703844657,2271.083919495284,18,MH,591.8231232535489
697,karaskit.,ka,0,a,1,1,ictus,0.2275646661194628,1020.28485962516,1318.0297578232544,18,MH,446.3882162106227
698,karaskit.,ras,1,ɑ,2,0,x,0.153877527255247,953.7686079471586,1447.4698446291509,18,MH,303.3748098579131
699,ma,ma,0,a,3,1,x,0.103304353157057,1012.1516136931558,1471.6870413239235,18,MH,328.1063501030093
700,juhate,ju,0,u,1,1,ictus,0.1607565343680903,655.9367182398408,998.2444053411582,18,MH,688.6605456962268
701,juhate,ha,1,ɑ,2,0,x,0.1299196726205878,1084.038250233144,1642.5988709776566,18,MH,328.0224320325817
702,kambren,kamb,0,a,2,1,ictus,0.1684089285435561,1066.6362563224116,1394.6842653230367,18,MH,419.77401062629383
703,kambren,ren,1,e,2,0,x,0.0999696967166698,782.9768312008223,1790.8386262707206,18,MH,114.29582442726552
704,kapi,ka,0,a,2,1,ictus,0.1361063236977884,989.4973095913416,1550.8849133171166,18,MH,264.6586265536108
705,kapi,pi,1,i,1,0,x,0.21583302487889,397.9033804005576,2299.92749982737,18,MH,717.576174564197
706,taha,ta,0,a,1,1,ictus,0.2200367811809371,1034.6417287522474,1044.268496274744,18,MH,692.6328217109648
707,taha,ha,1,ɑ,1,0,x,0.1320950803008145,1045.4622308777475,1267.0925732059031,18,MH,502.49130448517195
708,kanaliha,ka,0,a,1,1,ictus,0.2668150742482567,940.542039560313,1377.0470882679797,18,MH,353.05026750639394
709,kanaliha,na,1,ɑ,1,0,x,0.2098971863114513,1047.2286404485649,1639.020472141881,18,MH,291.944907895201
710,kana,ka,0,a,1,1,ictus,0.2387595302915031,911.1633497785969,1466.2202063855973,18,MH,262.36322642298404
711,kana,na,1,ɑ,1,0,x,0.167003697190978,1122.6624181359527,1398.7975411702212,18,MH,459.9998419662142
712,kannustenu.,kan,0,a,2,1,ictus,0.1683058984022238,1063.7757819766125,1895.9823384540584,18,MH,374.7127120052148
713,kannustenu.,nus,1,u,2,0,x,0.0994465318362358,646.8894151036961,1340.093565350519,18,MH,356.9528944597881
714,"Saagu,",saa,0,a,2,1,ictus,0.2244222714966781,1185.3818701873697,1408.694419240198,18,MH,505.7797035440981
715,"Saagu,","gu,",1,u,2,0,x,0.1502851263363425,372.5347067178502,982.4252230410276,18,MH,796.4040086459714
716,"saagu,",saa,0,a,2,1,ictus,0.1943492189906805,1038.7757175717263,1556.045717283036,18,MH,306.5651277453902
717,sajatan,sa,0,a,1,1,ictus,0.197661578356076,933.8702970772392,1573.3051973970057,18,MH,205.27242972856118
718,sajatan,ja,1,ɑ,2,0,x,0.0968042465847247,1027.096361540654,1594.484128440717,18,MH,282.07223126162586
719,"Saagu,",saa,0,aa,2,1,ictus,0.2814183673469301,1198.1226847886037,1202.703064070426,18,MH,648.6728935920074
720,"Saagu,","gu,",1,u,2,0,x,0.1419082643145373,444.5002133177964,989.2369228219328,18,MH,757.9578102820055
721,"saagu,",saa,0,aa,2,1,ictus,0.2460867346938755,941.8641946912398,1573.4688054843302,18,MH,212.07690204906302
722,sajatan,sa,0,a,1,1,ictus,0.1805676621444263,998.7263250303216,1516.1895339426646,18,MH,290.71426147832193
723,sajatan,ja,1,ɑ,2,0,x,0.1165903550200653,993.5401777961883,1742.1675609093018,18,MH,243.71703109160012
724,tütar,tü,0,y,2,1,ictus,0.1586089268741375,635.9921880005895,1999.273188940827,18,MH,342.4822729852959
725,tütar,tar,1,a,2,0,x,0.11423209854442,975.1924023050946,1468.9166050573206,18,MH,302.318915412143
726,"seenetagu,",see,0,e,2,1,ictus,0.2762074996630019,651.5564365189664,1755.2792447715692,18,MH,130.8457019326011
727,"seenetagu,",ne,1,e,2,0,x,0.1159509173278081,800.6613444193214,2290.162141393174,18,MH,612.3561615132166
728,aia,ai,0,ai,2,1,ictus,0.2941656326632937,1038.7822748747828,1534.759143856147,18,MH,315.73060871224567
729,aia,a,1,a,1,0,x,0.1459943186181931,1081.762864834163,1451.6245337924493,18,MH,395.73390283337307
730,hääre,hää,0,æ,2,1,ictus,0.2500681005445528,917.8171502290716,1715.049604786936,18,MH,163.69685729471072
731,hääre,re,1,e,1,0,x,0.1549087600487553,826.7181250186809,1748.5342396036317,18,MH,97.5035408922963
732,"allitagu,",al,0,a,2,1,ictus,0.222475640868538,1044.6485847797064,1504.3672151430496,18,MH,335.74157244003965
733,"allitagu,",li,1,i,2,0,x,0.0907225131337838,667.8787942886589,2231.736341937856,18,MH,559.7621293794739
734,vennal,ven,0,e,2,1,ictus,0.1343588540549944,794.1982539965411,2354.7339959454816,18,MH,676.4106307601064
735,vennal,nal,1,a,2,0,x,0.107694753889973,977.079166112003,1570.824798422634,18,MH,244.39229629508577
736,"kandijaksa,",kan,0,a,2,1,ictus,0.1929664037388079,1129.137460999646,1509.034883706487,18,MH,408.25765005843516
737,"kandijaksa,",di,1,i,1,0,x,0.2087958739636803,463.9334794155429,2033.272900007924,18,MH,460.2429677680873
738,õvve,õv,0,ɵ,2,1,ictus,0.2190150204944245,861.1718788493193,1370.603378470374,18,MH,325.4469889666236
739,õvve,ve,1,e,1,0,x,0.1714303511043624,759.1006271666859,1908.311251283791,18,MH,229.02488470350013
740,"pühkijaksa,",püh,0,y,2,1,ictus,0.1512767789086524,494.3159945126788,2057.952345248348,18,MH,461.47000123851353
741,"pühkijaksa,",ki,1,i,1,0,x,0.1677774043940019,411.81971229324665,2062.79052220238,18,MH,516.6873617875185
742,õvve,õv,0,ɵ,2,1,ictus,0.1888146438869569,686.4730360162511,1579.7880986394166,18,MH,122.58501922531813
743,õvve,ve,1,e,1,0,x,0.1436458262883775,822.6474918078371,1402.3864019429002,18,MH,284.33180758521047
744,"pühkijaksa,",püh,0,y,2,1,ictus,0.1849212969124209,442.8134679830084,1784.5646323874255,18,MH,332.37380424987225
745,"pühkijaksa,",ki,1,i,1,0,x,0.1366220090011438,400.8879603185765,1685.7106838896718,18,MH,357.24394766374303
746,vennanaistel,ven,0,e,2,1,ictus,0.1553788001027101,805.2512492580249,1933.7209490319865,18,MH,258.76912892316403
747,vennanaistel,na,1,a,1,0,x,0.1655553598963877,1116.397304906663,1917.867450719514,18,MH,430.4826334336106
748,vemmeldada!,vem,0,e,2,1,ictus,0.1538164310281615,706.2564814387817,2130.406454605346,18,MH,454.08405877831257
749,vemmeldada!,mel,1,e,2,0,x,0.1094895886135418,735.159503790007,2131.13732120172,18,MH,452.42931925726583
750,ole,o,0,o,1,1,ictus,0.2029332735731941,746.7677358880305,1128.772601236714,18,MH,550.6321586057505
751,ole,le,1,ɛ,1,0,x,0.1571525300319081,860.4657464372962,1638.9886362068744,18,MH,110.03692676549366
752,"näl´lasandi,",näl´,0,æ,2,1,ictus,0.184574935657281,992.5465103380666,1818.2373213973856,18,MH,272.55091655799515
753,"näl´lasandi,",la,1,a,1,0,x,0.1555944062450862,962.9699570217224,1754.035376742281,18,MH,218.10398876984507
754,pal´lalt,pal´,0,a,2,1,ictus,0.1459695476578986,897.3742051829998,1575.8192865303283,18,MH,173.5235129357902
755,pal´lalt,lalt,1,a,2,0,x,0.1202418228332931,852.8709301226744,1377.4775029958414,18,MH,316.34854563689976
756,lasandi.,las,0,a,3,1,x,0.1778640000981113,1036.2428484241275,1643.4837803754142,18,MH,280.46354084291926
757,lasandi.,an,1,ɑ,2,1,ictus,0.1570408680119044,1183.283438247546,1566.7367105841622,18,MH,439.85322071386304
