,Unnamed: 0,word,syll,shape,index,segment,quantity,stressed,ictus,duration,midpoint,f1,f2,fileid,performer
0,0,sain,sain,CVVVC,0,ai,3,1,ictus,0.2175000000000002,4.263002267573697,714.0715357968329,1129.944777615632,41,LK
1,1,"mal´lika,",mal´,CVCC,0,a(i),2,1,off,0.1790552098692233,4.614737874330443,946.0218210350926,1448.3486618320478,41,LK
2,2,"mal´lika,",li,C V,1,i,2,0,ictus,0.1307604895159233,4.936602886411314,574.0961185858455,1864.2379849790625,41,LK
3,3,mal´likast,mal´,CVCC,0,a(i),2,1,ictus,0.1933534811996828,5.891855940280881,1075.4294888291693,1570.3292085691105,41,LK
4,4,mal´likast,li,C V,1,i,2,0,off,0.1227136901610972,6.186454818309457,589.298997879259,1688.8446583624898,41,LK
5,5,sain,sain,CVVVC,0,ai,3,1,off,0.1598390022675726,6.843504535147393,726.2486821138739,1464.8305152401772,41,LK
6,6,"man´nipil´li,",man´,CVCC,0,a(i),2,1,ictus,0.2405921612725414,7.231304826393209,1019.7223556568624,1563.474025503276,41,LK
7,7,"man´nipil´li,",ni,C V,1,i,2,0,off,0.1307700443513821,7.530925888174154,493.4653391661523,1222.8364386099545,41,LK
8,8,petsariinist,pet,CVCC,0,e,2,0,ictus,0.1829709949562641,14.273478628301271,582.118842703618,1242.8698524211927,41,LK
9,9,petsariinist,sa,CV ,1,a,1,0,off,0.2079421661640239,14.67349620159188,830.6650500751082,1462.7041690036142,41,LK
10,10,sain,sain,CVVVC,0,ai,3,1,ictus,0.2079421661640257,15.680127649268584,745.5882972345939,1101.6049330429917,41,LK
11,11,"riimuka,",rii,CVV,0,iː,2,1,off,0.2755656348352513,16.089010075848364,766.7764871998414,1256.8215882110314,41,LK
12,12,"riimuka,",mu,C V,1,u,2,0,ictus,0.2062515794472439,16.421500571262897,628.0771198256773,1008.1229617434165,41,LK
13,13,riimukast,rii,CVV,0,iː,2,1,ictus,0.2556622535714545,17.527497687146422,592.0772977809596,1226.3653781301955,41,LK
14,14,riimukast,mu,CV ,1,u,1,0,off,0.1510895691609945,17.833282879818594,583.4143947079924,1004.6888216283556,41,LK
15,15,sain,sain,CVVVC,0,ai,3,1,off,0.1756288524534355,18.440134063154957,692.9870429832378,1283.0226318253776,41,LK
16,16,"rindasõl´ge,",rin,CVVC,0,i,2,1,ictus,0.167928757759423,18.76077297457621,591.71379274972,1251.9512965461065,41,LK
17,17,"rindasõl´ge,",da,CV ,1,a,1,0,off,0.2165495809068716,19.16524204146053,910.0401229329124,1521.3719485830386,41,LK
18,18,rindasõlesta,rin,CVVC,0,i,2,1,ictus,0.188967752639769,20.55544586747296,434.9642129653259,1858.336146063061,41,LK
19,19,rindasõlesta,da,CV ,1,a,1,0,off,0.2312076032298371,21.01897264894816,830.9967179653161,1530.2103292531333,41,LK
20,20,"sõmera,",sõ,CV ,0,ɵ,1,1,off,0.4246216559317197,22.64578824731752,565.2675247139626,1515.654718702668,41,LK
21,21,"sõmera,",me,CV ,1,ɛ,1,0,ictus,0.2467696534472274,23.08152565340452,732.002834234615,2457.660951749325,41,LK
22,22,sõmerast,sõ,CV ,0,ɵ,1,0,ictus,0.3745239740458785,24.04772060380299,664.7160698836624,1637.1580516700262,41,LK
23,23,sõmerast,me,CV ,1,ɛ,1,0,off,0.1898140672117918,24.418017584208727,660.6977640195075,948.602461540606,41,LK
24,24,sain,sain,CVVVC,0,ai,3,1,off,0.1464999999999996,25.049083333333336,757.162312864555,1212.7414515871635,41,LK
25,25,"soolavakka,",soo,CVV,0,oː,2,1,ictus,0.3324733390461567,25.4821828146478,588.545598586611,1136.8139249667477,41,LK
26,26,"soolavakka,",la,CV ,1,a,1,0,off,0.2135408256132649,25.82975970909643,929.495369685717,1347.5864074040755,41,LK
27,27,soolavakast,soo,CVVV,0,oː,3,1,ictus,0.3505759410407876,26.852546851597804,601.9557578353488,1096.0379694907938,41,LK
28,28,soolavakast,la,CV ,1,a,1,1,off,0.237711081421402,27.19607977769867,825.7006396635115,1394.50281821177,41,LK
29,29,"vaisiküisi,",vai,CVV,0,ai,2,1,ictus,0.2624918823233599,28.17774321291144,862.7879490398585,1226.6599003118904,41,LK
30,30,"vaisiküisi,",si,C V,1,i,2,0,off,0.2050717830651223,28.53948983823832,585.1521818331421,669.149693914539,41,LK
31,31,vaisiküisist,vai,CVV,0,ai,2,1,ictus,0.3326511042271676,29.574642743291783,557.8540781550585,1283.3667088385355,41,LK
32,32,vaisiküisist,si,C V,1,i,2,0,off,0.2102354978715723,29.909955056352768,588.7999676354442,2604.166557915892,41,LK
33,33,kübara,kü,CV ,0,y,1,1,ictus,0.3229064238340342,30.93878091833929,589.7110085777583,1024.862617661827,41,LK
34,34,kübara,ba,CV ,1,ɑ,1,0,off,0.2381561716597424,31.32386558753887,906.967848476974,1377.132151392933,41,LK
35,35,sain,sain,CVVVC,0,ai,3,1,off,0.1979075324986539,33.36320893216336,551.0380644069311,1573.0910241920794,41,LK
36,36,"künnirauda,",kün,CVVC,0,y,2,1,ictus,0.2276084246143028,33.72180826377584,415.92895388489706,1670.0595880216747,41,LK
37,37,"künnirauda,",ni,CV ,1,i,1,0,off,0.2796883183819858,34.15870070593804,558.8207309788703,2435.085216169457,41,LK
38,38,künnirauast,kün,CVVC,0,y,2,1,ictus,0.2626724457485991,35.50816944605995,502.03566107992657,1196.6792963480566,41,LK
39,39,künnirauast,ni,CV ,1,i,1,0,off,0.2196989619006899,35.868859463954685,561.8856758326165,1224.019106839601,41,LK
40,40,sain,sain,CVVVC,0,ai,3,1,ictus,0.1155862987248781,36.8217568681833,831.0589555905649,1548.1314614569142,41,LK
41,41,ranitsa,ra,CV ,0,a,1,1,off,0.3617193185422493,37.30392213020879,1129.032634168783,1512.385249959586,41,LK
42,42,ranitsa,nit,CVCC,1,ɪ,2,0,ictus,0.1098680173142341,37.59042411382053,511.5823019921812,1221.59835054308,41,LK
43,43,ja,ja,CVVV,0,a,3,1,off,0.1164597969322187,38.32433817511009,804.190348219742,1465.9072283439486,41,LK
44,44,ranitsast,ra,CV ,0,a,1,1,ictus,0.3579029135600038,38.71035207277963,823.0966583939381,1395.9405596070965,41,LK
45,45,ranitsast,nit,CVCC,1,ɪ,2,0,off,0.1058938809528484,38.990747210095535,563.5259265887936,1354.382995313683,41,LK
46,46,sain,sain,CVVVC,0,ai,3,1,off,0.1907242590254867,39.689580051561016,700.8536744685205,1399.843285610084,41,LK
47,47,rapsuvitsa,rap,CVCC,0,a,2,1,ictus,0.1603037605720132,40.01253696375433,956.4844925724454,1572.7349244216648,41,LK
48,48,rapsuvitsa,su,CV ,1,u,1,0,off,0.2369793156918547,40.43908659662144,590.5257147584963,1091.0348276441084,41,LK
49,49,lapse,lap,CVCC,0,a,2,1,ictus,0.1752854710439777,41.3147706772023,841.233702460408,1346.919413709982,41,LK
50,50,lapse,se,CV ,1,e,1,0,off,0.2121876754742899,41.71146937482814,565.0503799871253,1344.881110015276,41,LK
51,51,puksu,puk,CVCC,0,u,2,1,ictus,0.1900463528160969,41.99459069765281,566.2170541428308,1180.129519112082,41,LK
52,52,puksu,su,CV ,1,u,1,0,off,0.2527801003476284,42.38944428505714,515.2057483393413,963.1238965805364,41,LK
53,53,pihta,pih,CVVC,0,i,2,1,ictus,0.1506351454404111,42.656922223198166,541.4351868547758,2606.0053901432007,41,LK
54,54,pihta,ta,CV ,1,a,1,0,off,0.1778246773970551,43.069060797023845,842.0059304298228,1413.5640678050872,41,LK
55,55,peks(a) –,peks,C  ,0,e,2,1,ictus,0.1616455472673692,43.30569465571985,575.4553091731439,1247.2491604396453,41,LK
56,56,peks(a) –,a) –,VVCC,1,a,2,0,off,0.1015526821248187,43.62701824488843,693.7469138105381,1629.0980338593083,41,LK
57,0,"Laula,",lau,CVV,0,au,2,1,ictus,0.2880196135338418,0.6122926979756712,569.270397804369,983.5974098743488,55,LO
58,1,"Laula,",la,C V,1,a,2,0,off,0.1500317857723632,0.9134861552435334,618.5033835217334,1195.748068638646,55,LO
59,2,"laula,",lau,CVV,0,au,2,1,ictus,0.2283398737925954,1.1815286834611434,591.474530585654,1075.4169126431036,55,LO
60,3,"laula,",la,C V,1,a,2,0,off,0.1210893270112247,1.4461953553571063,593.029151841971,1013.1914080009324,55,LO
61,4,"suukene,",suu,CVV,0,uː,2,1,ictus,0.3598082859762108,1.852865706105141,399.9662796748486,791.8321234468083,55,LO
62,5,"suukene,",ke,CV ,1,e,1,0,off,0.2924511441994939,2.3837841637096253,620.5213244773856,944.5225230103472,55,LO
63,6,"liigu,",lii,CVV,0,iː,2,1,ictus,0.2133514841649413,4.217824262715796,392.91296461721936,1845.771677031082,55,LO
64,7,"liigu,",gu,C V,1,u,2,0,off,0.1248924473445942,4.504697594047936,454.73381034570986,1001.4629983915682,55,LO
65,8,linnu,lin,CVVC,0,i,2,1,ictus,0.1340733370435423,4.705151696491454,408.9279576855647,1337.347037557898,55,LO
66,9,linnu,nu,CV ,1,u,1,0,off,0.1470985480161708,4.997298802635749,452.3792985098818,885.3351329584635,55,LO
67,10,"keelekene,",kee,CVV,0,eː,2,1,ictus,0.2554255830599166,5.299675373884865,532.5988579682295,820.1584273271259,55,LO
68,11,"keelekene,",le,C V,1,e,2,0,off,0.1482806854562888,5.570726161355903,683.4900846975991,891.7577833903761,55,LO
69,12,"mõlgu,",mõl,CVVC,0,ɵ,2,1,ictus,0.1110618446149844,8.049395822753883,691.2576332830442,1389.9362043849164,55,LO
70,13,"mõlgu,",mõl,CVVC,0,l,2,1,ictus,0.103936223647155,8.156894856884954,408.7956834970468,1491.252298165359,55,LO
71,14,"mõlgu,",gu,C V,1,u,2,0,off,0.0914404953452621,8.402513239939253,314.36864666057335,827.1653693639734,55,LO
72,15,marja,mar,CVVC,0,a,2,1,ictus,0.0779416149167939,8.599736485714573,712.6186113922619,1477.5331764789423,55,LO
73,16,marja,ja,CV ,1,a,1,0,off,0.1637581056487089,8.906156830602132,705.7724941609957,1214.7773256563632,55,LO
74,17,"meelekene,",mee,CVV,0,eː,2,1,ictus,0.2736973466698842,9.215821589031318,556.1223655855288,799.8772653885144,55,LO
75,18,"meelekene,",le,C V,1,e,2,0,off,0.1492894618199365,9.497435801100742,529.1687506833536,811.0677392955528,55,LO
76,19,"ilutse,",i,V,0,i,1,1,ictus,0.2415479826595046,11.432023887595202,404.75093655923473,1613.5971527195918,55,LO
77,20,"ilutse,",lut,CVCC,1,ʊ,2,0,off,0.0883097828648882,11.659422072970456,450.43769855857215,1502.9821250430737,55,LO
78,21,südämekene!,sü,CV ,0,y,1,1,off,0.0978518894233069,12.25039683509396,453.40327119101966,1732.3890207822074,55,LO
79,22,südämekene!,dä,CV ,1,æ,1,0,ictus,0.2070212942570304,12.50621202633409,754.0788322117078,1260.9803229259564,55,LO
80,23,vait,vait,CVVCC,0,a,3,1,ictus,0.2246113275194741,15.728686908028031,523.7696170296771,959.2088408994974,55,LO
81,24,musta,mus,CVVC,0,u,2,1,ictus,0.1480387926508903,19.05923293144813,629.1130755265638,811.6817372676965,55,LO
82,25,musta,ta,CV ,1,a,1,0,off,0.1656807213087638,19.39711421726531,715.1980748159641,1222.9008248868693,55,LO
83,26,valge,val,CVVC,0,al,2,1,ictus,0.2316461936817013,21.44848972675972,648.3141885190972,1310.7468352100395,55,LO
84,27,valge,ge,CV ,1,e,1,0,off,0.1188912583465686,21.7679620435426,529.640183386269,597.6623377495132,55,LO
85,28,lauade,lau,CVV,0,au,2,1,ictus,0.2439470468791214,22.05607965791368,673.2928331267963,1276.4626715925192,55,LO
86,29,"vahele,",va,CV ,0,a,1,1,off,0.1994118637139728,22.985525274505648,575.5654159067744,997.7305013442584,55,LO
87,30,"vahele,",he,CV ,1,ɛ,1,0,ictus,0.2819326470740115,23.3184574806361,711.5014486118986,1879.75330828937,55,LO
88,31,kena,ke,CV ,0,e,1,1,ictus,0.256958526103876,24.831672069021607,668.2129402654643,2200.0822283413727,55,LO
89,32,kena,na,CV ,1,ɑ,1,0,off,0.1296298236165824,25.112408846794796,739.8668681229686,1702.98656589896,55,LO
90,33,kirstu,kirs,CVCC,0,i,2,1,ictus,0.1135219757115599,25.353091321465115,579.8819129098508,2140.031865267694,55,LO
91,34,kirstu,tu,CV ,1,u,1,0,off,0.1004822893122607,25.684069243894434,486.11406937365024,1056.7645535757024,55,LO
92,35,keske'elle!,kes,CVVC,0,e,2,1,ictus,0.1733511250730615,25.92938745981,590.8735107108465,1125.2874950293017,55,LO
93,36,keske'elle!,ke,CV ,1,e,1,0,off,0.1728523283237457,26.333368339813678,657.4239100257437,2004.882978213,55,LO
94,0,vaesed,vae,CVV,0,a,2,1,ictus,0.089154612301098,0.5562164784861499,722.9277587987921,1894.3538303767068,69,LO
95,1,vaesed,vae,CVV,0,e,2,1,ictus,0.1538453876989021,0.6777164784861499,701.2378330397318,2083.414680395448,69,LO
96,2,vaesed,sed,CVVC,1,e,2,0,off,0.0922182270650646,0.8886614443449248,470.3690404153605,2025.528473597832,69,LO
97,3,öösed,öö,V V,0,øː,2,1,ictus,0.2134013529415794,1.1481719108190367,441.73613368843456,1943.1354426917455,69,LO
98,4,öösed,sed,CVVC,1,e,2,0,off,0.0991869108346419,1.4209944130634045,655.6224877084333,2153.770535647448,69,LO
99,5,"orjad,",or,VVVC,0,o,2,1,ictus,0.1171667862928693,1.6298675484752323,867.5281874260783,1023.2636451260616,69,LO
100,6,"orjad,",jad,CVVC,1,a,2,0,off,0.0917777312610252,1.9316944677028205,1505.78992691648,2037.1791759465923,69,LO
101,7,öösed,öö,V V,0,øː,2,1,ictus,0.2428844345979821,3.719361793582462,344.3242984931224,1981.1742063361253,69,LO
102,8,öösed,sed,CVVC,1,e,2,0,off,0.0533503382353948,3.9769877690086446,498.35355487181687,2083.530012379,69,LO
103,9,"orjad,",or,VVVC,0,o,2,1,ictus,0.1708450982512124,4.170514950874393,805.306196810464,1360.3687247733346,69,LO
104,10,"orjad,",jad,CVVC,1,a,2,0,off,0.0968729825853227,4.442399272298998,769.3040532543887,1826.9815437946413,69,LO
105,11,päesed,päe,CVV,0,æ,2,1,ictus,0.143203539473955,4.72415522677021,785.5886230566558,2158.1410474533304,69,LO
106,12,päesed,päe,CVV,0,e,2,1,off,0.073005726006329,4.832259859510352,694.8361221951795,2023.2765334109315,69,LO
107,13,päesed,sed,CVVC,1,e,2,0,off,0.0505424256966895,5.002138568102005,416.0915821164395,1849.889593483105,69,LO
108,14,"pärjad,",pär,CVVC,0,æ,2,1,ictus,0.0864865789114386,5.245915115270539,855.010404024102,1887.6650260928648,69,LO
109,15,"pärjad,",jad,CVVC,1,a,2,0,off,0.0979293894303952,5.535305248429683,1494.4222349128677,1908.0953893102576,69,LO
110,16,kinnikiilutud,kin,CVVC,0,i,2,1,ictus,0.1243570718144555,7.426580449548311,321.54350554393227,2177.479318344818,69,LO
111,17,kinnikiilutud,ni,CV ,1,i,1,0,off,0.1480005488288087,7.703253398822568,337.103807192438,2153.3196728547723,69,LO
112,18,"sulased,",su,CV ,0,u,1,0,off,0.1159593400481249,8.842049082905952,469.7829270399912,1488.8120471432378,69,LO
113,19,"sulased,",la,CV ,1,ɑ,1,0,ictus,0.1892419282236002,9.040967671502138,912.7979501356558,1756.952986304062,69,LO
114,20,raudapandud,rau,CVV,0,au,2,1,ictus,0.2501169540857368,11.07025438710374,723.1974798065952,1258.2152551883416,69,LO
115,21,raudapandud,da,C V,1,a,2,0,off,0.0807255777737037,11.320371341189478,1043.6437751730543,1366.0312245997052,69,LO
116,22,"palgalised,",pal,CVVC,0,al,2,0,ictus,0.221242423223801,12.154685158830569,907.5044506041252,1796.0830857481276,69,LO
117,23,"palgalised,",ga,CV ,1,a,1,0,off,0.1915085610039355,12.464550135509915,1012.4587442635708,1548.9975555901617,69,LO
118,24,teisi,tei,CVV,0,ei,2,1,ictus,0.2514403242131759,15.47805745439064,490.17003988589727,2171.8010893264263,69,LO
119,25,teisi,si,CV ,1,i,1,0,off,0.1442473438907168,15.760596976598602,443.903961725887,1945.6806191095704,69,LO
120,26,teenimä,tee,CVV,0,eː,2,1,ictus,0.2845245773991216,16.0693430976034,457.4096117175415,1916.3624407225564,69,LO
121,27,teenimä,ni,CV ,1,i,1,0,ictus,0.1468940841455932,16.349897564620207,396.8636419598752,2308.9126950723985,69,LO
122,28,endi,en,VVVC,0,e,2,1,ictus,0.1257201621065888,18.66112402976892,516.2765602380315,2124.530798432204,69,LO
123,29,endi,di,CV ,1,i,1,0,off,0.0992527595578316,18.982702970736295,455.5106247785259,2123.555157829132,69,LO
124,30,vara,va,CV ,0,a,1,1,ictus,0.2037989996254161,19.290386525365584,955.0409603156464,1493.9794205279045,69,LO
125,31,vara,ra,CV ,1,ɑ,1,0,off,0.1130352223368973,19.52688247386557,1367.6589766294935,1891.2420493390457,69,LO
126,32,vaevama,vae,CVV,0,ae,2,1,ictus,0.2355598826839227,19.82066016377001,854.6543660840335,2160.1939992835883,69,LO
127,33,vaevama,va,CV ,1,a,1,0,ictus,0.1406781148201972,20.12920584411891,870.1448458855936,1565.477016907308,69,LO
128,34,Teeni,tee,CVV,0,ee,2,1,ictus,0.2699675059973074,22.63759975480856,477.3277212246952,1999.40935731006,69,LO
129,35,Teeni,ni,CV ,1,i,1,0,off,0.1058696101950218,22.871836267365044,337.23820566661755,2364.687573482141,69,LO
130,36,saksa,sak,CVCC,0,a,2,1,ictus,0.088665798538333,23.092177393583437,1011.6094120005008,1696.1086405112442,69,LO
131,37,saksa,sa,CV ,1,a,1,0,off,0.0794022076462681,23.39721420795784,796.6736256183226,1896.3732604468876,69,LO
132,38,sada,sa,CV ,0,a,1,1,ictus,0.2327599107287206,23.689602390271425,808.2704392095393,1142.4430582137006,69,LO
133,39,aastat –,aas,VVVC,0,aː,2,1,ictus,0.2358750532739399,24.14125342799752,1383.64361846899,1518.1471333891943,69,LO
134,40,aastat –,tat –,CVCC,1,a,2,0,off,0.092635908920645,24.475793367327896,1276.0390937208622,1972.9044695939333,69,LO
135,41,saksal,sak,CVCC,0,a,2,1,ictus,0.0833723180285801,26.35220142631584,902.7513406496264,1590.4268799251784,69,LO
136,42,saksal,sal,CVVC,1,al,2,0,off,0.1191033114694022,26.64797464979818,723.19684070289,1779.4959700997215,69,LO
137,43,sel´gäs,sel´,CVCC,0,el,2,1,ictus,0.1667446360571602,26.91486512733422,481.5995856715349,2144.105249114481,69,LO
138,44,sel´gäs,gäs,CVVC,1,æ,2,0,off,0.0562842793212325,27.122282870357527,717.5642573574856,1306.8994291927202,69,LO
139,45,"siidikuube,",sii,CVV,0,iː,2,1,ictus,0.2356738226081738,27.446531884997405,446.5777484635445,1981.218359672032,69,LO
140,46,"siidikuube,",di,CV ,1,i,1,0,off,0.1023551625261554,27.72608290523112,422.7672169916087,2203.7533055869408,69,LO
141,47,vaesellapsel,vae,CVV,0,ae,2,1,ictus,0.2205999694687186,30.24451960684632,742.4122583693922,2013.089689680976,69,LO
142,48,vaesellapsel,sel,CVVC,1,ell,2,0,off,0.2033514121851531,30.58812902431096,424.4710741072351,2003.472284956842,69,LO
143,49,vanad,va,CV ,0,a,1,1,ictus,0.2252888473850163,31.32448745347597,1000.0088865389226,1492.9739368353214,69,LO
144,50,vanad,nad,CVVC,1,ɑ,2,0,off,0.1284006368919357,31.565787330726707,1406.6718056185382,1775.142955302818,69,LO
145,51,"riided,",rii,CVV,0,iː,2,1,ictus,0.1619760209844543,31.870065751494398,383.98287595443645,1961.1468104409892,69,LO
146,52,"riided,",ded,CVVC,1,e,2,0,off,0.079608980802206,32.07448717626556,520.2140525482268,2006.0759843838896,69,LO
147,53,orjukesel,or,VVVC,0,o,2,1,ictus,0.0961114688021425,34.03320957593918,568.0373284704555,1209.9453266804808,69,LO
148,54,orjukesel,ju,C V,1,ju,2,0,off,0.1607381461001296,34.24283200358523,319.7517563961589,1737.3967206584266,69,LO
149,55,omad,o,V,0,o,1,1,ictus,0.2435928605847337,35.122981623515926,888.5986287808274,1735.5931556758776,69,LO
150,56,omad,mad,CVVC,1,ɑ,2,0,off,0.101082751671214,35.3798312384182,1181.2957317691828,1631.2527026925056,69,LO
151,57,"riided,",rii,CVV,0,iː,2,1,ictus,0.1708357465744185,35.69309957653806,379.9493229763758,2224.201372169053,69,LO
152,58,"riided,",ded,CVVC,1,e,2,0,off,0.0894830916433733,35.87960020149649,465.3752786861174,2019.9897356320091,69,LO
153,59,pajupuust,pa,CV ,0,a,1,1,ictus,0.2569546615018794,37.79786135864128,1073.467956642853,1714.1786145301735,69,LO
154,60,pajupuust,ju,CV ,1,ʊ,1,0,off,0.1116400732982327,38.03579157185615,475.1667526567848,1496.363301387314,69,LO
155,61,pastlad,past,CVCC,0,a,2,1,ictus,0.1221153575628619,38.7815946331465,1193.5948040577605,1764.2218983693897,69,LO
156,62,pastlad,lad,CVVC,1,a,2,0,off,0.1045840493388894,39.11305124291096,1042.5630502711524,1678.5284913156354,69,LO
157,63,"jalgas,",jal,CVVC,0,al,2,1,ictus,0.1927027936354193,39.37183115738324,403.5499112202697,1845.27863494398,69,LO
158,64,"jalgas,",gas,CVVC,1,a,2,0,off,0.1053626785344761,39.59988590236904,841.0435999342436,1597.0802505753652,69,LO
159,65,kuusekoorest,kuu,CVV,0,uː,2,1,ictus,0.202407250868859,41.61519600263296,372.7092218087323,691.1864739277796,69,LO
160,66,kuusekoorest,se,CV ,1,e,1,0,off,0.0956582213010364,41.87790952345247,486.3392655230356,1918.658733570709,69,LO
161,67,selgas.,sel,CVVC,0,el,2,1,ictus,0.2113597188329237,43.21286219649432,412.2069711910576,2180.41491056203,69,LO
162,68,selgas.,gas,CVVC,1,a,2,0,off,0.0998382591472051,43.43218773387621,1559.7849124378222,2001.019597319045,69,LO
163,0,miks,miks,C  ,0,i,3,1,ictus,0.1039651386468509,2.6904496895048315,489.4635707556296,1196.1127158526597,94,LK
164,1,sa,sa,CVVV,0,a,3,1,off,0.1253408207561972,2.9751102018668005,929.95936951364,1546.3080203746345,94,LK
165,2,mullu,mul,CVVC,0,ull,2,1,ictus,0.2238505077576049,3.250477408073814,673.6902180140477,1645.964016796962,94,LK
166,3,mullu,lu,CV ,1,u,1,0,off,0.1479170694118292,3.456227058568345,565.5404328044591,1088.7435913611357,94,LK
167,4,meile,mei,CVV,0,ei,2,1,ictus,0.2359466430951706,3.7079630780248527,755.8427074168636,1510.4670776538942,94,LK
168,5,"tulnud,",tul,CVVC,0,ul,2,1,ictus,0.1519557547736454,4.197786783579258,539.1805715045831,1242.740514116569,94,LK
169,6,"tulnud,",nud,CVVC,1,u,2,0,off,0.1349269262904133,4.419925667509146,499.15728265636056,1029.8894816591396,94,LK
170,7,murumullu,mu,CV ,0,u,1,1,ictus,0.1056258555423372,4.732715651992574,674.5308324513782,1072.731537989071,94,LK
171,8,murumullu,ru,CV ,1,ʊ,1,0,off,0.1996561035301622,4.935300739388445,565.1770489342106,1101.5984924797024,94,LK
172,9,"käinud,",käi,CVV,0,æi,2,1,ictus,0.2040605300760258,6.194527797353654,710.4132018463602,1722.9358241023192,94,LK
173,10,"käinud,",nud,CVVC,1,u,2,0,off,0.0966424067685647,6.404206690912627,524.6373248120842,1190.8830047299682,94,LK
174,11,käsud,kä,CV ,0,æ,1,1,ictus,0.2206604702149288,10.269098805719562,901.3811648106964,1378.550634512292,94,LK
175,12,käsud,sud,CVVC,1,ʊ,2,0,off,0.1328247490614131,10.53796180583581,519.5272546590966,1114.5037387192588,94,LK
176,13,järele,jä,CV ,0,æ,1,1,ictus,0.2249901219272452,10.858851822119426,835.0184860198221,1474.928463212746,94,LK
177,14,järele,re,CV ,1,ɛ,1,0,off,0.1939596181300569,11.130358350382783,705.8808985997756,1357.082077270457,94,LK
178,15,ja,ja,CVVV,0,a,3,1,off,0.1241099773242631,11.595565192743765,822.1907862194247,1301.7699004795145,94,LK
179,16,sõitsid,sõit,CVCC,0,ɵii,2,1,ictus,0.1547510522903206,11.836826713053856,621.9875396169784,1522.378158512645,94,LK
180,17,sõitsid,sid,CVVC,1,i,2,0,off,0.0910772864701439,12.110840797430082,576.753637476277,2003.543486791431,94,LK
181,18,sajad,sa,CV ,0,a,1,1,ictus,0.2301396109096298,12.433093614978624,888.4886893083875,1419.7890544866475,94,LK
182,19,sajad,jad,CVVC,1,ɑ,2,0,off,0.0570646709945616,12.67643308400385,856.7658054175184,1316.5263548606704,94,LK
183,20,"sõnumida,",sõ,CV ,0,ɵ,1,1,ictus,0.2681825932633153,12.98811585648937,665.8362348085502,1502.7393776395002,94,LK
184,21,"sõnumida,",num,CVVC,1,ʊ,2,0,off,0.1472927291945005,13.26899422497191,506.5664747785111,1116.673225454751,94,LK
185,22,tul´lid,tul´,CVCC,0,ull,2,1,ictus,0.2622292934643049,17.353673720933187,747.030173448277,1921.259925588472,94,LK
186,23,tul´lid,lid,CVVC,1,i,2,0,off,0.0811040091185262,17.527955143934953,538.939338693976,2543.545980749197,94,LK
187,24,san´dil,san´,CVCC,0,a,2,1,ictus,0.1582133734057897,17.78308378948759,912.3577152659144,1563.2065884340236,94,LK
188,25,kevadisel,ke,CV ,0,e,1,1,ictus,0.2227198125355087,18.90703213093812,747.2401709777739,1619.8291627481954,94,LK
189,26,kevadisel,va,CV ,1,ɑ,1,0,off,0.1682298809297435,19.18498296682194,792.7522604824701,1366.9518546973152,94,LK
190,27,kehval,keh,CVVC,0,e,2,1,ictus,0.1214334830495964,19.939323997915015,622.6858182227604,1451.693263459013,94,LK
191,28,nüüd,nüüd,CVVVC,0,yyː,3,1,ictus,0.1617347115162637,23.72605692400677,525.6010524623863,1411.1768257067222,94,LK
192,29,riisud,rii,CVV,0,iː,2,1,ictus,0.2268571930783238,24.263858251533403,451.98721985519154,2077.3815755952687,94,LK
193,30,riisud,sud,CVVC,1,u,2,0,off,0.1025940085988033,24.510744757482804,543.6277220877256,1292.8384212714918,94,LK
194,31,"riide'eida,",rii,CVV,0,iː,2,1,ictus,0.2212569583034422,24.81778914544773,369.16953520154425,1872.2831895123247,94,LK
195,32,kakud,ka,C V,0,a,2,1,ictus,0.1244413882843851,25.757492728009765,831.4237243510951,1429.9873074788673,94,LK
196,33,kakud,kud,CVVC,1,u,2,0,off,0.0807187383466256,26.02487354878297,532.6117992251369,1166.142880874356,94,LK
197,34,"kaelakardasida,",kae,CVV,0,ae,2,1,ictus,0.2589726188620957,26.34796837664947,734.3923371526167,1662.2578798325442,94,LK
198,35,"kaelakardasida,",la,C V,1,a,2,0,off,0.1530292747821455,26.604418534938237,920.2386940809494,1303.4053351969987,94,LK
199,36,Võtke,võt,CVCC,0,ɵ,2,1,ictus,0.0846832514777524,30.55993513531892,598.1281153655741,1450.1610932835129,94,LK
200,37,Võtke,ke,CV ,1,e,1,0,off,0.1228800558700804,30.877329724961054,540.5356414861408,1423.5875927016343,94,LK
201,38,kinni,kin,CVVC,0,i,2,1,ictus,0.1633746197363592,31.11684802511269,466.1097707927244,1639.702936216839,94,LK
202,39,kinni,ni,CV ,1,i,1,0,off,0.1164701260039926,31.37209674100653,550.6356575522266,1168.6403950979166,94,LK
203,40,"kuningas,",ku,CV ,0,u,1,1,ictus,0.1830979229996217,31.6129223059314,669.7980242357091,975.1365226161092,94,LK
204,41,"kuningas,",nin,CVVC,1,ɪ,2,0,off,0.1511944934308786,31.81281773614658,608.2266739004024,992.5595688396462,94,LK
205,42,võtke,võt,CVCC,0,ɵ,2,1,ictus,0.0836631674471419,32.95431789226532,767.3695049824972,1502.6003253373474,94,LK
206,43,võtke,ke,CV ,1,e,1,0,off,0.127409867798093,33.28450550766267,556.1595304749197,1368.7428127751875,94,LK
207,44,kinni,kin,CVVC,0,i,2,1,ictus,0.1564811094844742,33.4973538217139,689.0201658795764,1708.3368503536158,94,LK
208,45,kinni,ni,CV ,1,i,1,0,off,0.14098793032759,33.763836503212204,549.6614782034261,1556.6860935389816,94,LK
209,46,kuningas!,ku,CV ,0,u,1,1,ictus,0.1859181498825322,34.01209302943931,706.473058781903,965.1925890077756,94,LK
210,47,kuningas!,nin,CVVC,1,ɪ,2,0,off,0.154931791568778,34.21815231222578,472.8555246952295,901.126218919678,94,LK
211,0,"kul´likene,",kul´,CVCC,0,ull,2,1,ictus,0.3530448783692175,1.621379097651856,449.1300500609548,1289.0634496492262,92,LK
212,1,"kul´likene,",li,C V,1,i,2,0,off,0.1543827770318955,1.8750929253524125,598.3386037770322,1899.8674742710475,92,LK
213,2,mis,mis,CVVVC,0,i,3,1,ictus,0.1625982234707996,2.83125701071358,661.9235303441334,1356.112457365561,92,LK
214,3,see,see,CVVV,0,eeː,3,1,off,0.2002483612435299,3.198575656814336,614.9608074955822,1666.8598469420867,92,LK
215,4,kul´li,kul´,CVCC,0,ull,2,1,ictus,0.3522408199801372,3.5780985502080767,435.89370962042057,1665.5150142447833,92,LK
216,5,kul´li,li,CV ,1,i,1,0,off,0.2098455948817839,3.859141757639037,617.4468307939469,2406.151184526856,92,LK
217,6,meile,mei,CVV,0,ei,2,1,ictus,0.1941539041904469,4.150677078869561,571.8772716819909,1487.200635374971,92,LK
218,7,meile,le,CV ,1,e,1,0,off,0.2598290864416572,4.567607053484146,695.0278440745266,1930.7866066736708,92,LK
219,8,otsib,ot,VVCC,0,oi,2,1,off,0.1753843454296904,5.966226092367769,683.5559395185759,1335.174237933911,92,LK
220,9,otsib,sib,CVVC,1,i,2,0,ictus,0.1008848004684059,6.301474044693549,643.6794955541891,1693.871569351234,92,LK
221,10,küla,kü,CV ,0,y,1,1,off,0.2948940321384166,6.678574433980536,480.661575592487,1677.7963106056327,92,LK
222,11,küla,la,CV ,1,ɑ,1,0,ictus,0.1990007868917125,6.9786596304255,806.844767010724,1446.5864163518606,92,LK
223,12,"kanusida,",ka,CV ,0,a,1,1,off,0.3430282975588179,7.359381352415996,805.2930690490804,1383.0829144188488,92,LK
224,13,"kanusida,",nu,CV ,1,ʊ,1,0,ictus,0.1840000000000001,7.712489795918367,678.3432422742155,1082.410007544057,92,LK
225,14,talu,ta,CV ,0,a,1,1,ictus,0.3443100419551967,9.34873824963212,816.6671600439787,1274.308844985728,92,LK
226,15,talu,lu,CV ,1,ʊ,1,0,off,0.22073855104607,9.765489001120958,630.5130711139043,1136.3304180827097,92,LK
227,16,"anisida,",a,V,0,a,1,1,ictus,0.3704565308313441,10.061086542059664,1047.6501001556196,1351.6614299035252,92,LK
228,17,"anisida,",ni,CV ,1,ɪ,1,0,off,0.2359334271602975,10.4354754632906,458.676276470051,1155.9520227359344,92,LK
229,18,mõisa,mõi,CVV,0,ɵi,2,1,ictus,0.3025825605985268,11.450451144244845,460.9036779796428,1577.5023672426858,92,LK
230,19,mõisa,sa,CV ,1,a,1,0,off,0.2000111814868894,11.774676382045673,813.046617329413,1335.630153150105,92,LK
231,20,paari,paa,CVV,0,aː,2,1,ictus,0.3056045845102186,12.1285166498506,802.9039725577409,1293.6926776820603,92,LK
232,21,paari,ri,CV ,1,i,1,0,off,0.146967921930555,12.43120404919854,514.1052143374209,1305.4285201768423,92,LK
233,22,"partisida,",par,CVVC,0,a,2,1,ictus,0.1302292263537854,12.695078804122964,896.56813964814,1415.3743458624772,92,LK
234,23,"partisida,",ti,CV ,1,i,1,0,off,0.1922142554285866,13.085503983396816,431.6938588673677,1731.7905259848917,92,LK
235,24,kõrtsi,kõrt,CVCC,0,ɵ,2,1,ictus,0.159989239645748,14.04475001945011,664.509359951048,1624.931404169962,92,LK
236,25,kõrtsi,si,CV ,1,i,1,0,off,0.1775486458553405,14.441186454446942,549.2630670405558,1751.1449855780118,92,LK
237,26,kirju,kir,CVVC,0,i,2,1,ictus,0.156404878278435,14.71796836607338,404.64908873795474,1557.3685328182498,92,LK
238,27,kirju,ju,CV ,1,u,1,0,off,0.1755307947535698,15.130891273555331,596.9395974871181,1192.6026244795569,92,LK
239,28,kalkunid.,kal,CVVC,0,al,2,0,ictus,0.308680382531719,15.479577296840215,1006.679938921063,1422.5237689088365,92,LK
240,29,kalkunid.,ku,CV ,1,u,1,0,off,0.2614233718412002,15.90967176340905,541.4037287777537,923.158223376319,92,LK
241,30,Kuidas,kui,CVV,0,ui,2,1,ictus,0.3322013146929237,17.29166273862687,674.8088235927094,1719.8163635883832,92,LK
242,31,Kuidas,das,CVVC,1,a,2,0,off,0.1220286767275027,17.581147946886695,784.3939396581085,1516.8423928959546,92,LK
243,32,kul´li,kul´,CVCC,0,ull,2,1,ictus,0.3552750030008447,17.998775179284543,473.3323666930031,1568.211467678325,92,LK
244,33,kul´li,li,CV ,1,i,1,0,off,0.189822386020559,18.27671140423347,577.3857338504891,1719.0942010708554,92,LK
245,34,Nii,nii,CVVV,0,iiː,3,1,ictus,0.2886728990320364,19.96711930035793,506.7968882093168,2556.0444583982944,92,LK
246,35,kui,kui,CVVV,0,uiː,3,1,off,0.2291941598704809,20.297899313597,659.9429564663325,1863.958146701208,92,LK
247,36,mõisa,mõi,CVV,0,ɵi,2,1,ictus,0.2925341118564297,20.64709688965001,483.84162064629663,1314.928725235735,92,LK
248,37,mõisa,sa,CV ,1,a,1,0,off,0.2290125966296798,20.9932506293806,831.0228710252894,1418.547015455071,92,LK
249,38,mõõduvakk.,mõõ,CVV,0,ɵː,2,1,ictus,0.3640256352485167,21.370958513575903,879.9839789191633,1399.4829380140798,92,LK
250,39,mõõduvakk.,du,CV ,1,u,1,0,off,0.205293526855268,21.725460222320827,713.0448202482314,919.3012903722496,92,LK
251,40,kul´li,kul´,CVCC,0,ull,2,1,ictus,0.3222754460693693,23.468122524699623,440.1216312141338,1462.966536325971,92,LK
252,41,kul´li,li,CV ,1,i,1,0,off,0.2426746069840746,23.750597551226345,591.6220880633541,1608.1836320695245,92,LK
253,42,silmakesed?,sil,CVVC,0,il,2,0,ictus,0.2509085364653352,24.085419285810936,434.7789558472969,1217.4591244986314,92,LK
254,43,silmakesed?,ma,C V,1,a,2,0,off,0.1383213726667875,24.36849558336157,929.710884498716,1381.6639826461874,92,LK
255,44,kulla,kul,CVVC,0,ull,2,1,ictus,0.3334643642393295,26.13477791625087,359.17863169545325,1465.9882009117196,92,LK
256,45,kulla,la,CV ,1,a,1,0,off,0.2148177763499212,26.40891898654549,957.700427495996,1450.9408296183858,92,LK
257,46,karbikes,kar,CVVC,0,a,2,1,ictus,0.199955487022887,26.720021582837035,842.7655831015177,1364.4471383567377,92,LK
258,47,karbikes,bi,C V,1,i,2,0,off,0.1604294023788242,27.14667079061261,419.1759165567439,1846.9146882728703,92,LK
259,48,Kuidas,kui,CVV,0,ui,2,1,ictus,0.3312108096431565,28.525210753885524,680.920270239071,1571.454217809129,92,LK
260,49,Kuidas,das,CVVC,1,a,2,0,off,0.1288167836472951,28.804292277896813,789.4257457883284,1385.1236690258438,92,LK
261,50,nokakene?,no,C V,0,o,2,1,ictus,0.1913930606437617,29.766922322273107,724.0155136526171,1143.5116954493617,92,LK
262,51,nokakene?,ka,C V,1,a,2,0,off,0.1506043755885358,30.13349755591048,844.5884509869238,1350.2826007926658,92,LK
263,52,talu,ta,CV ,0,a,1,1,ictus,0.3459004590567858,31.872232214164374,775.5689930482829,1253.3059363773489,92,LK
264,53,talu,lu,CV ,1,ʊ,1,0,off,0.1721871682769133,32.19510975898986,580.1336202596124,1236.1640446839758,92,LK
265,54,taarinaga.,taa,CVV,0,aː,2,1,ictus,0.3784447981184442,32.588158734953225,849.7725891618179,1421.9773408200813,92,LK
266,55,taarinaga.,ri,CV ,1,i,1,0,off,0.1753435736329294,32.96193478914724,729.6529183550863,804.3599926944837,92,LK
267,56,Kuidas,kui,CVV,0,ui,2,1,ictus,0.3191472115384641,34.0128698374272,656.357305162365,1579.8995282974024,92,LK
268,57,Kuidas,das,CVVC,1,a,2,0,off,0.0995623798601386,34.279984993335376,766.3275166687175,1394.5889949863408,92,LK
269,58,kul´li,kul´,CVCC,0,ull,2,1,ictus,0.3473509778216765,34.6982400491055,483.4538338231957,1442.6369929568868,92,LK
270,59,kul´li,li,CV ,1,i,1,0,off,0.2122537425234156,34.978042409278046,594.1076386088687,1446.2534608628312,92,LK
271,60,küinekesed?,küi,CVV,0,yi,2,1,ictus,0.3038858690989841,35.34071789605201,499.5830006974774,1443.4457671411355,92,LK
272,61,küinekesed?,ne,C V,1,e,2,0,off,0.1399186735419846,35.6303932748694,675.7991350718619,1483.8392833001417,92,LK
273,62,küla,kü,CV ,0,y,1,1,ictus,0.3335408939777906,37.84613922890476,506.91818885525134,1633.83878259626,92,LK
274,63,küla,la,CV ,1,ɑ,1,0,off,0.2313408526538722,38.17905661733297,733.6508699890525,1374.1540392786153,92,LK
275,64,kajukooku.,ka,CV ,0,a,1,1,ictus,0.3884469583064316,38.58800943184088,736.2258216487209,1551.429403794386,92,LK
276,65,kajukooku.,ju,CV ,1,ʊ,1,0,off,0.2438906250817538,38.99634619231587,539.7574550622614,1285.098471089234,92,LK
277,66,kul´li,kul´,CVCC,0,ull,2,1,ictus,0.354492187618824,40.75990791279648,448.7391671133212,1386.146492413861,92,LK
278,67,kul´li,li,CV ,1,i,1,0,off,0.2098593750703514,41.04208369414107,600.8868521258572,1237.5200070710953,92,LK
279,68,sabakene?,sa,CV ,0,e,1,1,ictus,0.2876613274561705,42.08698459257003,572.2855943893843,1358.8104770963369,92,LK
280,69,sabakene?,ba,C V,1,e,2,0,off,0.2021677795166923,42.403987361265294,589.210718813664,1372.3575301417773,92,LK
281,70,mõisa,mõi,CVV,0,ɵi,2,1,ictus,0.3038782757383416,43.44643047664331,408.40652462450566,1435.5282246948757,92,LK
282,71,mõisa,sa,CV ,1,a,1,0,off,0.1931861437560158,43.77346268639049,761.6251996330091,1437.1506672615324,92,LK
283,72,tuuliluuda,tuu,CVV,0,uː,2,1,ictus,0.4014076375824942,44.188913692420165,868.5153549193453,1033.9939537188427,92,LK
284,73,tuuliluuda,li,CV ,1,i,1,0,off,0.1758817917322588,44.54706008284271,400.2941362313135,1446.8997547611837,92,LK
285,0,"Lõpe,",lõ,C V,0,ɵ,2,1,ictus,0.2214009559516505,0.3984687621509764,774.947678568571,932.0726910555431,9,MH
286,1,"lõpe,",lõ,C V,0,ɵ,2,1,ictus,0.2085515197787648,1.2274226510117336,814.0126704869344,1680.2522614785823,9,MH
287,2,"lõpe,",pe,C V,1,e,2,0,off,0.2931760013292723,1.7142666328384744,851.7507669115654,929.8096360417808,9,MH
288,3,"linakene,",li,CV ,0,i,1,1,ictus,0.2229583530566363,2.045269507741341,493.6467193125516,1844.124468585615,9,MH
289,4,"linakene,",na,C V,1,ɑ,2,0,off,0.3129413553406204,2.37941157385462,1072.3382324593144,1417.7213720091763,9,MH
290,5,kui,kui,CVVV,0,uiː,3,1,ictus,0.3822805843250201,5.463635145790795,586.1627516206173,1685.9436690160094,9,MH
291,6,sa,sa,CVVV,0,a,3,1,off,0.1650454537171999,5.846221306549204,1031.6187082116091,1242.1909000908142,9,MH
292,7,"lõpe,",lõ,C V,0,ɵ,2,1,ictus,0.2168271399036596,6.23008450062175,749.3620188253077,1724.2301370376988,9,MH
293,8,siia,sii,CVV,0,iː,2,1,ictus,0.2878182779998228,7.058594019995843,440.62602458727787,2017.4666405630255,9,MH
294,9,siia,a,V,1,ja,1,0,off,0.373815847454753,7.38941108272313,981.5640306576246,1354.990234355814,9,MH
295,10,"jätan,",jä,C V,0,æ,2,1,ictus,0.219520359737249,7.82367330218353,963.533155820814,1910.076039617708,9,MH
296,11,"jätan,",tan,CVVC,1,a,2,0,off,0.2909101520331791,8.275509793452898,946.3406226002148,1401.3480891490883,9,MH
297,12,siia,sii,CVV,0,iː,2,1,ictus,0.37205311422872,10.502911462537943,351.71813412284445,2080.0618342231346,9,MH
298,13,siia,a,V,1,a,1,0,off,0.1965021812292473,10.88052244360026,1078.084591647485,1399.8434373631333,9,MH
299,14,jätan,jä,C V,0,æ,2,1,ictus,0.1709462992459709,11.222064419464251,927.7750088440268,1551.6268225938306,9,MH
300,15,jätan,tan,CVVC,1,a,2,0,off,0.2132191297377978,11.614225820711448,903.6341275658854,1468.978938534391,9,MH
301,16,tsirgu,tsir,CVVC,0,i,2,1,ictus,0.268398882666105,12.01850037800385,664.0006900825472,1404.8488866322948,9,MH
302,17,tsirgu,gu,CV ,1,u,1,0,off,0.2548189963628751,12.451586381443908,695.7492468759393,1061.700236195347,9,MH
303,18,"süia,",süi,CVV,0,yi,2,1,ictus,0.4603699984393952,12.95336261982792,424.39710493080446,1866.43510392292,9,MH
304,19,"süia,",a,V V,1,a,2,0,off,0.2616079042280823,13.374465935017492,985.871028935292,1484.4533145929047,9,MH
305,20,pääsukesel,pää,CVV,0,æː,2,1,ictus,0.4069629378610901,15.45891076779473,978.609889198482,1842.8658278596945,9,MH
306,21,pääsukesel,su,C V,1,u,2,0,off,0.2005220571212902,15.860154472942078,707.3538994467731,1326.1519130663,9,MH
307,22,pääle,pää,CVV,0,æː,2,1,ictus,0.382602439738779,17.0799414105161,1047.0192526020355,1623.7067710978074,9,MH
308,23,pääle,le,CV ,1,e,1,0,off,0.2632789210786477,17.460233712466348,715.3437742994198,2071.194822139422,9,MH
309,24,tulla.,tul,CVVC,0,u,2,1,ictus,0.2937009489644246,17.852664685963255,600.1422113738265,987.71126389751,9,MH
310,25,tulla.,la,C V,1,a,2,0,off,0.313636612287798,18.341673895584087,1041.7884916337666,1399.7544910240576,9,MH
311,26,Jätän,jä,C V,0,æ,2,1,ictus,0.1822971407365408,20.35378100524128,912.8187093936732,1735.425396245006,9,MH
312,27,Jätän,tän,CVVC,1,æ,2,0,off,0.1950667472132536,20.710641437039783,991.5241130613896,1736.9287506732169,9,MH
313,28,päivä,päi,CVV,0,æi,2,1,off,0.3861688345346934,21.524724054482164,885.379945248796,2015.558542544328,9,MH
314,29,päivä,vä,CV ,1,æ,1,0,ictus,0.2062852175989604,21.882763803471622,912.0888354428184,1495.9554018634672,9,MH
315,30,"palada,",pa,CV ,0,a,1,1,off,0.289297636386248,22.23954109656756,1159.830160298776,1424.454021467649,9,MH
316,31,"palada,",la,CV ,1,ɑ,1,0,ictus,0.2381702857205496,22.58017215679945,1030.497199434457,1456.5957326586513,9,MH
317,32,jätän,jä,C V,0,æ,2,1,ictus,0.1748115093536384,25.29539125066093,977.8184417435187,1856.2704806352813,9,MH
318,33,jätän,tän,CVVC,1,æ,2,0,off,0.1724610436802081,25.64612851589082,981.0093046936314,1702.495093032407,9,MH
319,34,vihma,vih,CVVC,0,i,2,1,off,0.2852544538223398,26.356856254172417,464.9041928007603,1828.255687987409,9,MH
320,35,vihma,ma,CV ,1,a,1,0,ictus,0.2461904134710124,26.78401773133199,877.8494471086343,1363.216785164001,9,MH
321,36,"valada,",va,CV ,0,a,1,1,off,0.2474661668935667,27.14242414706688,1047.96773571446,1472.0618679202578,9,MH
322,37,"valada,",la,CV ,1,ɑ,1,0,ictus,0.2538802337047912,27.472883309237883,1020.3615957360272,1401.6491597142217,9,MH
323,38,ligi,li,CV ,0,i,1,1,ictus,0.343919417290575,30.391617520519347,478.4829741012598,2101.906335265988,9,MH
324,39,ligi,gi,CV ,1,ɪ,1,0,off,0.2797091496682853,30.796216096614177,598.3624198018294,1873.8467540213485,9,MH
325,40,maada,maa,CVV,0,aː,2,1,ictus,0.2560671284393052,31.145193019216503,1167.1702079583206,1442.445757861752,9,MH
326,41,maada,da,CV ,1,a,1,0,off,0.2626575872516454,31.591089946213398,944.580812529696,1519.649674928702,9,MH
327,42,ligunema.,li,CV ,0,i,1,1,ictus,0.2937662390930526,31.967374950414897,480.8622273612082,1509.3890525168915,9,MH
328,43,ligunema.,gu,CV ,1,ʊ,1,0,off,0.2939042451413485,32.38631306227605,692.8424320741099,1060.5547042300518,9,MH
329,44,"Perenaine,",pe,CV ,0,e,1,0,ictus,0.3586017995691719,35.55160847346754,677.4571152857733,1463.9674676656623,9,MH
330,45,"Perenaine,",re,CV ,1,ɛ,1,0,off,0.2878589442313384,35.91002160521829,739.3876288772219,2020.9083905188704,9,MH
331,46,"linnukene,",lin,CVVC,0,i,2,1,ictus,0.2413804592319195,37.00993540601952,631.8547663969821,676.7992236843352,9,MH
332,47,"linnukene,",nu,C V,1,u,2,0,off,0.2351232635410198,37.401839190389566,708.4346812990333,1032.7042563031328,9,MH
333,48,tule,tu,CV ,0,u,1,1,ictus,0.3180009941377406,40.261885984597214,621.9281676587278,997.9335741384448,9,MH
334,49,tule,le,CV ,1,ɛ,1,0,off,0.2305163374977823,40.622335065017765,779.9985746097659,1470.7620056332848,9,MH
335,50,talu,ta,CV ,0,a,1,1,ictus,0.3147679495096298,40.999864300238485,1200.503642578583,1418.7464627306667,9,MH
336,51,talu,lu,CV ,1,ʊ,1,0,off,0.2310648591766906,41.35108177075101,547.4209473826272,851.1678902649737,9,MH
337,52,"tuastagi,",tuas,CVVVC,0,u,3,1,ictus,0.3099841086974706,41.7296644082363,672.7380444924943,1047.8386642182616,9,MH
338,53,"tuastagi,",ta,CV ,1,a,1,1,off,0.2498981986606878,42.00960556191538,1049.728495174473,1297.1372020230945,9,MH
339,54,orjal,or,VVVC,0,o,2,1,ictus,0.2470513932241829,45.672860030428446,800.3552212429967,1237.7721984694397,9,MH
340,55,orjal,jal,CVVC,1,a,2,0,off,0.2179232443386141,46.14752958651469,935.937781390505,1470.3175324263166,9,MH
341,56,oodakuta!,ood,VVVVC,0,oː,3,1,ictus,0.3173740500327255,46.49365412929078,793.7702747430682,1203.5867070094732,9,MH
342,57,oodakuta!,a,V V,1,a,2,1,off,0.220724894728626,46.8813154423237,976.2776859711104,1305.9005955751195,9,MH
343,0,Laske,las,CVVC,0,a,2,1,ictus,0.1945432826169622,0.1745080759686907,886.4407408342954,1581.0562054889756,18,MH
344,1,Laske,ke,CV ,1,e,1,0,off,0.1901218443756676,0.5821388225094628,655.7470955387637,2091.7751464779826,18,MH
345,2,sissi,sis,CVVC,0,i,2,1,ictus,0.1687515595427438,0.8940893751745583,400.257510931524,1775.0934139137717,18,MH
346,3,sissi,si,CV ,1,i,1,0,off,0.1893241770180587,1.2916160959298533,467.3935133198321,2059.5841638156303,18,MH
347,4,"kadrisandi,",kad,CVVC,0,a,2,1,ictus,0.2619810954886461,1.6315503394438853,904.3947407712146,1613.7851224470733,18,MH
348,5,"kadrisandi,",ri,CV ,1,i,1,0,off,0.1670082467464977,2.014036763814959,547.911589561845,2074.1232145807658,18,MH
349,6,Laske,las,CVVC,0,a,2,1,ictus,0.1665572562358281,5.768752551020407,875.2063764307483,1580.0950860475232,18,MH
350,7,Laske,ke,CV ,1,e,1,0,off,0.1627626842129625,6.135397569458144,665.3964871782167,2248.8562900094207,18,MH
351,8,sissi,sis,CVVC,0,i,2,1,ictus,0.1646244063507342,6.406592531973554,575.6239882751921,1879.984556325948,18,MH
352,9,sissi,si,CV ,1,i,1,0,off,0.1772559147827985,6.794163955123826,535.417869350235,1554.7145468976985,18,MH
353,10,"kadrisandi,",kad,CVVC,0,a,2,1,ictus,0.2247564439324749,7.105995287447405,1088.7525265410668,1679.6744094174278,18,MH
354,11,"kadrisandi,",ri,CV ,1,i,1,0,off,0.1644624704972033,7.449520593103223,621.2364424061423,1971.7133730674557,18,MH
355,12,kadril,kad,CVVC,0,a,2,1,ictus,0.2155274119570354,10.916384536651869,1187.4150823657842,1443.01517236019,18,MH
356,13,kadril,kad,CVVC,0,i,2,1,off,0.1420407943894588,11.267294229222644,476.14144810117614,2181.758862698834,18,MH
357,14,küüdse,küüd,CVVC,0,yy,2,1,ictus,0.2462718180679477,11.589940901344068,660.892957592667,2225.175787228501,18,MH
358,15,küüdse,se,CV ,1,e,1,0,off,0.1821145190119359,11.940922385202988,738.1963198855126,2153.05924091728,18,MH
359,16,"külmeteve,",kül,CVVC,0,y,2,1,ictus,0.17557820417586,12.205885815953522,515.6396404632359,2016.278556613776,18,MH
360,17,"külmeteve,",me,C V,1,e,2,0,off,0.1262584839017417,12.556974534182611,832.2205925248315,1658.2015472968862,18,MH
361,18,kadril,kad,CVVC,0,a,2,1,ictus,0.2138447200959774,16.17903221761641,1184.7807039489912,1400.134248070971,18,MH
362,19,kadril,ril,CVVC,1,i,2,0,off,0.0985593174767558,16.5070697288504,510.7150529345655,1943.0654670170736,18,MH
363,20,varba,var,CVVC,0,a,2,1,ictus,0.1339010344051452,16.76732170876064,933.8286245000866,1477.9608546554905,18,MH
364,21,varba,ba,CV ,1,a,1,0,off,0.1835993299115834,17.176961450230863,1105.3719445610716,1441.485909269395,18,MH
365,22,valutave!,va,CV ,0,a,1,1,ictus,0.2381143547194604,17.47121133947745,1064.5448454129587,1663.3348235539402,18,MH
366,23,valutave!,lu,C V,1,ʊ,2,0,off,0.1242927897269225,17.73133096867011,719.9212393877409,1125.8485653188502,18,MH
367,24,tullu,tul,CVVC,0,u,2,1,ictus,0.1676870489320023,21.843592003286894,670.2866889821369,1082.377296528526,18,MH
368,25,tullu,lu,CV ,1,u,1,0,off,0.1169407093001666,22.20488544042006,664.911439473875,1031.4663482597575,18,MH
369,26,ümmert,üm,VVVC,0,y,2,1,ictus,0.1989451529930619,26.42337785714869,604.3677594647343,1448.8230907588108,18,MH
370,27,ümmert,mert,CVCC,1,e,2,0,off,0.1573994829869427,26.747850783160143,893.8256931885169,2162.634575294164,18,MH
371,28,"ilma,",il,VVVC,0,i,2,1,ictus,0.2122526002306841,27.0711202542084,565.7221973049208,1354.7405252155174,18,MH
372,29,"ilma,",ma,C V,1,a,2,0,off,0.2259643189902824,27.49222064662732,1135.3787699666536,1563.5602006919748,18,MH
373,30,ümmert,üm,VVVC,0,y,2,1,ictus,0.2089466623782918,27.709676137311604,556.2634661630494,1837.4759080857789,18,MH
374,31,ümmert,mert,CVCC,1,e,2,0,off,0.1144217510359517,28.02656433446616,967.8070096743978,1954.5933239916253,18,MH
375,32,"otsa,",ot,VVCC,0,o,2,1,ictus,0.1646138938934669,28.309155627425262,883.3905329443478,1377.1474535254297,18,MH
376,33,"otsa,",sa,C V,1,a,2,0,off,0.2049937658531533,28.724020762273227,1065.1657595575048,1394.3358480071793,18,MH
377,34,läbi,lä,CV ,0,æ,1,1,ictus,0.1615384732666207,31.507241180033358,961.9011034689976,1544.0225781838703,18,MH
378,35,läbi,bi,CV ,1,ɪ,1,0,off,0.2073178293412461,31.82362219360602,335.8060733126289,2239.237390570947,18,MH
379,36,"sipa-sopa,",si,C V,0,i,2,1,ictus,0.1633156085490128,32.75279322094117,416.9665617684416,1998.8669463580743,18,MH
380,37,"sipa-sopa,",si,C V,0,o,2,1,ictus,0.1760904469155377,33.417243140124434,670.2367946846407,1195.339783441765,18,MH
381,38,"sipa-sopa,",pa,CV ,1,a,1,0,off,0.1947704733294131,33.12575018000196,997.3050170553656,1415.676514572747,18,MH
382,39,"sipa-sopa,",pa,CV ,1,a,1,0,off,0.1764711583356302,33.82846474583448,900.018831065258,1370.0349163217395,18,MH
383,40,läbi,lä,CV ,0,æ,1,1,ictus,0.19915483482756,36.68490554232668,934.9298548546852,1536.3304827838488,18,MH
384,41,läbi,bi,CV ,1,ɪ,1,0,off,0.2370781515607092,37.02880403646453,346.4609274081377,2144.237310381961,18,MH
385,42,laane,laa,CVV,0,aː,2,1,ictus,0.267246562330115,37.36624480894282,959.4957460006468,1482.2110374070396,18,MH
386,43,laane,ne,CV ,1,e,1,0,off,0.19915483482756,37.6728183414055,799.1692808729954,2108.412920863201,18,MH
387,44,lipa-lapa.,li,C V,0,i,2,1,ictus,0.1257820009437296,37.89283004954578,554.6944411304747,1781.6102162740954,18,MH
388,45,lipa-lapa.,li,C V,0,a,2,1,ictus,0.1418114715012279,38.526827610750615,923.7585888858796,1541.156599799624,18,MH
389,46,lipa-lapa.,pa,CV ,1,a,1,0,off,0.1939139181215736,38.28327834414192,1049.333889554087,1497.6004955292706,18,MH
390,47,lipa-lapa.,pa,CV ,1,a,1,0,off,0.2031111895353916,38.90112326043107,1093.009641840065,1398.487916234078,18,MH
391,48,uppus,up,VVVCC,0,u,3,1,ictus,0.1163945398469152,42.15043101062196,835.7183091634503,1106.4783503397257,18,MH
392,49,uppus,pus,CVVC,1,u,2,0,off,0.1392608069850496,42.50545583532772,563.8678616890402,942.0964693348418,18,MH
393,50,ojasse,o,V,0,o,1,1,ictus,0.1953060922855058,42.80645444524345,785.492260060502,1113.264284899235,18,MH
394,51,ojasse,jas,CVVC,1,ɑ,2,0,off,0.127053457007058,43.0852065754423,970.0743632911934,1517.223131884975,18,MH
395,52,vahele,va,CV ,0,a,1,1,ictus,0.239837077963898,47.79880150243144,1053.1560725480117,1503.1089997181357,18,MH
396,53,vahele,he,CV ,1,ɛ,1,0,off,0.2362798951458771,48.1243299821261,729.7124270936557,2140.163226441185,18,MH
397,54,lumi,lu,CV ,0,u,1,1,ictus,0.2048990575630398,51.61859322465167,652.1676545051727,1090.1276220128927,18,MH
398,55,lumi,mi,CV ,1,ɪ,1,0,off,0.2099987304611374,51.932510490514,341.9230901884225,2491.159981379104,18,MH
399,56,rikkus,rik,CVVCC,0,i,3,1,ictus,0.1602189348886327,52.17766543934271,635.2058853935846,1916.6159770575828,18,MH
400,57,rikkus,kus,CVVC,1,u,2,0,off,0.0901690659373315,52.49425072309908,426.1743021422336,947.2272579268234,18,MH
401,58,"loogakirja,",loo,CVV,0,oː,2,1,ictus,0.2508127089750189,52.86527877348807,794.8231485564705,1015.201017966634,18,MH
402,59,"loogakirja,",ga,CV ,1,a,1,0,off,0.1759632145711123,53.16282170533167,995.8953163964084,1370.7577766622285,18,MH
403,60,sadu,sa,CV ,0,a,1,1,ictus,0.2633673062637953,56.65778960350437,1099.0775780917038,1325.335281697929,18,MH
404,61,sadu,du,CV ,1,ʊ,1,0,off,0.2251558349119236,56.97800354331437,606.9434042539034,1062.1796974188392,18,MH
405,62,rikkus,rik,CVVCC,0,i,3,1,ictus,0.1667006545265223,57.20356480835602,635.1441171120971,1251.09863868361,18,MH
406,63,rikkus,kus,CVVC,1,u,2,0,off,0.1355427414509691,57.53026471052063,610.5771974500525,856.0244288675871,18,MH
407,64,"saaniteki,",saa,CVV,0,aː,2,1,ictus,0.2668321233211017,57.88458104679577,1089.8263580398584,1587.7719323613896,18,MH
408,65,"saaniteki,",ni,CV ,1,i,1,0,off,0.1644798221009367,58.18013496635086,611.8622895803454,2073.242389103727,18,MH
409,66,ärmätus,är,VVVC,0,æ,2,1,ictus,0.1702111557018994,61.5961919524532,1120.1769053824785,1700.703436726263,18,MH
410,67,ärmätus,mä,C V,1,æ,2,0,off,0.1112601993396111,61.9218184602457,1084.3179761271103,1467.7063483090524,18,MH
411,68,tõsta,tõs,CVVC,0,ɵ,2,1,ictus,0.1638340347089837,67.26139488566429,723.3703101470838,1849.495476611924,18,MH
412,69,tõsta,ta,CV ,1,a,1,0,off,0.1884013314471389,67.65351153511983,942.2543389994324,1448.684273226722,18,MH
413,70,"Anna,",an,VVVC,0,a,2,1,ictus,0.1825261086643479,71.76255986233448,1181.4000841656732,1325.5155831743864,18,MH
414,71,"Anna,",na,C V,1,a,2,0,off,0.1588723955208308,72.1057992735325,1131.689666240995,1606.7887867375114,18,MH
415,72,sina,si,CV ,0,i,1,1,ictus,0.2512100663549574,72.44460674033478,539.9389994763949,1582.4157937265686,18,MH
416,73,anna,an,VVVC,0,a,2,1,ictus,0.2047887636813783,73.00853216875728,1095.312316784116,1771.032727698264,18,MH
417,74,anna,na,CV ,1,a,1,0,off,0.1803816250386347,73.37343036095007,1060.4435214673797,1747.8387073829913,18,MH
418,75,penki!,pen,CVVC,0,e,2,1,ictus,0.1469727664168658,73.62578366069172,856.5428845997956,1956.1389949882496,18,MH
419,76,penki!,ki,C V,1,i,2,0,off,0.1801284575092268,74.0221233523486,487.1376417208244,2333.464553632551,18,MH
420,77,"Perenaine,",pe,CV ,0,e,1,0,ictus,0.2859933815868487,76.84365195699712,754.2603753212034,1681.5071065514692,18,MH
421,78,"Perenaine,",re,CV ,1,ɛ,1,0,off,0.2022806358841222,77.19513441278355,714.9774613947133,2090.485150333814,18,MH
422,79,"linnukene,",lin,CVVC,0,i,2,1,ictus,0.1774004800863622,78.09774156036127,394.4931374629914,2218.5889181447137,18,MH
423,80,"linnukene,",nu,C V,1,u,2,0,off,0.1006122293592,78.4458635290463,661.4232737994224,1051.8051522900162,18,MH
424,81,tagant,ta,CV ,0,a,1,0,ictus,0.2130611915841882,81.9871721492388,1147.5589113983478,1400.6036951636304,18,MH
425,82,tagant,gant,CVVCC,1,ɑ,3,1,off,0.1273958004828301,82.24799800840108,1135.1042069394418,1541.787516866734,18,MH
426,83,laudjas,laud,CVVC,0,au,2,1,ictus,0.229878220071356,82.60448511028493,939.9265314344332,1508.3503819343496,18,MH
427,84,laudjas,jas,CVVC,1,a,2,0,off,0.0611564531399011,82.90876362257924,840.9468005949884,1590.206995288888,18,MH
428,85,"tasane,",ta,CV ,0,a,1,1,ictus,0.2239115300444893,83.20749331055701,1068.8411014508392,1838.772150517554,18,MH
429,86,"tasane,",sa,CV ,1,ɑ,1,0,off,0.2101312966260167,83.54939861622285,1058.1637965627883,1883.4938626991732,18,MH
430,87,puhu,pu,CV ,0,u,1,1,ictus,0.2140475859896611,86.97136027764606,684.1174154863252,1093.9365815544018,18,MH
431,88,puhu,hu,CV ,1,ʊ,1,0,off,0.1943836376766086,87.29979764477338,362.3791970427988,1010.4610149313486,18,MH
432,89,tuli,tu,CV ,0,u,1,1,ictus,0.268786042771751,87.64196762661966,564.2277581695523,1071.3864353413894,18,MH
433,90,tuli,li,CV ,1,ɪ,1,0,off,0.1887291620748215,87.93993555549942,366.16165229999626,1668.5985123184166,18,MH
434,91,"tubadesse,",tu,CV ,0,u,1,1,ictus,0.2209523468280423,88.23464831394031,454.7786949294454,977.9330685844852,18,MH
435,92,"tubadesse,",ba,CV ,1,ɑ,1,0,off,0.1864285426361647,88.54475538264242,1034.3291626310297,1384.1308899290957,18,MH
436,93,lõõtsu,lõõt,CVCC,0,ɵɵ,2,1,ictus,0.219680900342297,92.1073580292942,695.5960635742324,1596.6734662224262,18,MH
437,94,lõõtsu,su,CV ,1,u,1,0,off,0.1629521323713021,92.4406911925784,514.6159059603714,1159.040142961109,18,MH
438,95,lõke,lõ,C V,0,ɵ,2,1,ictus,0.1371088223620518,92.68324568859371,916.9754683653132,1779.5063897401474,18,MH
439,96,lõke,ke,CV ,1,e,1,0,off,0.1670923165453217,93.06276888684872,775.2119528098707,2272.8164514832383,18,MH
440,97,"põrmandulle,",põr,CVVC,0,ɵ,2,1,ictus,0.1537573473507052,93.31740682115844,714.6967723854573,1739.83604829421,18,MH
441,98,"põrmandulle,",man,CVVC,1,a,2,0,off,0.1451906317460611,93.63745656861964,1084.9684127693088,1858.936263691715,18,MH
442,99,võta,võ,C V,0,ɵ,2,1,ictus,0.1386841922413992,97.02262636355238,673.2242957381679,1424.7094466361386,18,MH
443,100,võta,ta,CV ,1,a,1,0,off,0.1701593481978989,97.39023251894422,954.3579562184711,1622.0866621468222,18,MH
444,101,pirdu,pir,CVVC,0,i,2,1,ictus,0.1395619837468587,97.64102654818062,667.8548474942266,1828.5012248382973,18,MH
445,102,pirdu,du,CV ,1,u,1,0,off,0.1813665356826703,98.0300663069886,535.8103185223506,1151.7596963015842,18,MH
446,103,"pistussesta,",pis,CVVC,0,i,2,1,ictus,0.1524719633695781,98.2690546929184,437.2864701501436,2044.36724261146,18,MH
447,104,"pistussesta,",tus,CVVC,1,u,2,0,off,0.1371525457951747,98.60890491348088,512.6997113960813,1175.6201555078185,18,MH
448,105,võta,võ,C V,0,ɵ,2,1,ictus,0.1371088223620375,102.11858076928196,751.9110051343646,1593.661809836702,18,MH
449,106,võta,ta,CV ,1,a,1,0,off,0.2045753039536464,102.49064729115818,1150.3000655480962,1248.4172237782582,18,MH
450,107,halgu,hal,CVVC,0,a,2,1,ictus,0.1251743057228367,102.7651096587784,978.0557613445616,1548.0313593518815,18,MH
451,108,halgu,gu,CV ,1,u,1,0,off,0.1634105721839915,103.14393617826688,590.089307516647,861.3932072506278,18,MH
452,109,ahju,ah,VVVC,0,a,2,1,ictus,0.1808807750767869,103.35488197716276,986.6864301682816,1170.3193688213194,18,MH
453,110,ahju,ju,CV ,1,u,1,0,off,0.1299197770044458,103.71606808507568,652.3922862426195,1048.329627264559,18,MH
454,111,päälta!,pääl,CVVVC,0,ææ,3,1,ictus,0.1787415813424075,103.95108662945329,1065.267673498534,1729.4561469416744,18,MH
455,112,päälta!,ta,C V,1,a,2,0,off,0.160782288093614,104.3048258987028,1033.0700693366084,1341.0571858965209,18,MH
456,113,pirdu,pir,CVVC,0,i,2,1,ictus,0.1213265118743294,107.5659059443394,680.4751009065544,2350.5811481209307,18,MH
457,114,pirdu,du,CV ,1,u,1,0,off,0.1431046946490823,107.92795144407847,659.0056529397618,1056.7376056471426,18,MH
458,115,"pistussenna,",pis,CVVC,0,i,2,1,ictus,0.1689909605342023,108.16413738537916,407.8463292877156,2078.48198800132,18,MH
459,116,"pistussenna,",tus,CVVC,1,u,2,0,off,0.1374079209819569,108.51701085551008,457.2089803268888,1097.9629839828565,18,MH
460,117,võta,võ,C V,0,ɵ,2,1,ictus,0.1272608056709998,111.9077865882998,803.7025927450019,1600.2671530661526,18,MH
461,118,võta,ta,CV ,1,a,1,0,off,0.1806110822154778,112.24714875310994,1082.4440212021996,1480.252498624366,18,MH
462,119,lõmmu,lõm,CVVC,0,ɵ,2,1,ictus,0.2031972475293741,112.53295857911088,893.9689119949654,1831.2843821082483,18,MH
463,120,lõmmu,mu,CV ,1,u,1,0,off,0.1529681152710935,112.87872830944312,675.14449087289,1092.7233298864558,18,MH
464,121,lõhna,lõh,CVVC,0,ɵ,2,1,ictus,0.1790430212331841,113.14389453306195,768.7620329726059,1629.9880355572834,18,MH
465,122,lõhna,na,CV ,1,a,1,0,off,0.1878368259557845,113.468277003018,1068.263193564833,1794.4799215182452,18,MH
466,123,"päälta,",pääl,CVVVC,0,ææ,3,1,ictus,0.178444984657986,113.71625897487736,1200.9688779529015,1819.219107232744,18,MH
467,124,"päälta,",ta,C V,1,a,2,0,off,0.1736021264424749,114.0847439261244,1045.7488407414369,1578.0934455465508,18,MH
468,125,lõmmu,lõm,CVVC,0,ɵ,2,1,ictus,0.1670658949328896,117.3697832373408,710.4245183608726,1697.0401610246597,18,MH
469,126,lõmmu,mu,CV ,1,u,1,0,off,0.1775470706061668,117.72541123746396,589.7833515106677,1153.2722750535877,18,MH
470,127,lõhna,lõh,CVVC,0,ɵ,2,1,ictus,0.1797118347390238,117.98826893588272,796.6686768411355,1612.6762480539992,18,MH
471,128,lõhna,na,CV ,1,a,1,0,off,0.160664489347468,118.31433189036537,1062.6360232627069,1679.038733942862,18,MH
472,129,"päälta,",pääl,CVVVC,0,ææ,3,1,ictus,0.1682877902229194,118.58402955732478,938.1450243576146,1824.113993308023,18,MH
473,130,"päälta,",ta,C V,1,a,2,0,off,0.1509183440388,118.91354273506792,819.4895423621958,1250.6228679639162,18,MH
474,131,võta,võ,C V,0,ɵ,2,1,ictus,0.1380952167675389,121.49252758446028,783.6552548819253,1618.0225013248476,18,MH
475,132,võta,ta,CV ,1,a,1,0,off,0.2012244587184,121.8772214025984,1179.0896469384325,1620.9038229996258,18,MH
476,133,roogu,roo,CVV,0,oo,2,1,ictus,0.2335754979025921,122.18830088198229,923.7282668906682,2213.1184220615387,18,MH
477,134,roogu,gu,CV ,1,u,1,0,off,0.1686734433374823,122.50680628685473,527.0941819318266,1086.1527725386268,18,MH
478,135,räästa,rääs,CVVC,0,ææ,2,1,ictus,0.1455735401157341,122.73523937265318,903.7993742519898,1156.592867539899,18,MH
479,136,räästa,ta,CV ,1,a,1,0,off,0.1755782041758635,123.11285655047789,999.1701097806948,1354.4489043572437,18,MH
480,137,esta!,es,VVVC,0,e,2,1,ictus,0.153877527255247,123.31272782604827,791.8051657040468,1669.3679873596698,18,MH
481,138,esta!,ta,C V,1,a,2,0,off,0.1800730526836531,123.68065334939254,911.4153396679392,1234.4842913655798,18,MH
482,139,Viskan,vis,CVVC,0,i,2,1,ictus,0.1262584839017364,126.35152375013206,475.61916121131344,2157.487715836587,18,MH
483,140,Viskan,kan,CVVC,1,a,2,0,off,0.1149774444186988,126.6898775294982,942.482118699352,1581.7818664304218,18,MH
484,141,sissi,sis,CVVC,0,i,2,1,ictus,0.1699061210075569,126.9650767738082,602.706276440105,2034.79346697594,18,MH
485,142,sissi,si,CV ,1,i,1,0,off,0.1707442791233404,127.33176561554036,467.33942258411486,1903.6543126604845,18,MH
486,143,"viljaõnne,",vil,CVVC,0,i,2,1,ictus,0.1919750402840918,127.60310962621118,364.88667948286,2090.4022622298944,18,MH
487,144,"viljaõnne,",ja,CV ,1,a,1,0,off,0.1725852673950498,128.0150305664908,991.751414226349,1549.585405631768,18,MH
488,145,kahel,ka,CV ,0,a,1,1,ictus,0.2315494613562805,131.3102381106506,1164.890750570988,1198.99726299795,18,MH
489,146,kahel,hel,CVVC,1,ɛ,2,0,off,0.1134563350003645,131.57051471090116,778.3743914124595,2320.5596328773045,18,MH
490,147,karjaõnne.,kar,CVVC,0,a,2,1,ictus,0.1789961736542693,132.46539120407692,1001.6004412929022,1464.2242082410978,18,MH
491,148,karjaõnne.,ja,CV ,1,a,1,0,off,0.1371088223620518,132.8429508682457,963.78994708868,1555.4496828164772,18,MH
492,149,tuba,tu,CV ,0,u,1,1,ictus,0.236988995595027,136.71635045431907,691.362032508277,922.4266902722476,18,MH
493,150,tuba,ba,CV ,1,ɑ,1,0,off,0.1756394034298694,137.01746025206955,967.1743380019136,1435.9635397157383,18,MH
494,151,puhtas,puh,CVVC,0,u,2,1,ictus,0.1302040615236706,137.28182314394266,655.994549978309,955.3652616867804,18,MH
495,152,puhtas,tas,CVVC,1,a,2,0,off,0.0816075652565189,137.59980375451147,818.1825740319605,1572.955373470049,18,MH
496,153,"pestu,",pes,CVVC,0,e,2,1,ictus,0.1213265118743152,137.8772972944491,632.8992935891083,1722.10897696724,18,MH
497,154,"pestu,",tu,C V,1,u,2,0,off,0.1580991055318747,138.2472274864394,484.3711866587743,1041.1742726178904,18,MH
498,155,sängi,sän,CVVC,0,æ,2,1,ictus,0.1747244302540878,141.5364413563015,909.529317284228,1957.64853539094,18,MH
499,156,ästi,äs,VVVC,0,æ,2,1,ictus,0.1420407943894304,142.1024638996226,988.8054481251232,1357.78418258352,18,MH
500,157,ästi,ti,CV ,1,i,1,0,off,0.1641007830891396,142.49383920596114,353.0805745244573,2254.371249449772,18,MH
501,158,om,om,VVVVC,0,o,3,1,off,0.153379413798433,146.19300220689922,880.3656715285425,1251.1517790051296,18,MH
502,159,elle,el,VVVC,0,e,2,1,ictus,0.1755782041758493,146.4362174810132,705.3917330800381,2388.337924915208,18,MH
503,160,elle,le,CV ,1,e,1,0,off,0.1789121485518023,146.78667447074963,844.4468761254113,1434.171846202094,18,MH
504,161,"perenaine,",pe,CV ,0,e,1,1,ictus,0.2358681060707681,147.08088614657615,751.8668663869272,2205.36130667503,18,MH
505,162,"perenaine,",re,CV ,1,ɛ,1,0,off,0.1895911964760159,147.3813894999218,740.1745140229469,2028.6455933590696,18,MH
506,163,annab,an,VVVC,0,a,2,1,ictus,0.1740506467371005,150.69900956252042,1168.41024111588,1345.1010644413332,18,MH
507,164,annab,nab,CVVC,1,a,2,0,off,0.0877737020722122,150.99669177086236,1092.935263345285,1457.2232414705934,18,MH
508,165,kadril,kad,CVVC,0,a,2,1,ictus,0.222945203263464,151.31531030938456,918.9621404232588,1511.6874245528388,18,MH
509,166,kadril,ril,CVVC,1,i,2,0,off,0.0956802573317929,151.6331462939615,763.817703844657,2271.083919495284,18,MH
510,167,karaskit.,ka,CV ,0,a,1,1,ictus,0.2275646661194628,151.95653743818625,1020.28485962516,1318.0297578232544,18,MH
511,168,karaskit.,ras,CVVC,1,ɑ,2,0,off,0.153877527255247,152.18402616100022,953.7686079471586,1447.4698446291509,18,MH
512,169,ma,ma,CVVV,0,a,3,1,off,0.103304353157057,156.37742782850594,1012.1516136931558,1471.6870413239235,18,MH
513,170,juhate,ju,CV ,0,u,1,1,ictus,0.1607565343680903,156.66103448906938,655.9367182398408,998.2444053411582,18,MH
514,171,juhate,ha,C V,1,ɑ,2,0,off,0.1299196726205878,156.92011410593472,1084.038250233144,1642.5988709776566,18,MH
515,172,kambren,kamb,CVCC,0,a,2,1,ictus,0.1684089285435561,160.75162926311626,1066.6362563224116,1394.6842653230367,18,MH
516,173,kambren,ren,CVVC,1,e,2,0,off,0.0999696967166698,161.08388937671776,782.9768312008223,1790.8386262707206,18,MH
517,174,kapi,ka,C V,0,a,2,1,ictus,0.1361063236977884,161.36106845706195,989.4973095913416,1550.8849133171166,18,MH
518,175,kapi,pi,CV ,1,i,1,0,off,0.21583302487889,161.73417997808434,397.9033804005576,2299.92749982737,18,MH
519,176,taha,ta,CV ,0,a,1,1,ictus,0.2200367811809371,165.55737062040873,1034.6417287522474,1044.268496274744,18,MH
520,177,taha,ha,CV ,1,ɑ,1,0,off,0.1320950803008145,165.84438560259738,1045.4622308777475,1267.0925732059031,18,MH
521,178,kanaliha,ka,CV ,0,a,1,1,ictus,0.2668150742482567,166.15284473044954,940.542039560313,1377.0470882679797,18,MH
522,179,kanaliha,na,CV ,1,ɑ,1,0,off,0.2098971863114513,166.49230254063116,1047.2286404485649,1639.020472141881,18,MH
523,180,kana,ka,CV ,0,a,1,1,ictus,0.2387595302915031,170.4753734504294,911.1633497785969,1466.2202063855973,18,MH
524,181,kana,na,CV ,1,ɑ,1,0,off,0.167003697190978,170.76781697690805,1122.6624181359527,1398.7975411702212,18,MH
525,182,kannustenu.,kan,CVVC,0,a,2,1,ictus,0.1683058984022238,171.04878773219508,1063.7757819766125,1895.9823384540584,18,MH
526,183,kannustenu.,nus,CVVC,1,u,2,0,off,0.0994465318362358,171.35002474995488,646.8894151036961,1340.093565350519,18,MH
527,184,"Saagu,",saa,CVV,0,a,2,1,ictus,0.2244222714966781,174.87269360201964,1185.3818701873697,1408.694419240198,18,MH
528,185,"Saagu,",gu,C V,1,u,2,0,off,0.1502851263363425,175.1820220528952,372.5347067178502,982.4252230410276,18,MH
529,186,"saagu,",saa,CVV,0,a,2,1,ictus,0.1943492189906805,175.44868476550465,1038.7757175717263,1556.045717283036,18,MH
530,187,sajatan,sa,CV ,0,a,1,1,ictus,0.197661578356076,176.03941158959512,933.8702970772392,1573.3051973970057,18,MH
531,188,sajatan,ja,C V,1,ɑ,2,0,off,0.0968042465847247,176.30912386633207,1027.096361540654,1594.484128440717,18,MH
532,189,"Saagu,",saa,CVV,0,aa,2,1,ictus,0.2814183673469301,179.59574213435374,1198.1226847886037,1202.703064070426,18,MH
533,190,"Saagu,",gu,C V,1,u,2,0,off,0.1419082643145373,179.8648476270552,444.5002133177964,989.2369228219328,18,MH
534,191,"saagu,",saa,CVV,0,aa,2,1,ictus,0.2460867346938755,180.1290155187075,941.8641946912398,1573.4688054843302,18,MH
535,192,sajatan,sa,CV ,0,a,1,1,ictus,0.1805676621444263,180.77342733983244,998.7263250303216,1516.1895339426646,18,MH
536,193,sajatan,ja,C V,1,ɑ,2,0,off,0.1165903550200653,181.0512005449036,993.5401777961883,1742.1675609093018,18,MH
537,194,tütar,tü,C V,0,y,2,1,ictus,0.1586089268741375,184.7925356323576,635.9921880005895,1999.273188940827,18,MH
538,195,tütar,tar,CVVC,1,a,2,0,off,0.11423209854442,185.13521218742272,975.1924023050946,1468.9166050573206,18,MH
539,196,"seenetagu,",see,CVV,0,e,2,1,ictus,0.2762074996630019,185.4905765907988,651.5564365189664,1755.2792447715692,18,MH
540,197,"seenetagu,",ne,C V,1,e,2,0,off,0.1159509173278081,185.7456138928507,800.6613444193214,2290.162141393174,18,MH
541,198,aia,ai,V V,0,ai,2,1,ictus,0.2941656326632937,189.2050970991816,1038.7822748747828,1534.759143856147,18,MH
542,199,aia,a,V,1,a,1,0,off,0.1459943186181931,189.545488943084,1081.762864834163,1451.6245337924493,18,MH
543,200,hääre,hää,CVV,0,æ,2,1,ictus,0.2500681005445528,189.86539367081616,917.8171502290716,1715.049604786936,18,MH
544,201,hääre,re,CV ,1,e,1,0,off,0.1549087600487553,190.15296617548307,826.7181250186809,1748.5342396036317,18,MH
545,202,"allitagu,",al,VVVC,0,a,2,1,ictus,0.222475640868538,190.3416583759417,1044.6485847797064,1504.3672151430496,18,MH
546,203,"allitagu,",li,C V,1,i,2,0,off,0.0907225131337838,190.6650274868801,667.8787942886589,2231.736341937856,18,MH
547,204,vennal,ven,CVVC,0,e,2,1,ictus,0.1343588540549944,193.89796300494527,794.1982539965411,2354.7339959454816,18,MH
548,205,vennal,nal,CVVC,1,a,2,0,off,0.107694753889973,194.18698980891776,977.079166112003,1570.824798422634,18,MH
549,206,"kandijaksa,",kan,CVVC,0,a,2,1,ictus,0.1929664037388079,195.04848732551736,1129.137460999646,1509.034883706487,18,MH
550,207,"kandijaksa,",di,CV ,1,i,1,0,off,0.2087958739636803,195.44901277730384,463.9334794155429,2033.272900007924,18,MH
551,208,õvve,õv,VVCC,0,ɵ,2,1,ictus,0.2190150204944245,199.27788346412007,861.1718788493193,1370.603378470374,18,MH
552,209,õvve,ve,CV ,1,e,1,0,off,0.1714303511043624,199.59888363418884,759.1006271666859,1908.311251283791,18,MH
553,210,"pühkijaksa,",püh,CVVC,0,y,2,1,ictus,0.1512767789086524,199.84774453095616,494.3159945126788,2057.952345248348,18,MH
554,211,"pühkijaksa,",ki,CV ,1,i,1,0,off,0.1677774043940019,200.24370105615407,411.81971229324665,2062.79052220238,18,MH
555,212,õvve,õv,VVCC,0,ɵ,2,1,ictus,0.1888146438869569,204.00345109642387,686.4730360162511,1579.7880986394166,18,MH
556,213,õvve,ve,CV ,1,e,1,0,off,0.1436458262883775,204.3416017810785,822.6474918078371,1402.3864019429002,18,MH
557,214,"pühkijaksa,",püh,CVVC,0,y,2,1,ictus,0.1849212969124209,204.5958297482728,442.8134679830084,1784.5646323874255,18,MH
558,215,"pühkijaksa,",ki,CV ,1,i,1,0,off,0.1366220090011438,204.96589901470463,400.8879603185765,1685.7106838896718,18,MH
559,216,vennanaistel,ven,CVVC,0,e,2,1,ictus,0.1553788001027101,208.15597065005136,805.2512492580249,1933.7209490319865,18,MH
560,217,vennanaistel,na,CV ,1,a,1,0,off,0.1655553598963877,208.49075001215124,1116.397304906663,1917.867450719514,18,MH
561,218,vemmeldada!,vem,CVVC,0,e,2,1,ictus,0.1538164310281615,209.3036048181445,706.2564814387817,2130.406454605346,18,MH
562,219,vemmeldada!,mel,CVVC,1,e,2,0,off,0.1094895886135418,209.5942723601817,735.159503790007,2131.1373212017197,18,MH
563,220,ole,o,V,0,o,1,1,ictus,0.2029332735731941,213.35510687173607,746.7677358880305,1128.772601236714,18,MH
564,221,ole,le,CV ,1,ɛ,1,0,off,0.1571525300319081,213.61703512954185,860.4657464372962,1638.9886362068744,18,MH
565,222,"näl´lasandi,",näl´,CVCC,0,æ,2,1,ictus,0.184574935657281,213.8644987588876,992.5465103380666,1818.2373213973856,18,MH
566,223,"näl´lasandi,",la,CV ,1,a,1,0,off,0.1555944062450862,214.18945355967097,962.9699570217224,1754.035376742281,18,MH
567,224,pal´lalt,pal´,CVCC,0,a,2,1,ictus,0.1459695476578986,217.87885238329875,897.3742051829998,1575.8192865303283,18,MH
568,225,pal´lalt,lalt,CVCC,1,a,2,0,off,0.1202418228332931,218.17394866411595,852.8709301226744,1377.4775029958414,18,MH
569,226,lasandi.,las,CVVVC,0,a,3,1,off,0.1778640000981113,218.7518623765523,1036.2428484241275,1643.4837803754142,18,MH
570,227,lasandi.,an,VVVC,1,ɑ,2,1,ictus,0.1570408680119044,219.02536444274057,1183.283438247546,1566.7367105841622,18,MH
571,0,Kelle,kel,CVVC,0,e,2,1,ictus,0.1591071524618356,0.1049652928012035,469.30622091138457,1315.902305599643,77,LO
572,1,Kelle,le,CV ,1,e,1,0,off,0.2802800784691608,0.4082303418830196,603.9457145632364,931.9888241654344,77,LO
573,2,Meie,mei,CVV,0,ei,2,1,ictus,0.3941617059142688,2.6737260054283363,507.3558630100301,1682.260594591923,77,LO
574,3,Metu,me,C V,0,e,2,1,ictus,0.1510714376910353,5.727566797801137,741.7277640418996,1804.3590209582176,77,LO
575,4,olid,o,V,0,o,1,1,off,0.0879523798315649,8.575492843530927,509.0453882314418,1044.14360886728,77,LO
576,5,olid,lid,CVVC,1,ɪ,2,0,off,0.0823328680771897,8.705991921143077,577.4862215150401,929.4418857800588,77,LO
577,6,oksa,ok,VVCC,0,o,2,1,ictus,0.143035722920235,8.869820245465817,852.8408048407856,1309.0345049566329,77,LO
578,7,Metu,me,C V,0,e,2,1,ictus,0.1301785792869552,10.824747353712128,744.3705004325378,1655.828112564792,77,LO
579,8,oksale?,ok,VVCC,0,o,2,1,ictus,0.1646411086502173,12.278241900303428,748.3964430044857,1166.9452415363833,77,LO
580,9,oksale?,sa,CV ,1,a,1,0,off,0.2089285840407928,12.686812474323006,811.5689870364024,1363.6847980211646,77,LO
581,10,õita,õi,V V,0,ɵi,2,1,ictus,0.2025000122241547,14.171966946514331,618.9555550448941,1767.373157994379,77,LO
582,11,Metu,me,C V,0,e,2,1,ictus,0.1147101972447366,16.06863202470408,731.981425825589,2081.0778809531867,77,LO
583,12,Metu,tu,CV ,1,u,1,0,off,0.2187596095244934,16.4522330502271,558.2888109923972,1193.5556205868131,77,LO
584,13,õuna,õu,V V,0,ɵu,2,1,ictus,0.3070166958966744,16.72237687030826,504.5224922218825,1199.779726327207,77,LO
585,14,õuna,na,CV ,1,a,1,0,off,0.2286896600954051,17.05934479127689,537.8309880574914,1314.5047539374525,77,LO
586,15,valmis,val,CVVC,0,al,2,1,ictus,0.3104404402828677,22.70896700283325,655.5056625768003,1250.0390206375512,77,LO
587,16,valmis,mis,CVVC,1,i,2,0,off,0.0958316141742763,22.99443723378902,303.8824480935433,1787.6326079435903,77,LO
588,17,"saanud,",saa,CVV,0,aː,2,1,ictus,0.2375544238686302,23.342467661534748,645.0163790681653,1457.2860045315413,77,LO
589,18,"saanud,",nud,CVVC,1,u,2,0,off,0.1012305783531068,23.592844625328105,347.13745016101507,1060.21753111242,77,LO
590,19,tuli,tu,CV ,0,u,1,1,ictus,0.2086735920829028,23.95148466796082,535.3053211161988,937.44078762887,77,LO
591,20,tuli,li,CV ,1,ɪ,1,0,off,0.1427195216002523,24.2146812248024,393.79143594641454,2295.599670550551,77,LO
592,21,tõstis,tõs,CVVC,0,ɵ,2,1,ictus,0.1039300604425257,25.07646614410944,512.9225633559329,1522.2053235809249,77,LO
593,22,tõstis,tis,CVVC,1,i,2,0,off,0.0877331679060304,25.413901405286467,427.4689883043798,2272.0801484456997,77,LO
594,23,"torma,",tor,CVVC,0,o,2,1,ictus,0.1106787656660657,25.696768621894428,800.0804700945831,1273.0393127815507,77,LO
595,24,"torma,",ma,C V,1,a,2,0,off,0.1315144794703151,26.021676142213543,423.57777129916656,1334.7504041417342,77,LO
596,25,raputase,ra,C V,0,a,2,1,ictus,0.1430448022730033,26.253383341978413,693.0395805932443,1269.8733125460951,77,LO
597,26,meresse.,me,CV ,0,e,1,1,ictus,0.2827267435732317,27.57063095111498,721.1205569393175,1287.7981105872382,77,LO
598,27,meresse.,res,CVVC,1,ɛ,2,0,off,0.1463683444211483,27.853590422210576,610.8130816410152,1336.2796959444624,77,LO
599,28,üles,ü,V,0,y,1,1,ictus,0.2242641700231011,29.44242330533322,376.9479173943344,1447.5260480622237,77,LO
600,29,üles,les,CVVC,1,ɛ,2,0,off,0.1319208774307938,29.66630654684606,611.6254963382813,711.3903676472753,77,LO
601,30,kirju,kir,CVVC,0,i,2,1,ictus,0.1210183255770047,30.008319188100003,514.0194006228198,895.7077689945115,77,LO
602,31,kirju,ju,CV ,1,u,1,0,off,0.1580870018798705,30.356440934764045,508.17333841442473,1127.2706340072148,77,LO
603,32,"lindu,",lin,CVVC,0,i,2,1,ictus,0.1264696015038993,30.57032164315584,344.4694120471392,1668.5700075770164,77,LO
604,33,lendas,len,CVVC,0,e,2,1,ictus,0.1326003078689304,31.480942820563342,734.3520391294235,1091.7795871853168,77,LO
605,34,lendas,das,CVVC,1,a,2,0,off,0.1170002716490543,31.81010358480269,758.6915338852814,1746.4905327404458,77,LO
606,35,"läbi,",lä,CV ,0,æ,1,1,ictus,0.2535057742641839,33.37121065453458,783.7731485947688,1739.2903693789738,77,LO
607,36,"läbi,",bi,C V,1,ɪ,2,0,off,0.1372803187348878,33.676578770693,366.5968495114,1701.5822794942846,77,LO
608,37,koppeli.,kop,CVVCC,0,o,3,1,ictus,0.128659533434444,35.14503088228249,575.3108442460613,853.5859164699921,77,LO
609,38,koppeli.,pe,CV ,1,e,1,1,off,0.2074902149526494,35.51229636283058,557.8764249806229,888.7485977121227,77,LO
610,39,koplis,kop,CVCC,0,o,2,1,ictus,0.1124719957632649,37.09036675972958,572.962283016233,1083.2499820784858,77,LO
611,40,koplis,lis,CVVC,1,i,2,0,off,0.0630405683106616,37.41007456420067,481.1458284146935,2017.349103603016,77,LO
612,41,kolmi,kol,CVVC,0,ol,2,1,ictus,0.2839748634200987,37.766788335153926,489.2668798564266,1567.9302425299632,77,LO
613,42,kolmi,mi,CV ,1,i,1,0,off,0.1567510714846491,38.08703780979767,559.7957198040666,2302.447618182104,77,LO
614,43,põesast:,põe,CVV,0,ɵe,2,1,ictus,0.2146321642128654,38.387975400820096,576.2380278517303,1588.856902892032,77,LO
615,44,põesast:,sast,CVCC,1,a,2,0,off,0.1130946403737027,38.64919193728268,667.2458717171055,1430.669806759834,77,LO
616,45,oli,o,V,0,o,1,1,off,0.0868795882936481,39.20882260664682,495.53341599148,1359.6131439553635,77,LO
617,46,oli,li,CV ,1,ɪ,1,0,off,0.0762373196502963,39.316773525302736,385.6494153769185,1108.6861303455596,77,LO
618,47,põesas,põe,CVV,0,ɵe,2,1,ictus,0.2000991563628318,39.55110223356768,587.6452727391047,1571.7414327156723,77,LO
619,48,põesas,sas,CVVC,1,a,2,0,off,0.167458868445486,39.849831825159,876.3109067966886,1601.771075459539,77,LO
620,49,"õbepõesas,",õ,V,0,ɵ,1,0,ictus,0.2541691766159957,40.16192582835866,571.7229381310057,1399.1595673308432,77,LO
621,50,"õbepõesas,",be,C V,1,ɛ,2,0,off,0.1660397254925598,40.47922172478252,528.9079795085843,1235.9462050436434,77,LO
622,51,põesas,põe,CVV,0,ɵe,2,1,ictus,0.2133044721671808,42.02330963568126,578.0236245870309,1629.8618363513565,77,LO
623,52,põesas,sas,CVVC,1,a,2,0,off,0.0841476358090744,42.25814024724146,645.6868165017123,1318.2536040759835,77,LO
624,53,"vaskepõesas,",vas,CVVC,0,a,2,0,ictus,0.1230451848093068,42.576863054663306,763.3273691644954,1610.4997042119471,77,LO
625,54,"vaskepõesas,",ke,C V,1,e,2,0,off,0.1691673123636619,42.93847158343978,535.7424684523208,658.5671167496112,77,LO
626,55,kolmas,kol,CVVC,0,ol,2,1,ictus,0.2389972085280689,44.269904140271535,524.9640896621283,1582.566217632285,77,LO
627,56,kolmas,mas,CVVC,1,a,2,0,off,0.1167057586068054,44.5357659557306,801.0956904965373,1204.333846760199,77,LO
628,57,pesa,pe,CV ,0,e,1,1,ictus,0.2010830670550163,47.68690531722022,550.542372148299,1678.7246318241453,77,LO
629,58,pesa,sa,CV ,1,ɑ,1,0,off,0.119863674877223,47.95261844790133,760.1110914841424,1470.306178619863,77,LO
630,59,"pesitama,",pe,CV ,0,e,1,1,ictus,0.2576209469494372,48.25974589816112,713.2103574905306,2191.22080497393,77,LO
631,60,"pesitama,",si,C V,1,ɪ,2,0,off,0.1033124789705226,48.55575759206636,353.4218408920733,1550.8501676249018,77,LO
632,61,korjama.,kor,CVVC,0,o,2,1,ictus,0.1313107437667895,50.69155734656215,643.7509269153632,943.2812094471276,77,LO
633,62,korjama.,ja,CV ,1,a,1,0,off,0.1491347169764907,51.09356479854123,861.6845435772103,1374.306974916369,77,LO
634,63,pesa,pe,CV ,0,e,1,1,ictus,0.22287224419496,52.786226696725386,553.7521375016495,1248.6012535140362,77,LO
635,64,pesa,sa,CV ,1,ɑ,1,0,off,0.1405500639067298,53.08037790190161,960.4259324549524,1283.932309341856,77,LO
636,65,valmis,val,CVVC,0,al,2,1,ictus,0.2667210884353679,53.38959700963719,588.1487877290963,1101.562866732374,77,LO
637,66,valmis,mis,CVVC,1,i,2,0,off,0.0940809920481484,53.65175768706715,421.8152219201344,1300.3733118719078,77,LO
638,67,"saanud,",saa,CVV,0,aː,2,1,ictus,0.2505329718527207,53.99672481925969,872.6660066920683,1493.4529766926232,77,LO
639,68,"saanud,",nud,CVVC,1,u,2,0,off,0.1052205053598172,54.25090016398676,314.6405636047397,1126.460494607127,77,LO
640,69,mune,mu,CV ,0,u,1,1,ictus,0.174572352971289,55.10016301569122,696.2600330295256,1326.7095319340226,77,LO
641,70,mune,ne,CV ,1,ɛ,1,0,off,0.1987779475252367,55.41746023745138,568.6677926012543,918.817182476918,77,LO
642,71,munema;,mu,CV ,0,u,1,1,ictus,0.2188565280833359,55.738717526381045,398.4051629949872,814.5492968750366,77,LO
643,72,munema;,ne,CV ,1,ɛ,1,0,off,0.1884935418485653,56.04503843759095,650.412375486929,739.6368604795166,77,LO
644,73,munad,mu,CV ,0,u,1,1,ictus,0.1566129283532191,57.538861038302514,537.8947071619014,1068.5301702231232,77,LO
645,74,munad,nad,CVVC,1,ɑ,2,0,off,0.1325186316834887,57.73964684388355,628.4955905516875,1406.6333653332067,77,LO
646,75,"munetud,",mu,CV ,0,u,1,1,ictus,0.1827150830787545,58.120091379141925,629.397514311862,776.5740423958339,77,LO
647,76,"munetud,",ne,C V,1,ɛ,2,0,off,0.1345264897393008,58.3269007588904,646.5011479632207,1220.2236273092442,77,LO
648,77,akkas,ak,VVVCC,0,a,3,1,ictus,0.1224793414044427,59.25336886147189,885.9329037900558,1259.7409869742355,77,LO
649,78,akkas,kas,CVVC,1,a,2,0,off,0.078306464176606,59.508366834559816,765.6420087594487,946.02209777568,77,LO
650,79,poegi,poe,CVV,0,oe,2,1,off,0.2549979730879315,59.86777342654989,563.0331224627018,1462.2636025495424,77,LO
651,80,poegi,gi,CV ,1,i,1,0,off,0.1076389616133326,60.16755551919333,457.81656666837625,784.2244165392325,77,LO
652,81,pojad,po,CV ,0,o,1,1,off,0.272863217973466,62.57623835685363,733.426060516912,992.0136644991186,77,LO
653,82,pojad,jad,CVVC,1,ɑ,2,0,off,0.1153353707398281,62.83474571538967,742.7286617311732,1567.9294906098,77,LO
654,83,"audunud,",au,V V,0,au,2,1,ictus,0.3135556798916994,63.14904546112794,714.8208553185282,1137.76073969136,77,LO
655,84,"audunud,",du,CV ,1,u,1,0,off,0.2037092262417843,63.51252825123089,489.8110979987328,948.1521012072786,77,LO
656,85,neida,nei,CVV,0,ei,2,1,ictus,0.2584135586380256,64.93937451607812,617.1038843327434,2154.4170131850046,77,LO
657,86,neida,da,CV ,1,a,1,0,off,0.1284604115692786,65.20183978054398,691.2188031507509,921.4324262002018,77,LO
658,87,"kasvatama,",kas,CVVC,0,a,2,1,ictus,0.1256668675568448,65.48853600278241,854.7502319383758,1169.028194563902,77,LO
659,88,"kasvatama,",va,C V,1,a,2,0,off,0.1292067793190199,65.80004823785292,700.401110602024,1061.8991140738071,77,LO
660,89,"kasvatama,",kas,CVVC,0,a,2,1,ictus,0.1463812857579824,66.69554219162609,708.4825153960028,1255.961260707245,77,LO
661,90,"kasvatama,",va,C V,1,a,2,0,off,0.1150471322703623,67.00856185639176,678.4925718809684,1110.9682011489176,77,LO
662,91,kangutama,kan,CVVC,0,a,2,1,ictus,0.1946951469190594,67.87368225093495,799.1850499667836,1036.8212161379577,77,LO
663,92,kangutama,gu,C V,1,u,2,0,off,0.1097372646270997,68.21705369186495,411.2003135322197,925.5593780842936,77,LO
664,93,pojad,po,CV ,0,o,1,1,ictus,0.2576884753462565,69.93057101541825,658.9145061222996,1068.5979774633222,77,LO
665,94,pojad,jad,CVVC,1,ɑ,2,0,off,0.1037876122144325,70.17666483193133,699.1182666611489,1025.6353845583665,77,LO
666,95,"kasvatud,",kas,CVVC,0,a,2,1,ictus,0.1432629561103766,70.49143713507286,942.5875802711532,1158.203493966647,77,LO
667,96,"kasvatud,",va,C V,1,a,2,0,off,0.1139057753342172,70.79181381769266,662.6062902604435,1063.7912183591354,77,LO
668,97,akkas,ak,VVVCC,0,a,3,1,ictus,0.1291373697685855,71.7140812198179,823.3248013604218,1179.3911869235662,77,LO
669,98,akkas,kas,CVVC,1,a,2,0,off,0.0720000000000027,71.99430729166667,674.5316801942581,1013.5022249767632,77,LO
670,99,neida,nei,CVV,0,ei,2,1,ictus,0.241001238907728,72.3445426770314,490.7975391154909,1672.893945383203,77,LO
671,100,neida,da,CV ,1,a,1,0,off,0.1577454792265058,72.6169160360985,765.5728904141204,1491.0277957695314,77,LO
672,101,peale,pea,CVV,0,ea,2,1,ictus,0.2544087924216569,75.2921294108925,704.2265675530726,1484.3241913224454,77,LO
673,102,peale,le,CV ,1,e,1,0,off,0.2424552322419231,75.6351709103435,678.0771808620693,1950.367210021168,77,LO
674,103,"ilma,",il,VVVC,0,il,2,1,ictus,0.2646497375767893,75.88872339525287,370.8022300788638,1980.8949257405973,77,LO
675,104,"taevudes,",tae,CVV,0,ae,2,1,off,0.3322711876417372,77.87741613520409,727.2009572543852,1311.1439628894234,77,LO
676,105,"taevudes,",vu,CV ,1,u,1,0,ictus,0.1374779240465926,78.17129069104826,459.2907296665951,950.2143404441676,77,LO
677,106,kiviks,ki,CV ,0,i,1,0,ictus,0.2475014966032773,79.77120978723053,358.5724903020139,1241.1188124261298,77,LO
678,107,kiviks,viks,C  ,1,ɪ,3,1,off,0.0815467358750652,79.98008388262984,362.49643934845767,1657.8628444934034,77,LO
679,108,peale.,pea,CVV,0,ea,2,1,ictus,0.2546547190484602,80.92729039838504,662.0115695479233,1356.1380734995157,77,LO
680,0,pandi,pan,CVVC,0,a,2,1,ictus,0.1770264394799134,6.947527767240623,863.8356655240407,1544.8302028457188,65,LK
681,1,pandi,di,CV ,1,i,1,0,off,0.1290391054167869,7.202174161618722,530.8549025539842,1179.8910911128255,65,LK
682,2,mind(e),mind,CVCC,0,i,2,1,off,0.0852095252893585,7.364036543379282,786.6731741851517,834.0441863744422,65,LK
683,3,paju,pa,CV ,0,a,1,1,ictus,0.3866169768428902,7.887545732125957,857.2459974770414,1366.5523539185554,65,LK
684,4,paju,ju,CV ,1,ʊ,1,0,off,0.2699159379879798,8.308210803461108,722.7387157711261,1151.961537489136,65,LK
685,5,"raiumaie,",rai,CVV,0,ai,2,1,ictus,0.291411765833784,8.70280110071015,949.2964593151324,1377.0059512178386,65,LK
686,6,"raiumaie,",u,V,1,u,1,0,off,0.3494418144413771,9.143072556450369,577.5985549952123,1143.0469675893753,65,LK
687,7,saare,saa,CVV,0,aː,2,1,ictus,0.401021531643881,13.962831627499945,922.6834907050404,1420.579778114547,65,LK
688,8,saare,re,CV ,1,e,1,0,off,0.2190923328085201,14.34400768847102,760.1441818423366,2414.5132215099584,65,LK
689,9,juuri,juu,CVV,0,uː,2,1,ictus,0.3297794497162059,14.800965150425345,485.8127314550489,1075.2805962191833,65,LK
690,10,juuri,ri,CV ,1,i,1,0,off,0.2512264213793855,15.177944713322532,451.3231008158289,2003.4876215927884,65,LK
691,11,"juksimaie,",juk,CVCC,0,u,2,0,ictus,0.2117315353673312,15.477062398743938,661.7140982816353,1027.5920292755688,65,LK
692,12,"juksimaie,",si,CV ,1,i,1,0,off,0.2697655103865592,15.932365544126446,623.2197185396095,906.427079574938,65,LK
693,13,tamme,tam,CVVC,0,a,2,1,ictus,0.2628181345509759,20.29034324774396,883.777399615539,1367.2525656791815,65,LK
694,14,tamme,me,CV ,1,e,1,0,off,0.2255855654895882,20.7250882453137,786.0973664000325,1301.9019120664568,65,LK
695,15,tüve,tü,CV ,0,y,1,1,ictus,0.4314597708878516,21.16530862068658,559.9367777042986,1600.9963612109786,65,LK
696,16,tüve,ve,CV ,1,ɛ,1,0,off,0.2006939008591075,21.5580407458041,752.8639641352607,1455.8587467836965,65,LK
697,17,tampimaie.,tam,CVVC,0,a,2,0,ictus,0.1686416363368756,21.870668649901766,955.4965886828172,1498.2006178423485,65,LK
698,18,tampimaie.,pi,CV ,1,i,1,0,off,0.2821269118532932,22.376392267517893,559.4752327018739,1668.039091540204,65,LK
699,19,Leidsine,leid,CVVC,0,ei,2,1,ictus,0.3558264925726853,27.884524904961918,669.3424031695808,1254.3670687302936,65,LK
700,20,Leidsine,si,CV ,1,i,1,0,off,0.0476705348901198,28.253120290808734,480.5523603291112,1677.0838893994685,65,LK
701,21,ma,ma,CVVV,0,a,3,1,ictus,0.4140109153676796,28.728813108018286,1041.4539774391842,1437.5653788187085,65,LK
702,22,siis,siis,CVVVC,0,iiː,3,1,off,0.1785943757411878,29.10106702914043,383.2549384838253,1789.868897466917,65,LK
703,23,"kogemata,",ko,CV ,0,o,1,1,ictus,0.3727984522744521,29.568102988806068,797.2974478331333,1258.0614542928297,65,LK
704,24,"kogemata,",ge,CV ,1,ɛ,1,0,off,0.3085228570547187,30.000891996618936,742.2894740273684,1244.9998874708815,65,LK
705,25,kus,kus,CVVVC,0,u,3,1,ictus,0.2632812391709649,34.715544187670744,549.7980957005769,1179.8796373924583,65,LK
706,26,aga,a,V,0,a,1,1,off,0.1031082785795334,35.07949744801182,799.1207427342346,1526.63959867599,65,LK
707,27,aga,ga,CV ,1,ɑ,1,0,off,0.1336037414966071,35.241353458049886,787.6026856298414,1357.2455911373029,65,LK
708,28,salk,salk,CVVCC,0,al,3,1,ictus,0.3136258144549657,35.54297050359936,953.2518180981529,1377.495142737395,65,LK
709,29,oli,o,V,0,o,1,1,off,0.1281928342656542,35.9192153742504,802.6905264158635,1081.199215371183,65,LK
710,30,oli,li,CV ,1,ɪ,1,0,off,0.1392535629256386,36.12152417375307,424.1542847890636,2055.010135521256,65,LK
711,31,"sarapuida,",sa,CV ,0,a,1,0,ictus,0.3795034017322365,36.48892290268018,931.3925564472996,1371.6041040706093,65,LK
712,32,"sarapuida,",ra,C V,1,ɑ,2,0,off,0.2155676968932596,36.88156184768113,834.6015273734741,1424.0078655457164,65,LK
713,33,teine,tei,CVV,0,ei,2,1,ictus,0.4216250542176993,42.43967273431738,511.5888220871911,1236.965192254832,65,LK
714,34,teine,ne,CV ,1,e,1,0,off,0.2398163783707332,42.84647616716216,857.4046317690095,1020.3776234822318,65,LK
715,35,salk,salk,CVVCC,0,al,3,1,ictus,0.3240065023062328,43.207968106366856,990.6255391967418,1423.5936927451255,65,LK
716,36,"türnapuida,",tür,CVVC,0,y,2,0,ictus,0.2631193947373589,44.03411007074259,876.167606243799,1675.862605927991,65,LK
717,37,"türnapuida,",na,C V,1,a,2,0,off,0.2504389419789419,44.46207535133951,894.868272980327,1437.7088283533571,65,LK
718,38,kolmas,kol,CVVC,0,ol,2,1,ictus,0.3801031485869544,49.41966157763396,663.9041047926283,1036.2503761850023,65,LK
719,39,kolmas,mas,CVVC,1,a,2,0,off,0.1968736028228406,49.80682342272661,859.2241652616926,1334.5706962528143,65,LK
720,40,salk,salk,CVVCC,0,al,3,1,ictus,0.3294225677462989,50.23298997803386,931.8224122479056,1400.225667423406,65,LK
721,41,"kohlapuida,",koh,CVVC,0,o,2,0,ictus,0.2798164988964657,51.09918749524751,685.2323967665465,1265.350559659059,65,LK
722,42,"kohlapuida,",la,C V,1,a,2,0,off,0.2183933649923588,51.582610308381646,829.062390692206,1410.079016397138,65,LK
723,43,neljas,nel,CVVC,0,e,2,1,ictus,0.2872646603340314,57.35876460566899,706.6103259411743,1683.9843804103698,65,LK
724,44,neljas,jas,CVVC,1,a,2,0,off,0.2289614203133396,57.87551018861472,909.9987481703388,1544.0232795786271,65,LK
725,45,noori,noo,CVV,0,oː,2,1,ictus,0.4157777978518808,58.37175051316265,974.8055748909286,1161.346206557393,65,LK
726,46,noori,ri,CV ,1,i,1,0,off,0.2230080915751031,58.82721619171858,543.1671296703714,1527.343930420315,65,LK
727,47,"neidusida,",nei,CVV,0,ei,2,1,ictus,0.3288424401192173,59.22409499875901,653.7856393941344,1464.573343339532,65,LK
728,48,punapõs ki,pu,CV ,0,u,1,1,ictus,0.4190134389523194,64.58701962099943,536.3674724503411,1071.931411121638,65,LK
729,49,punapõs ki,na,C V,1,ɑ,2,0,off,0.291285654427142,64.99692211025067,990.2678687568244,1493.595082832779,65,LK
730,50,piigakesi.,pii,CVV,0,iː,2,1,ictus,0.3898409510378258,66.32398736194237,374.0722990015694,1316.7364758779015,65,LK
731,51,piigakesi.,ga,C V,1,a,2,0,off,0.2847153013197641,66.73791960770725,838.4525235893228,1526.5082710949252,65,LK
732,52,Ööd,ööd,VVVVC,0,øøː,3,1,ictus,0.5013352468684076,72.04379722917349,467.2739533633275,1894.8401215372508,65,LK
733,53,neil,neil,CVVVC,0,eil,3,1,off,0.3444481645915402,72.58750419904993,495.7098178473944,1680.2472561115046,65,LK
734,54,ööles,öö,V V,0,øː,2,1,ictus,0.4602053346591788,72.98983094867529,578.7326062360951,1519.2120491379792,65,LK
735,55,ööles,les,CVVC,1,e,2,0,off,0.2428077225809204,73.40627442635768,878.4414836978278,1552.8227689202895,65,LK
736,56,"virvekirja,",vir,CVVC,0,i,2,1,ictus,0.22304430330108,73.90379485150203,621.9669968041688,1295.6053857303375,65,LK
737,57,"virvekirja,",ve,CV ,1,e,1,0,off,0.2738645243063899,74.38376360544105,620.4455053771358,1535.127253807418,65,LK
738,58,sukad,su,C V,0,u,2,1,ictus,0.2724000902198185,79.37366489771762,548.0224646730895,1063.2419298873976,65,LK
739,59,sukad,kad,CVVC,1,a,2,0,off,0.2059308390022636,79.82849943310657,936.9690339986936,1481.3893600996537,65,LK
740,60,jalas,ja,CV ,0,a,1,1,ictus,0.3462285444129236,80.36389545134477,899.3473645192225,1415.9533438571714,65,LK
741,61,jalas,las,CVVC,1,ɑ,2,0,off,0.1826035165731099,80.70657013179769,990.0822203086304,1396.4574133192098,65,LK
742,62,saarekirja.,saa,CVV,0,aː,2,1,ictus,0.4079060766801632,81.21119190388109,918.8231252672288,1149.1480732794034,65,LK
743,63,saarekirja.,re,CV ,1,e,1,0,off,0.3065130456762972,81.65970322334586,576.4601229646896,1534.660340257318,65,LK
744,64,Ei,ei,VVVV,0,eiː,3,1,ictus,0.525799793940223,87.08819491570527,660.5396656873974,2754.1507865605304,65,LK
745,65,olnd,olnd,VVVCC,0,ol,3,1,off,0.2652356861908345,87.4837126557708,786.2384161602042,1328.7059352326955,65,LK
746,66,julgust,jul,CVVC,0,ul,2,1,ictus,0.3300307640080717,88.06100069645981,642.2556498051084,1522.5657737360473,65,LK
747,67,julgust,gust,CVCC,1,u,2,0,off,0.1815972559237764,88.39166222406999,718.0309381277294,1082.4973091294455,65,LK
748,68,juure,juu,CVV,0,uː,2,1,ictus,0.3781477904400816,88.92122995740897,604.349777043363,946.969684798114,65,LK
749,69,juure,re,CV ,1,e,1,0,off,0.3277866210361679,89.33297105686881,573.6776536731011,1619.3447080831647,65,LK
750,70,"minna,",min,CVVC,0,i,2,1,ictus,0.1879442750489204,89.70678787114443,538.6598323940389,1756.9821295967254,65,LK
751,71,"minna,",na,C V,1,a,2,0,off,0.1431267940757123,90.10363943653618,577.8122589981721,1171.8951724145818,65,LK
752,72,südant,sü,CV ,0,y,1,0,ictus,0.3855766164496117,94.46410508648668,520.7754785351924,1749.135072516351,65,LK
753,73,südant,dant,CVVCC,1,ɑ,3,1,off,0.1721324180578705,94.81181257096355,654.2583430142723,1112.0708733124852,65,LK
754,74,sülle,sül,CVVC,0,yl,2,1,ictus,0.3369525984482067,95.33186594397088,640.0809358616093,1706.8309541939773,65,LK
755,75,sülle,le,CV ,1,e,1,0,off,0.3085789686169136,95.74414058489351,721.4648442547665,1631.4671769395147,65,LK
756,76,rabadaie.,ra,CV ,0,a,1,0,ictus,0.3337833711123039,96.1764877735221,935.8504263016272,1478.448941832276,65,LK
757,77,rabadaie.,ba,CV ,1,ɑ,1,0,off,0.3198757306493007,96.61805535822276,824.1394404548732,1571.052387317162,65,LK
